0,0,1.3921113689095,-1.41176470588234,0.0,-1.43198090692123,0.0,-3.20197044334977,0.0,-2.26700251889167,2.21674876847289,1.57575757575759,10.8108108108108,3.84615384615384,-3.99999999999999,1.3859275053305,3.79487179487179,-10.6696935300794,2.11111111111111,0.662251655629145,3.41151385927506,1.26315789473683,8.38958534233365,0.0,-1.17073170731707,-7.89473684210526,-10.2088167053364,4.22222222222223,5.26315789473684,1.24740124740124,4.94071146245059,-3.79487179487179,-5.40540540540541,-15.625,-1.52284263959391,-16.7407407407407,-3.84615384615385,1.81268882175227,-7.99347471451876,-4.42930153321976,0.0,-2.08695652173913,8.0,0.950871632329629,2.92307692307693,-1.88087774294671,13.4328358208955,4.90322580645161,4.55665024630541,-3.04568527918781,-1.67741935483871,3.125,0.0,1.47783251231526,0.0,-6.42201834862384,3.17258883248731,-2.4707412223667,-2.53333333333334,3.2258064516129,-1.57273918741809,1.54838709677419,3.125,11.1111111111111,-7.39856801909307
0,0,0,-3.66441658630666,6.74460431654676,17.6296296296296,4.86257928118393,-8.15548780487805,-0.459418070444094,0.457317073170722,-0.459418070444094,-14.7627416520211,1.04347826086956,-1.05448154657293,-7.0555032925682,8.51979345955248,-1.04347826086956,-2.22222222222222,3.184165232358,-2.10896309314586,-9.00383141762453,0.571428571428576,0.0,-5.0,1.18577075098813,-1.19999999999999,3.56798457087752,-3.69999999999999,-5.26315789473684,-4.052573932092,-5.91647331786545,0.0,-2.86396181384246,-6.34517766497463,4.48484848484849,1.55131264916469,-1.57575757575759,1.55131264916469,-1.57575757575759,16.497975708502,0.0,-6.81081081081082,-3.4675615212528,-10.0985221674877,0.0,-4.77419354838709,-5.15603799185889,-1.6551724137931,2.55376344086022,-2.62068965517242,0.0,1.62822252374491,-0.820793433652538,0.0,2.53333333333334,-1.76390773405699,3.40760157273919,-1.73333333333333,9.09090909090909,0.0,-4.69543147208122,1.5,4.53460620525061,0.0,-91.7620137299771
0,0,0,-6.91994572591587,3.40760157273919,-15.2567975830816,-1.84615384615385,1.81268882175227,11.7333333333333,-4.31154381084839,2.44233378561736,-11.3293051359517,-7.99347471451876,-16.7619047619048,6.58362989323844,0.0,-3.30882352941176,3.20284697508896,-2.18181818181818,-2.23048327137547,15.6739811912226,3.62537764350453,5.42857142857143,-9.717868338558,0.0,-8.68824531516184,2.16666666666667,5.95611285266458,0.0,0.0,0.0,-12.1265377855887,-5.76208178438663,0.0,0.0,2.18181818181818,-2.23048327137547,-2.47619047619047,-2.5390625,-2.4,1.18577075098813,1.17187500000001,0.0,0.0,4.83271375464684,0.0,-10.2459016393443,2.4,-11.1111111111111,4.05117270788913,-1.29589632829375,-1.53508771929825,4.00000000000001,0.0,0.0,-10.2088167053364,4.22222222222223,0.0,1.3157894736842,0.0,-1.33333333333332,2.80777537796976,0.0,-5.94965675057208,-10.9137055837563
0,0,-5.94965675057208,14.6484375,-2.4,4.76190476190476,12.5,-2.21465076660988,4.24143556280587,-9.0747330960854,0.0,-2.18181818181818,-12.7049180327869,0.0,2.4,-2.45901639344263,-2.73684210526316,7.2265625,2.47619047619047,0.0,0.0,1.12994350282485,1.30111524163569,-5.078125,-2.4,-2.45901639344263,-2.73684210526316,5.0,-1.21457489878542,-1.22950819672132,0.0,-2.73684210526316,7.2265625,-12.280701754386,1.51187904967603,-1.53508771929825,-5.80046403712297,4.22222222222223,2.80777537796976,-5.94965675057208,0.0,0.0,0.0,-6.06796116504854,0.0,-6.18556701030928,1.52284263959391,1.5,0.0,0.0,-1.52284263959391,1.5,0.0,0.0,2.9126213592233,-6.18556701030928,0.0,0.0,-1.83727034120734,1.8041237113402,0.0,0.0,0.0,1.52284263959391,7.29411764705882
0,0,-21.7252396166134,0.0,-9.05923344947734,-4.36363636363637,4.18118466898955,4.33333333333333,17.1270718232044,19.5555555555556,-5.88235294117647,-3.15533980582524,8.44444444444444,2.80777537796976,0.0,7.4,9.09090909090909,-12.7049180327869,0.0,-5.39956803455724,0.0,2.52631578947369,-6.98198198198197,0.0,1.33333333333332,0.0,-2.97482837528604,12.6,0.0,-5.26315789473684,-2.59179265658748,2.52631578947369,-5.55555555555556,-5.88235294117647,0.0,2.74599542334096,4.16666666666666,8.80000000000001,7.0631970260223,0.0,-2.47619047619047,6.58362989323844,-2.18181818181818,-4.76190476190476,1.12994350282485,0.0,-6.19999999999999,4.76190476190476,-2.5390625,-6.44490644490646,6.05468750000001,-9.1684434968017,-4.22222222222223,4.05117270788913,-1.29589632829375,0.0,-4.27927927927927,-1.60183066361557,0.0,-2.82352941176471,2.74599542334096,-2.82352941176471,1.3921113689095,-1.41176470588234,-6.25
0,0,0,0,2.52631578947369,0.0,-2.59179265658748,0.0,0.0,0.0,-4.27927927927927,13.28125,0.0,-2.4,1.18577075098813,-1.19999999999999,-2.45901639344263,-5.39956803455724,5.12295081967213,-5.39956803455724,-5.94965675057208,2.88888888888889,-2.97482837528604,-2.82352941176471,2.74599542334096,-9.25,0.0,20.0,-5.26315789473684,5.0,0.0,-5.26315789473684,-6.98198198198197,0.0,-11.0,-6.66666666666667,-7.14285714285714,3.31491712707183,12.1359223300971,3.05882352941176,-3.15533980582524,0.0,1.67064439140812,4.11899313501144,5.61555075593952,-5.94965675057208,0.0,5.61555075593952,-2.88888888888889,0.0,1.3157894736842,-4.34782608695651,5.61555075593952,0.0,-5.94965675057208,-1.39211136890952,-2.86396181384246,1.41176470588234,-9.53608247422681,0.0,0.0,-3.46666666666666,6.25,0.0,-10.4972375690608
0,0,0,0,-3.09278350515464,0.0,5.82524271844661,-6.18556701030928,-3.46666666666666,0.0,3.35051546391752,0.0,-10.8571428571429,-3.55029585798817,0.0,-4.0,7.14285714285714,-7.69230769230769,-1.88087774294671,1.84615384615385,0.0,-3.83386581469649,3.6923076923077,13.3333333333333,6.25,0.0,-3.09278350515464,0.0,0.0,-3.46666666666666,11.7647058823529,2.74599542334096,0.0,-2.82352941176471,8.207343412527,2.52631578947369,-5.55555555555556,-4.40835266821347,-2.86396181384246,1.41176470588234,-3.15533980582524,-3.0,2.9126213592233,-6.18556701030928,0.0,4.43349753694581,0.0,4.47058823529413,5.55555555555556,-5.88235294117647,0.0,2.74599542334096,0.0,-7.63546798029558,-1.49999999999999,-3.09278350515464,-3.46666666666666,0.0,-1.6260162601626,3.1496062992126,-1.6,3.35051546391752,-5.1490514905149,-1.93370165745856,6.70103092783505
0,0,0.0,0.0,0.0,0.0,6.70103092783505,3.0,1.47783251231526,-1.49999999999999,-3.09278350515464,-7.18232044198894,-1.68539325842697,-5.32544378698225,6.62983425414365,3.46666666666666,-7.14285714285714,0.0,-1.74418604651163,4.97237569060774,0.0,0.0,9.5,0.0,2.9126213592233,3.05882352941176,-3.15533980582524,-6.18556701030928,0.0,0.0,-3.46666666666666,3.35051546391752,-8.98876404494382,1.65745856353591,-1.68539325842697,3.5230352303523,1.6,4.82233502538071,-1.54639175257732,-3.46666666666666,4.82233502538071,-5.06666666666667,3.35051546391752,0.0,-3.46666666666666,6.25,-3.09278350515464,0.0,0.0,0.0,0.0,3.0,1.47783251231526,-1.49999999999999,2.9126213592233,-3.0,-3.09278350515464,3.0,-1.52284263959391,-1.54639175257732,0.0,0.0,-1.83727034120734,1.8041237113402,-10.8571428571429
0,0,0.0,0.0,-1.49999999999999,0.0,5.88235294117647,2.74599542334096,20.5454545454545,-12.7049180327869,4.6875,2.47619047619047,-13.3909287257019,7.4,-5.26315789473684,2.66393442622951,2.4,-2.45901639344263,0.0,0.0,-5.39956803455724,1.27931769722816,-4.22222222222223,0.0,-2.97482837528604,2.88888888888889,1.3157894736842,4.00000000000001,-2.59179265658748,5.12295081967213,0.0,1.21457489878544,-1.22950819672132,1.21457489878544,-1.22950819672132,0.0,-5.39956803455724,1.27931769722816,-1.29589632829375,0.0,0.0,-1.53508771929825,-1.33333333333332,-2.97482837528604,0.0,2.88888888888889,-2.97482837528604,-1.39211136890952,-1.41176470588234,0.0,-11.5485564304462,-5.24861878453039,3.46666666666666,4.82233502538071,-1.54639175257732,0.0,-8.98876404494382,-1.71428571428572,0.0,0.0,0.0,6.66666666666667,-3.59116022099447,-3.42857142857143,0.0
0,0,0,1.5,2.9126213592233,-3.0,2.9126213592233,0.0,0.0,3.05882352941176,-3.15533980582524,8.44444444444444,-1.35135135135134,-7.76699029126214,-3.0,1.47783251231526,0.0,7.0938215102975,0.0,-7.63546798029558,0.0,-1.49999999999999,2.9126213592233,0.0,0.0,1.67064439140812,1.41176470588234,-3.15533980582524,-1.47783251231528,1.45631067961166,-6.18556701030928,4.43349753694581,-3.04568527918781,-1.54639175257732,0.0,-1.83727034120734,0.0,-1.6,-1.6260162601626,-1.93370165745856,1.8970189701897,3.1496062992126,-1.6,-3.59116022099447,1.8970189701897,-1.93370165745856,1.8970189701897,-1.93370165745856,1.8970189701897,1.6,4.82233502538071,-1.54639175257732,4.43349753694581,-3.04568527918781,0.0,0.0,-1.54639175257732,3.0,-6.66666666666667,-1.6260162601626,0.0,-3.65168539325842,-1.71428571428572,0.0,-51.5151515151515
0,0,0,0,-3.48837209302326,0.0,-3.92749244712991,3.77906976744186,-3.92749244712991,0.898203592814365,1.18343195266272,-4.0,-6.20915032679738,-6.62020905923345,2.38095238095238,-6.90909090909091,0.0,4.18118466898955,4.33333333333333,0.0,-4.52961672473867,-2.13523131672598,2.09059233449478,-6.6914498141264,2.18181818181818,-10.0,4.58015267175573,-2.34375,1.15830115830115,-1.17187499999999,2.29007633587786,0.0,-10.0840336134454,2.45901639344263,0.0,6.87022900763359,-3.55731225296444,5.94795539033458,-7.6,2.34375,2.29007633587786,0.0,-6.07287449392712,3.51562499999999,-4.91803278688525,-2.52100840336135,-8.67579908675799,-3.30188679245282,-2.9126213592233,-6.18556701030928,8.49056603773585,5.77777777777777,6.6390041493776,-4.32900432900433,7.6,-3.73443983402489,-2.991452991453,-1.29870129870129,0.0,-2.66666666666667,2.5974025974026,-5.47945205479453,0.0,5.1948051948052,-29.7752808988764
0,0,-3.30188679245282,-2.9126213592233,0.0,-4.56852791878173,1.5,2.9126213592233,-4.56852791878173,-1.54639175257732,-3.19148936170213,6.00000000000001,-6.38297872340426,-7.42857142857142,-5.42168674698796,-4.40251572327043,2.45398773006134,3.55029585798817,0.0,-3.68098159509203,-6.53594771241829,-2.0,5.66037735849057,-1.92307692307692,4.29447852760735,0.0,6.85714285714286,12.5,2.9126213592233,2.83018867924529,-9.27835051546393,0.0,0.0,-3.19148936170213,6.00000000000001,-3.09278350515464,-3.19148936170213,0.0,0.0,0.0,6.00000000000001,-10.4972375690608,3.72340425531914,0.0,-15.3374233128834,3.55029585798817,-12.6666666666667,14.2857142857143,-7.36196319018406,1.80722891566265,-1.84049079754601,0.0,15.979381443299,-3.19148936170213,0.0,3.09278350515464,-3.19148936170213,0.0,1.57068062827225,-5.52486187845303,3.72340425531914,0.0,-7.42857142857142,1.68539325842697,-67.9245283018868
0,0,0,3.31491712707183,0.0,3.72340425531914,-7.42857142857142,0.0,-1.74418604651163,0.0,-1.77514792899408,-17.3611111111111,4.0,0.0,-4.16666666666667,-5.10948905109488,0.0,-9.60000000000001,19.8717948717949,10.8571428571429,-7.36196319018406,6.85714285714286,-12.1794871794872,-13.8686131386861,4.8611111111111,-5.10948905109488,-4.58015267175573,-4.8,2.34375,-2.4,2.34375,17.9487179487179,4.29447852760735,0.0,0.0,3.55029585798817,-3.68098159509203,0.0,3.55029585798817,0.0,0.0,0.0,-3.68098159509203,-8.66666666666666,-4.16666666666667,-5.10948905109488,0.0,-9.60000000000001,-5.04201680672269,0.0,0.0,0.0,-9.17431192660549,2.67857142857143,-5.66037735849057,5.35714285714286,5.88235294117646,4.8,4.58015267175573,-4.8,3.84615384615385,-2.36220472440945,-6.72268907563026,-12.2641509433962,22.6277372262774
0,0,0,0.0,5.66037735849057,0.0,22.6277372262774,-2.23880597014926,-4.6875,2.29007633587786,0.0,4.37956204379562,4.8611111111111,-5.10948905109488,0.0,0.0,-9.60000000000001,0.0,4.58015267175573,2.23880597014926,-2.29007633587786,4.37956204379562,-4.58015267175573,-2.34375,2.29007633587786,2.23880597014926,-7.20000000000001,8.75912408759125,-4.58015267175573,0.0,0.0,9.02777777777777,4.0,3.84615384615385,-8.33333333333334,4.0,0.0,-4.16666666666667,0.0,0.0,0.689655172413794,-5.83941605839415,2.8368794326241,-2.91970802919707,2.8368794326241,-7.63358778625953,9.02777777777777,-9.9236641221374,4.37956204379562,0.0,0.0,-4.58015267175573,0.0,4.37956204379562,4.8611111111111,0.0,-5.10948905109488,4.8611111111111,0.0,4.0,-6.38297872340426,-2.91970802919707,8.66666666666666,-9.4890510948905,29.3814432989691
0,0,0,3.84615384615385,0.0,-8.33333333333334,-5.10948905109488,0.0,4.8611111111111,-5.10948905109488,4.8611111111111,4.0,-9.4890510948905,0.0,0.0,8.66666666666666,-2.04081632653061,-2.08333333333334,0.0,0.0,0.0,4.0,-4.16666666666667,7.6923076923077,0.0,0.0,-4.0,0.0,-4.16666666666667,4.0,3.84615384615385,0.0,-6.12244897959184,-2.08333333333334,7.6923076923077,4.29447852760735,-4.48717948717948,0.0,-4.0,5.66037735849057,-1.92307692307692,-1.96078431372549,-2.0,3.84615384615385,-8.33333333333334,0.0,0.0,7.6923076923077,0.0,-4.0,7.97546012269938,13.2978723404255,3.09278350515464,8.49056603773585,-2.9126213592233,-9.57446808510639,-7.42857142857142,3.31491712707183,0.0,-7.10059171597634,10.1063829787234,-3.86740331491712,3.72340425531914,3.09278350515464,40.3076923076923
0,0,0,8.22510822510822,5.32786885245901,0.0,-2.52100840336135,9.16030534351146,15.210355987055,-3.0,4.15335463258786,-9.05923344947734,-6.6914498141264,-2.67175572519083,-2.34375,4.83271375464684,6.27177700348433,-4.36363636363637,25.4742547425474,11.9331742243437,2.78422273781901,-7.74999999999999,-4.98687664041995,1.8041237113402,1.52284263959391,1.5,2.9126213592233,1.67064439140812,-6.34517766497463,-3.41207349081365,3.2994923857868,0.0,-8.83977900552486,9.5,-3.09278350515464,0.0,1.52284263959391,0.0,-12.5714285714286,-1.74418604651163,-3.92749244712991,0.898203592814365,2.90697674418605,0.0,6.77506775067751,1.6,-3.59116022099447,-1.68539325842697,1.65745856353591,0.0,-1.68539325842697,1.65745856353591,3.46666666666666,-1.6260162601626,-3.65168539325842,1.65745856353591,-5.23255813953489,1.71428571428572,-5.74018126888217,5.42857142857143,-5.74018126888217,-1.84615384615385,3.84615384615384,-4.0,18.1360201511335
0,0,0,0.0,-4.33333333333333,0.0,-2.04081632653061,2.0,-2.04081632653061,3.92156862745098,5.84615384615384,3.84615384615384,-2.11480362537764,-3.76175548589342,0.0,5.62130177514793,-4.0,-1.88087774294671,0.0,3.62537764350453,-1.84615384615385,0.0,0.0,0.0,0.0,1.81268882175227,0.0,-1.84615384615385,0.0,0.0,1.81268882175227,-1.84615384615385,0.914634146341457,4.65116279069768,0.0,0.0,-3.92749244712991,-1.84615384615385,0.914634146341457,-0.923076923076917,0.0,-3.83386581469649,-6.4625850340136,0.0,2.0,0.0,4.15335463258786,7.39644970414201,0.879765395894435,4.21348314606741,-5.32544378698225,-4.0,0.0,3.84615384615384,-7.98722044728434,-4.33333333333333,5.95611285266458,-4.24836601307189,7.55287009063444,10.2981029810298,6.34517766497462,1.5,-1.52284263959391,0.755667506297235,12.9385964912281
0,0,0,11.6009280742459,-1.41176470588234,5.55555555555556,1.3157894736842,-1.33333333333332,2.80777537796976,-4.27927927927927,4.10367170626349,-1.53508771929825,-1.33333333333332,11.0671936758893,0.0,2.50481695568402,-6.35245901639345,-5.39956803455724,6.27530364372471,1.19999999999999,-2.45901639344263,3.55731225296442,-2.42914979757083,1.19999999999999,-1.21457489878542,0.0,-5.33049040511727,-8.81670533642693,-1.41176470588234,-6.25,2.9126213592233,-1.47783251231528,3.10262529832937,1.41176470588234,-1.43198090692123,-7.9896907216495,4.43349753694581,11.5468409586057,0.863930885529158,-1.53508771929825,10.9375,2.47619047619047,-6.27530364372469,-8.33333333333335,6.55737704918033,1.21457489878544,1.19999999999999,-3.95010395010396,-5.48245614035088,1.51187904967603,-4.27927927927927,-3.01624129930396,0.691244239631342,-8.5,7.19257540603247,6.91144708423327,3.74220374220374,0.0,3.80000000000001,-7.99136069114471,-10.5011933174224,8.11403508771928,0.0,0.0,25.6117455138662
0,0,0,8.90688259109313,-4.00000000000001,-5.55555555555556,1.3157894736842,4.00000000000001,-4.16666666666668,3.38983050847458,-1.9438444924406,-2.88888888888889,2.80777537796976,-4.27927927927927,2.6315789473684,7.69230769230771,2.37154150197627,1.17187500000001,5.88235294117648,-3.61904761904763,3.49264705882354,0.0,5.39130434782608,-3.41726618705037,-1.09090909090908,-1.10294117647058,3.20284697508896,-2.18181818181818,11.1470113085622,0.959999999999994,-1.95758564437194,1.92,-0.482315112540197,-2.64026402640264,-2.02020202020201,6.89655172413792,14.247311827957,0.799999999999995,6.25,-3.2258064516129,-6.89655172413793,10.7142857142857,-2.26700251889167,-2.05655526992288,-4.56989247311828,0.0,6.29722921914358,-2.45161290322581,-2.51322751322752,-3.41997264021888,0.814111261872463,0.0,4.90322580645161,-5.15603799185889,-2.50347705146036,-15.04,8.22320117474302,-4.76923076923076,-3.01109350237719,-0.959999999999994,-1.95758564437194,-11.4545454545455,6.30323679727428,4.24143556280587,21.5108834827145
0,0,1.76211453744492,-10.016155088853,-2.14521452145216,3.04000000000001,-9.84182776801405,-9.63391136801541,-1.36718750000001,-4.27698574338085,-2.07900207900209,7.32177263969173,5.63636363636363,-1.10294117647058,-4.81695568400771,-5.06072874493927,0.0,3.51562499999999,5.88235294117648,3.20284697508896,1.23022847100176,8.07754442649435,-2.14521452145216,6.76923076923077,-0.931677018633534,1.82926829268291,0.90634441087614,-0.914634146341471,-0.923076923076917,6.34005763688761,-4.83383685800605,-0.914634146341471,-2.82131661442006,0.0,-1.10935023771791,3.8109756097561,6.28571428571429,3.44827586206897,-4.46685878962535,-0.43415340086831,-0.436046511627911,-1.92592592592592,-0.896860986547079,-1.05740181268883,-3.27613104524181,-2.56,0.0,0.0,9.15697674418604,-1.92592592592592,-4.81366459627329,0.0,0.923076923076917,7.53911806543386,-4.14814814814815,3.57142857142857,1.26939351198871,0.421348314606745,2.1978021978022,0.410396716826257,2.53333333333334,5.54156171284635,-2.45161290322581,0.768245838668369,32.7882960413081
0,0,0.0,2.49017038007863,-1.73333333333333,0.0,-3.44827586206897,0.820793433652526,0.0,1.747311827957,-1.77838577291383,-2.66853932584269,0.973574408901256,-0.983146067415734,0.973574408901256,-5.58002936857564,0.0,-4.76923076923076,-4.0,-1.95758564437194,0.0,9.98531571218795,-2.87009063444108,7.02247191011236,0.0,-0.849858356940517,0.84269662921349,2.59917920656634,0.0,-1.66898470097356,-0.983146067415734,5.06666666666667,3.2258064516129,-2.51322751322752,-1.61290322580644,-0.949796472184536,-0.820793433652538,-4.42857142857142,5.02035278154681,1.73333333333333,-3.02197802197802,-4.89913544668588,1.69971671388101,6.61375661375661,-0.799999999999995,3.96927016645326,0.0,6.80190930787591,6.26398210290826,-5.92417061611374,0.705882352941182,0.700934579439258,1.49597238204832,-2.59740259740258,2.86697247706422,11.7408906882591,-1.33333333333334,1.31578947368422,1.19999999999999,1.18577075098813,3.06513409961686,13.0,1.07172300082441,-4.38898450946645,-66.0
0,0,0,0,0,0.482315112540183,7.85185185185186,-9.04684975767366,-5.90248075278017,9.65996908809892,-10.6928999144568,-1.65217391304347,-3.97830018083182,6.35055038103302,-9.25069380203515,2.26039783001808,-0.271985494106991,-0.272727272727267,3.33919156414763,-3.45454545454546,-4.16666666666666,-4.34782608695653,1.26829268292684,4.11599625818522,8.00344234079174,-5.06329113924049,-5.33333333333334,4.02193784277879,-2.91627469426151,0.0,0.0,-1.23809523809525,0.0,7.7328646748682,15.7037037037037,8.84537474679271,-4.88668555240794,-4.59259259259259,-0.972326103216161,1.40117994100296,-1.87828700225394,-0.452830188679249,-2.87267080745341,-3.53697749196143,0.0,3.86398763523957,5.06236243580338,-2.40420736288505,0.967261904761897,1.82615047479912,-0.440205429200284,-0.962962962962969,-4.81366459627329,-2.54777070063694,-4.66666666666667,-3.27022375215147,-11.3026819923372,-1.85365853658536,6.3071297989031,-7.36015701668302,-2.51509054325956,-1.32517838939856,3.06324110671936,-44.5714285714286,3.44827586206897
0,0,5.10752688172044,-5.38243626062324,5.10752688172044,-3.47705146036161,4.13333333333333,1.70380078636959,-12.0411160058737,-13.5,7.69230769230769,-9.42760942760942,7.7639751552795,3.73692077727952,-16.3478260869565,7.10823909531503,-5.45144804088587,-5.57553956834533,-3.34572490706319,-3.66088631984585,9.7391304347826,-4.54545454545455,17.7877428998505,7.72413793103448,1.62822252374491,-1.6551724137931,-5.37790697674419,4.31154381084841,-3.60230547550432,3.47705146036161,-0.983146067415734,3.3921302578019,-4.39093484419264,-0.857142857142852,0.849858356940504,5.86666666666667,0.0,6.94789081885857,4.50236966824643,0.0,-8.06658130601793,2.375,3.03030303030303,2.25118483412322,0.0,-2.3030303030303,1.55131264916469,2.10280373831775,-0.705882352941182,-3.03030303030303,-0.732600732600739,1.08695652173913,2.58823529411765,-4.67980295566503,-1.49999999999999,-0.755667506297224,-4.06290956749673,-2.55376344086021,-3.47705146036161,4.89417989417988,-1.61290322580644,2.49017038007863,-0.92592592592593,-4.27586206896551,29.6799224054316
0,0,-3.48837209302326,-9.03328050713154,4.68277945619336,0.0,1.48809523809523,-0.448430493273533,0.888888888888883,6.89655172413793,1.62822252374491,0.0,0.0,2.51322751322751,0.917431192660554,-0.92592592592593,4.78589420654913,0.0,-3.65535248041776,1.16129032258064,4.55665024630541,-2.26700251889167,3.75757575757575,-3.90428211586901,3.05250305250304,2.96208530805687,0.705882352941182,1.3921113689095,-6.55129789864029,-2.66497461928934,1.5,0.0,-2.43277848911652,-0.774193548387092,3.48692403486923,2.66666666666667,14.2411642411642,-1.26315789473683,-4.85651214128035,0.0,3.71944739638682,-1.07411385606874,0.0,0.0,1.37711864406779,3.17948717948718,2.5,0.299102691924221,3.9272030651341,-2.45338567222767,-3.13765182186233,2.37154150197627,0.0,0.686947988223752,6.85557586837294,1.08499095840869,2.210433244916,-0.265957446808521,-0.266666666666661,-1.71790235081374,-5.63514804202483,1.50517403574788,-3.10378273520854,0.0,-3.72233400402416
0,0,0.272727272727267,6.85859441151567,-4.97777777777778,0.530503978779845,1.65217391304347,1.03270223752151,1.10638297872341,-4.44444444444444,0.0,-4.65116279069767,-2.96934865900384,1.41643059490085,4.76618705035971,4.30292598967298,-5.06329113924049,-0.54545454545455,-10.0,0.0,9.09090909090909,1.69794459338695,1.66959578207382,-1.15555555555556,4.25531914893617,3.60951599671862,-1.07794361525704,-1.60067396798653,-2.15146299483649,-2.10896309314586,-5.27289546716004,-2.36742424242424,2.5830258302583,1.45454545454546,-2.32558139534884,-2.38095238095238,0.0,-3.75494071146246,-3.16004077471966,1.30784708249496,-0.6072874493927,0.0,1.78926441351888,-4.57380457380459,-3.99999999999999,-10.381861575179,11.228813559322,5.6,-2.56410256410256,-8.33333333333333,-4.40835266821347,0.80552359033372,0.685714285714291,9.04365904365904,-1.26315789473683,-2.7027027027027,-2.77777777777778,4.05117270788913,-0.751879699248123,0.746268656716421,-0.751879699248123,-1.3057671381937,2.64830508474576,5.03018108651912,20.096463022508
0,0,0,0,0,6.57142857142857,0.568181818181823,0.658513640639702,0.374882849109645,2.46800731261426,7.83487784330244,-6.07685433422699,-1.17540687160939,3.82608695652173,8.0,-8.13148788927335,7.52,-4.16666666666667,2.75526742301459,-1.23051681706317,3.71248025276462,-2.26171243941841,-2.06100577081616,-1.08333333333334,3.30378726833199,6.33962264150943,-4.41292356185974,4.00907715582452,-0.76219512195123,0.981132075471704,-2.15882806476484,2.99177262528047,-2.84615384615384,-3.50318471337579,1.02442868400314,-2.25624496373892,-3.67585630743525,-1.35478408128705,-4.42086648983201,3.00171526586621,0.76595744680851,-1.38050043140639,-1.57756354075372,0.523103748910205,-1.41467727674624,-2.26039783001808,0.0,-1.65441176470588,5.88235294117647,1.36518771331058,6.23999999999999,4.28790199081164,0.0,-2.9156816390859,3.79075056861259,0.452830188679249,0.0,-5.4936305732484,-0.964630225080394,-2.05086136177194,-3.74468085106383,2.32751454696591,0.824402308326475,2.49196141479099,-39.1498881431767
0,0,0,0.0,-0.47281323877069,-2.50403877221324,0.482315112540183,-4.18760469011725,-4.37062937062937,1.54905335628227,-0.519031141868501,-1.5817223198594,-0.618921308576484,-0.533333333333338,-1.71790235081374,-1.37488542621449,3.53669319186561,2.66781411359724,-4.77908025247971,1.42222222222222,0.793650793650792,5.0251256281407,-1.61702127659574,3.13272877164057,-1.08333333333334,-1.09519797809605,-1.02127659574467,1.59128978224455,0.0,-2.13857998289136,-1.12456747404843,1.1120615911035,-2.36427320490367,-2.69784172661871,3.30434782608696,0.0,-2.22222222222222,-6.5340909090909,-0.859598853868193,0.28571428571428,2.32558139534884,1.73674588665447,-1.76744186046511,0.0,-1.12888052681091,-0.949667616334297,0.94073377234244,-1.23809523809525,-1.84287099903006,-1.87747035573124,-0.897308075772681,-0.299999999999994,-5.93220338983051,4.45344129554657,0.0,-0.40650406504066,-0.923076923076922,-2.63157894736842,-2.7027027027027,-3.4675615212528,-3.23325635103925,4.73047304730473,-1.67785234899329,0.0,-22.8021978021978
0,0,-2.14205186020295,-3.98593200468933,9.06183368869937,5.06072874493927,-4.00000000000001,0.627615062761511,4.4,1.18577075098813,1.84287099903008,0.0,5.2389705882353,-9.45674044265595,-3.97489539748953,-3.01724137931036,0.322234156820635,-0.323275862068978,-0.650759219088923,2.94736842105262,3.16004077471968,0.708502024291501,-1.33333333333334,-8.33333333333333,0.0,2.7027027027027,-2.77777777777778,0.332225913621255,-5.49065420560746,2.17142857142857,-6.06060606060606,-3.125,-0.755667506297224,2.21674876847289,-0.744416873449116,-1.51133501259446,-3.25097529258778,-0.78636959370905,-7.6163610719323,-3.05232558139535,-6.83229813664595,-7.33333333333334,-9.6892138939671,6.81431005110733,2.16666666666667,-3.80622837370242,1.53321976149915,8.85093167701864,-21.2806026365349,5.51601423487545,14.3292682926829,-4.45859872611464,-0.480000000000004,-0.969305331179315,-3.16666666666667,1.47783251231527,-0.995024875621884,20.9698558322411,4.625,-12.3595505617978,0.0,9.64467005076142,5.17448856799038,-14.1483516483517,34.3552750225428
0,0,-6.51851851851853,-0.896860986547079,-13.1979695431472,0.505050505050509,3.0995106035889,-7.73286467486818,3.06643952299829,6.52866242038217,-3.11986863711002,11.4825581395349,6.26702997275204,1.34408602150538,-2.62068965517242,24.9482401656315,-6.97674418604652,-0.66889632107022,-1.8161180476731,2.11111111111111,0.0,7.69230769230769,1.91146881287726,1.19284294234593,3.36215177713736,-1.5609756097561,2.38095238095238,1.77736202057998,-4.29268292682926,-5.12820512820513,-1.35135135135136,0.0,3.21931589537224,-1.32517838939856,0.708502024291501,1.19999999999999,-0.300902708124367,4.77554918815664,-1.84824902723737,-5.43589743589743,1.31578947368422,-7.50816104461372,-1.43487858719646,0.766703176341734,1.93340494092373,1.99999999999999,-6.26398210290828,-2.5229357798165,3.75275938189845,-1.34228187919464,-1.47559591373438,-2.92056074766355,8.05585392051557,1.06269925611052,-1.40086206896553,1.06609808102347,11.7591721542803,2.29779411764706,3.28888888888888,-4.65116279069767,1.19485294117648,5.63746747614916,-1.31810193321616,-2.61496844003608,18.6353631694791
0,0,0,0,0,6.61224489795919,3.92156862745098,8.53658536585366,0.0,0.0,-7.23076923076923,-6.6447908121411,2.71348762968875,6.77083333333333,4.40967283072547,0.916138125440444,-0.4957507082153,-1.29124820659971,8.59016393442623,1.23056994818653,2.34029095509172,-1.60668380462725,-0.387096774193552,1.96078431372549,-3.67213114754099,0.0,-1.26162018592297,1.05124835742444,-0.197498354180389,-2.5658338960162,-3.92982456140351,-2.66570605187319,-0.361532899493859,-1.02264426588751,-2.62368815592204,-7.75444264943456,-2.65339966832504,13.6721546170365,-3.48148148148149,2.24475018102824,1.56806842480398,2.16178521617853,-2.42857142857143,-2.26442658875092,3.92982456140351,5.0,1.83246073298429,-1.66333998669328,0.0,0.857519788918211,0.197498354180378,-1.67336010709505,0.59880239520958,0.660938532716467,5.08155583437891,0.375000000000003,-1.58730158730159,0.379506641366227,-3.26583932070542,0.841968911917092,-6.04395604395604,-8.33333333333334,-0.976709241172043,2.34776228906823,-17.9065743944637
0,0,0,-6.13107822410149,-7.09433962264151,5.76102418207682,-0.428571428571432,1.96078431372549,1.92307692307693,0.0,1.48849797023003,1.66333998669328,-4.52016689847009,-0.489168413696718,1.3103448275862,-2.69121813031162,2.21606648199446,-2.7027027027027,-3.15480557593543,-10.0969305331179,3.3567525370804,4.18848167539266,-3.32302936630603,2.11800302571862,-4.75435816164819,-2.51827782290819,-0.736497545008182,-1.83333333333334,0.249376558603486,0.496277915632759,2.81350482315112,-3.66666666666666,1.07172300082441,-3.7639007698888,-2.18531468531469,3.1329381879763,-1.28644939965695,2.58980785296575,-1.35478408128705,-0.7679180887372,-2.44755244755246,7.59289176090469,4.76923076923076,-4.0,-0.482315112540197,3.41614906832299,5.50256786500367,-5.33230293663061,0.690713737528779,-0.462606013878171,-2.20646178092987,-10.3478260869565,0.0,4.16666666666667,4.0,0.950871632329629,1.25195618153365,2.14395099540583,-0.461538461538465,0.0,-3.50318471337579,-4.66666666666667,3.06946688206786,-7.09342560553633,19.7779319916724
0,0,0.487408610885463,-2.32751454696593,4.21974522292995,2.48447204968944,-1.49724192277385,1.93199381761978,0.918836140888216,0.0,-1.39751552795031,-3.04000000000001,-1.29659643435981,1.7515923566879,0.475435816164808,1.01960784313726,-2.0,0.950871632329629,1.01960784313726,-1.03011093502378,3.36906584992344,2.82738095238095,-3.38461538461538,12.9852744310576,0.59880239520958,1.0533245556287,-1.26666666666666,9.42028985507246,-4.28211586901762,-1.21096239643086,10.6492027334852,2.11817168338909,-1.8161180476731,-2.14492753623189,-2.80095351609058,-0.179104477611947,4.12135088723525,3.95821880153932,1.67567567567567,-1.53677277716795,-0.164925783397458,-0.887409872434832,2.85560344827585,-11.6055321707757,2.86214953271029,2.50569476082003,4.77223427331889,2.63991552270327,-2.37837837837839,-1.81618051733626,2.78223649010166,-4.12256267409472,-9.18491484184914,-6.27020038784745,6.58212560386472,0.600240096038424,-1.33819951338199,1.32052821128451,-0.969696969696971,-5.3639846743295,-1.42487046632125,-10.2857142857143,2.37099023709902,0.485773768216518,41.3273615635179
0,0,1.34701731879409,5.68663036902602,-2.54342431761787,13.4264232008593,-1.3057671381937,-1.37892995035852,1.14503816793894,-1.15830115830116,-1.79674340258282,-6.13825983313467,4.44191343963552,1.56950672645741,-1.01925254813137,0.507042253521126,-1.25499144324015,-1.09573241061131,-3.52238805970149,-1.51515151515152,6.56851642129105,3.23287671232877,1.98711063372718,-0.485698866702644,-2.03744493392071,5.21920668058455,4.2,0.941059930658748,-0.648055832502505,3.18532818532819,-1.07317073170731,-3.48308934881374,4.80538202787122,-0.289156626506018,-0.14478764478765,-2.47279920870425,10.1333333333333,-2.55241567912488,1.65844912595248,2.61894369271061,-2.41394725078229,-5.27058823529412,2.02858460119871,1.00410771337288,1.12815884476534,-0.727272727272728,-0.410771337288908,-1.67053364269141,-0.513059701492535,-3.97672162948594,-3.1,1.52634170359428,1.215953307393,10.1398601398601,4.66666666666667,1.55865463494667,4.87709715177526,-0.509803921568624,4.88623647892577,-2.13333333333333,-1.42967542503864,0.0,-6.45824763471822,1.01791530944625,46.8972972972973
0,0,0,0,2.79465370595383,4.92876395841354,11.9661016949153,8.15691158156911,-3.61290322580644,0.193174500965868,3.51040695868282,6.61444734551784,5.56164383561644,0.761283306144647,5.08387096774193,-0.806451612903232,-4.22993492407808,0.99328859060402,-1.36054421768707,-0.767754318618045,-3.46099290780142,-6.30277442702052,8.22031552726268,4.44326897646125,8.20587521243019,4.47588126159555,8.74074074074075,14.8648648648649,-3.50615441999255,11.3719008264463,4.01396160558464,-3.97558561530849,-0.29781601588352,13.7310876391664,16.9708461720787,7.27472527472528,-9.89010989010989,1.60408745247148,3.4086996442098,2.91922005571031,6.45194913487596,2.16194166836631,-3.76719576719577,-1.61290322580645,4.00495458298926,-6.90796733612888,-14.3470031545741,-7.50135648399349,-3.19148936170213,-10.7596899224806,-14.1592920353982,-1.00107257776189,-6.61330283971793,-4.60526315789474,-15.9768786127168,9.42408376963351,9.27227816834506,-3.19607843137255,1.27758420441347,8.96916299559472,-4.60829493087558,-17.3734314149719,-3.65552814532405,3.58918918918918,1.84634974533106
0,0,0,0,0,3.14172678612986,2.47389922832502,-0.341607834206344,-6.03718908476214,-22.9148115167706,-4.8879202988792,1.16923076923078,-11.8375774260151,-8.63551401869158,9.32203389830508,2.47933884297521,-17.887763055339,-8.63674851820491,9.81290568919435,-6.37692932575142,0.765820233776694,6.79939894815929,24.6105919003115,-8.11390079608085,-8.39694656488549,2.90041894940381,8.73529411764705,-12.396694214876,-9.88013076643661,-8.9003164556962,17.1147540983607,-1.87040748162992,-2.5693730729702,22.428913101249,-7.51428571428572,-5.64443102927859,3.27007299270072,-5.77516985793699,-5.67885117493473,2.54452926208652,6.84444444444444,-12.9896216940074,14.9487471526196,4.09612233752048,2.68402870050493,17.0780079330101,9.13095714857828,0.120000000000005,0.950871632329629,-31.1168831168831,-1.47601476014761,5.43369890329013,1.8590998043053,2.66666666666666,7.18232044198895,-2.25988700564972,-1.72413793103448,-7.40740740740741,-3.5276073619632,-1.92808754559665,6.11545988258317,7.09090909090909,-0.871160018340217,7.42784380305603,-22.0093215950285
0,0,0,0,0,-2.70086246028143,0.0,7.24210526315789,1.2884455527847,-1.30526315789473,-8.57142857142857,2.10337883195345,2.84782608695653,-1.79243195397212,-4.48554913294797,0.711662075298444,-4.66122056703509,-1.215953307393,-5.11247443762781,0.962025316455703,-1.77789229580005,-7.44739756367665,-9.05797101449276,7.69230769230771,6.04870384917516,-1.00502512562813,-6.50704225352113,1.05908584169454,2.7114967462039,-10.4853205512283,-11.3408939292862,5.75290789060044,2.48313917841814,2.27681246255244,5.59954751131221,-1.75539568345324,2.7972027972028,-2.14285714285714,10.1181304571135,1.71630489651691,10.4632768361582,2.49008373732923,0.808743169398901,1.08108108108108,4.8745372274784,-5.83369612538093,-18.3715537232672,9.86994890849977,-1.17481203007519,-2.25852955309948,6.59784560143628,1.93661971830985,-0.709219858156029,-10.8871958712214,-5.52385892116181,6.94980694980694,-0.460606060606055,1.78571428571429,4.54545454545455,-4.76190476190476,-7.17019647869355,-3.13157894736842,4.85728592889333,-3.41791817711031,-23.0720203951561
0,0,0,-5.70588235294117,3.90050876201244,-8.03053435114505,2.96296296296296,-3.11640696608617,0.637522768670312,-5.40799999999999,11.9718309859155,-3.64963503649635,5.51724137931035,4.95542737283692,-1.03311258278146,-0.827991452991459,8.94941634241245,-6.8051948051948,-2.33918128654971,3.53846153846154,-3.4757230034492,-0.667735042735043,-1.02536427415001,4.36129032258064,10.2801574438527,-5.49584758182706,-5.48827621746971,1.12101910828025,3.82259250183779,-2.02500000000001,-6.12894667020431,-10.2369113775958,-13.7391882900865,2.8442146089205,-1.04506858262574,-1.22314049586777,-2.54237288135593,4.25186627718273,0.996143958868902,2.75,-0.43942247332078,-2.77419354838709,-1.24101894186806,-2.47657295850068,10.297208045632,-1.70992366412214,6.74829157175398,-4.05925925925925,-0.746268656716418,11.1170071637039,-0.829320492241828,-2.74876305662452,-7.37898465171192,1.08029197080291,-8.73015873015873,-0.382409177820271,0.0,-18.4150943396226,-0.952380952380952,11.5863927248232,1.23087159015302,1.44262295081968,0.813008130081301,2.0076481835564,-43.0264357338195
0,0,0,0,-3.08734939759036,-9.52577319587628,-5.43478260869565,1.87713310580205,6.23999999999999,4.06753645433614,-2.19607843137254,-2.24538893344025,-2.5915261209379,-2.3578947368421,-1.58254918733961,1.55789473684211,8.65384615384615,0.952380952380952,-5.50643086816721,7.44047619047619,5.05121865065348,-7.60167236792094,0.716981132075477,0.45078888054095,-0.680786686838123,-0.494108703914871,7.68421052631579,-0.884955752212389,1.73913043478261,-0.454227812718375,4.79041916167664,2.24390243902439,-1.28458498023716,6.58461538461539,-1.75328741390106,0.0,0.0,-9.68406593406593,3.54421994037761,5.83281347473488,-2.16698534098153,-1.2258064516129,-4.65901417960837,4.4516129032258,-2.92164674634794,-2.10169491525424,-3.50877192982456,-4.58715596330275,-5.29366306027821,-13.1118881118881,2.13857998289136,2.8262676641729,0.783505154639181,-5.1604509973981,10.4466019417476,-3.4967845659164,-8.74125874125874,-11.609756097561,7.32368896925859,1.16175156389633,-3.51526364477335,-0.278293135436003,-2.08333333333332,3.73746581586144,37.4928774928775
0,0,0,2.94396961063627,12.6865671641791,-2.63829787234043,5.356423681031,4.86590038314177,-1.91331511128466,1.87739463601533,-2.15264187866928,0.273224043715848,7.37527114967462,4.12478336221838,0.310988251554941,-8.96084337349399,-7.39991912656692,7.2045028142589,10.5704697986577,1.48760330578512,1.27284595300261,1.70035290343279,-0.873786407767,-0.6514657980456,-0.688750409970485,2.58785942492013,0.0638569604086832,-1.3264315755419,-5.24344569288389,-3.7809187279152,-4.89251297257228,-0.709219858156033,5.40254237288136,5.25259284041486,0.100267379679148,5.61514195583595,1.24610591900312,-3.24863300096495,0.288646568313021,-2.36375574523965,-0.263331138907182,-3.36849268458659,2.90716881400726,4.54115421002839,1.4605344934742,10.4120267260579,-4.72303206997086,3.29856216521004,-2.36652236652237,-5.03182782661411,-3.09375000000001,6.24084383240552,-2.49249249249251,3.8961038961039,-1.91176470588235,2.85714285714286,3.89895661724328,1.56756756756756,0.269541778975745,-6.0,-2.85042609462239,-0.353877912120332,3.52773826458038,-0.142450142450134,-79.2645556690501
0,0,0,0,0,0,0,-7.0734669095325,-4.37262357414448,2.8923076923077,-4.66988727858293,-7.51385041551247,-0.732472968259495,5.50428477257745,-13.8888888888889,-1.87380497131932,-1.43522110162916,-1.61608198659835,2.42307692307692,-0.269957578094872,-0.973520249221184,3.02114803625378,4.95333811916726,1.62429378531074,0.386915230390431,0.24561403508772,-3.41074020319304,-1.24908155767818,0.329549615525448,-0.367511944138177,-0.777777777777781,-2.6615969581749,-0.843558282208598,1.09973454683353,4.35255712731229,0.0,-2.71982116244411,1.25091979396615,-4.49826989619376,0.11520737327188,-0.153846153846151,4.05904059040591,2.86738351254479,1.06382978723405,0.353356890459369,-4.97032640949555,0.037078235076003,-3.57142857142857,-1.71874999999999,2.91998483124763,-4.02366863905325,-2.5485436893204,-4.65707027942421,0.756302521008402,-9.375,-7.03393999016234,-4.95611770779555,-0.206932229694789,-7.09141274238226,-3.14285714285715,2.50696378830083,0.828729281767968,6.26618332470221,1.37895812053115,25.7207890743551
0,0,2.42718446601942,1.43540669856458,-3.05719921104535,-1.65413533834587,0.795624067628047,8.71538810712665,5.89491670226399,-2.76558384547849,2.64957264957264,0.763358778625953,-3.96825396825396,3.28358208955224,-0.471293916023991,1.9327731092437,1.93654717758549,3.30677290836654,7.24316334072431,0.624311421226595,-4.73076923076923,1.32827324478179,-2.729044834308,0.0,-0.984251968503937,7.63636363636364,2.44767648102164,-2.6210411357845,-5.24904214559386,-0.153491941673073,-1.44024912417282,4.24897502795377,-2.63963274674827,-1.59347065682083,-2.42834394904458,7.30627306273063,-4.31100846805235,-1.88235294117647,-0.354191263282172,1.51162790697675,-0.467289719626172,-5.67901234567901,1.21951219512195,-0.902378999179665,-3.5244161358811,-0.212765957446812,6.0,1.72955974842768,-4.47638603696098,-0.0410846343467607,-5.78009561060408,2.70613107822409,1.66320166320167,-0.585529067335845,3.00202839756592,1.63607342378292,0.555555555555558,-1.20481927710844,3.89810883828638,-0.465296626599461,2.56894597657726,-1.53433064825469,1.43667296786389,-0.341426403641881,-1.15118956254797
0,0,0,0,0,0,0,3.86085626911316,-3.72720063441713,3.99695470118006,-2.49707374170894,1.80076628352491,3.33333333333333,-2.50569476082005,3.01914580265096,-3.03490136570562,0.490751226878063,-4.53827940015785,5.12916510670161,1.47547030616008,-0.221811460258775,1.67211922937114,-2.4962742175857,-1.89825360668185,0.790960451977404,0.969787392763887,-3.23450134770889,1.25475285171103,-3.01605953779867,-3.10985460420032,5.46009927453226,-0.692041522491348,4.62046204620461,-1.14985163204747,-2.70476190476191,-0.76775431861804,-2.59944860181174,2.34615384615384,-1.76125244618395,0.07821666014861,-1.02726195179771,2.61639091958445,-2.88994457640537,-1.1613936724069,1.84748427672957,3.26996197718631,0.303260045489,3.68747718145309,0.436205016357692,0.470332850940662,2.40112994350282,0.10582010582011,-0.282985496993286,0.422684043677355,1.457827143353,4.69732054250745,0.362557679630849,-0.965058236272876,-1.48598446470787,-8.70044052863437,-4.3278437380314,0.267379679144386,-0.306513409961679,-0.153491941673073,-62.7732667083073
0,0,-6.04255319148937,-2.35191637630662,-4.36363636363637,0.407424173834314,-3.8063909774436,7.07423580786025,-5.19062930638493,1.09041344843254,2.52435783879538,3.04851867754401,-1.97022767075306,2.84985112717993,-3.20456540825286,-3.17028985507248,-2.03327171903881,0.597152044097377,-2.44705882352941,-6.25,-1.83299389002036,2.48262164846077,2.3278370514064,-4.14141414141414,-0.101112234580382,-6.00214362272241,-1.80032733224224,5.9034907597536,-2.63435194942044,-1.87869028448739,2.66457680250784,3.91566265060242,-0.302114803625389,-3.2761310452418,3.36683417085426,-2.31362467866324,-2.15336134453782,1.5511892450879,8.42803030303031,-6.18401206636501,3.68038740920096,-3.14685314685314,0.792864222001983,-3.80658436213991,-7.28476821192053,1.78861788617885,1.494927923118,-6.11898016997168,3.23464912280702,0.0,-14.7891755821271,0.062893081761005,-1.53256704980843,2.73291925465839,3.59281437125747,3.18840579710145,-0.174216027874571,-5.5793991416309,-1.74672489082968,2.84848484848484,-3.64321608040201,0.5,4.64839094159715,-4.80949406620862,-103.172588832487
0,0,6.91244239631336,1.58730158730159,2.0,-4.40835266821347,-8.02005012531327,-5.55555555555557,9.13461538461539,-1.71149144254279,8.29596412556054,11.5079365079365,-4.56431535269709,-13.6792452830189,-7.34177215189873,-0.253807106598991,3.66748166259169,-2.25,-0.250626566416035,4.08653846153846,0.478468899521521,8.33333333333333,17.5406871609403,-3.36448598130842,-1.32575757575756,6.38297872340425,-1.62162162162162,10.3392568659128,19.6103896103896,5.28905289052891,-2.5220680958386,5.02994011976048,7.93825799338479,1.52008686210641,-5.74052812858783,4.39077936333698,7.97979797979799,1.8830525272547,-0.198609731876858,-6.33579725448785,-9.86078886310907,-1.77095631641085,1.8539976825029,-5.115712545676,-8.16864295125166,5.24344569288389,6.75203725261933,3.15670800450958,-0.795454545454528,-2.56410256410257,0.232558139534879,-3.61445783132529,-7.0967741935484,-2.64900662251656,-7.54985754985755,4.48979591836735,-6.98689956331877,9.96068152031454,-4.23497267759562,2.4,4.21455938697318,-1.82054616384915,-2.67022696929239,4.9492385786802,-25.6778309409888
0,0,0.0,-7.14285714285714,1.26939351198871,1.11576011157601,-2.42857142857143,5.66037735849057,6.78391959798995,7.87037037037038,0.115606936416183,-1.05140186915888,4.03587443946188,-3.12138728323699,1.14285714285714,-0.69044879171462,1.13765642775881,-1.15074798619102,1.0250569476082,2.00892857142859,0.444444444444435,2.38611713665944,0.0,3.15126050420167,8.01932367149759,3.54147250698976,4.87588652482269,-10.2639296187683,-4.70829068577278,-22.125,-6.66666666666667,2.72373540856031,8.10488676996425,-7.28900255754476,-2.088772845953,0.130378096479789,9.23076923076922,3.97727272727274,2.22222222222221,0.990099009900989,-6.44028103044497,3.17460317460319,1.01010101010101,-2.29621125143512,-2.47058823529413,0.816802800466748,-0.705052878965928,-0.829383886255928,-6.03015075376884,-9.94475138121547,-0.277008310249314,-0.277777777777772,-5.88235294117648,-5.26315789473684,0.615384615384616,-0.77519379844961,3.00751879699248,-3.10077519379845,1.37614678899082,-1.71073094867808,-4.0453074433657,-1.31147540983607,-0.826446280991733,3.50877192982456,30.8710033076075
0,0,0,0,0,-0.460122699386507,6.59025787965617,-1.15942028985507,4.16666666666666,5.13833992094861,4.76787954830615,-1.39949109414758,0.882723833543498,-0.37974683544303,2.10656753407683,2.18181818181818,-2.48447204968943,-3.73711340206187,-5.1490514905149,-0.682128240109138,4.6814044213264,0.645994832041341,-4.73612990527741,3.77604166666667,-0.39215686274509,-4.08163265306123,2.0,-1.35135135135135,1.4647137150466,0.529801324503312,1.82054616384916,-2.26063829787235,-2.03527815468113,2.25464190981432,5.03778337531487,-0.506329113924051,0.37831021437578,-0.252844500632106,-4.07894736842106,1.29870129870131,-1.31578947368422,4.40251572327045,-0.125944584382869,-0.889453621346891,-1.94300518134716,-0.259740259740254,-1.58311345646438,1.0443864229765,0.905562742561452,-3.75838926174497,2.10249671484888,3.5487959442332,-0.895140664961629,2.73631840796018,3.71257485029941,-0.723763570566954,4.27251732101618,1.02857142857143,-4.66507177033494,3.01624129930394,-1.17370892018779,4.37710437710438,0.88987764182425,0.882028665931644,14.5951035781544
0,0,0,3.26864147088865,-5.15574650912995,0.427807486631007,-0.537634408602139,-2.64900662251656,-0.443458980044356,-0.11098779134295,4.25079702444209,1.77453027139875,0.208333333333329,-1.26582278481012,-0.530222693531291,3.57873210633946,1.70854271356784,0.69860279441118,-0.199999999999996,4.76190476190476,-11.5834218916047,5.52208835341366,-0.606060606060611,3.79008746355684,-2.18470705064547,0.297029702970291,2.321083172147,-2.07305034550838,0.0986193293885581,2.59365994236311,2.06961429915335,5.34283170080142,3.18965517241379,-2.92812777284827,-3.2051282051282,2.49999999999999,0.884955752212402,6.22406639004149,6.15264797507788,4.88888888888889,-2.35026535253981,-0.763941940412526,-1.55159038013964,1.67810831426391,-1.0015408320493,5.1862673484295,2.21428571428572,-5.9001512859304,-6.78513731825525,0.880704563650916,3.77503852080123,-2.36593059936909,-3.51020408163265,4.29687500000001,-3.22580645161291,-5.71184995737425,-9.31966449207829,-0.0932835820895502,-0.562851782363982,-1.52380952380953,1.77736202057998,5.23049645390071,-1.9891500904159,-4.14312617702449,22.5947521865889
0,0,0.0956022944550819,4.12465627864344,0.908265213442322,1.25560538116592,-1.82648401826485,6.00858369098713,6.72538030424339,1.57604412923561,-1.52,-3.13531353135314,-2.27848101265822,1.25,4.98812351543944,1.40515222482435,1.38568129330254,-2.28346456692914,2.75650842266463,-1.24031007751938,0.539707016191213,1.74242424242423,-3.77358490566037,-2.08667736757624,0.399680255795355,-4.25,1.55865463494667,-8.93655049151028,4.11311053984576,3.07308970099667,-2.9059829059829,1.68067226890757,1.97693574958814,3.95569620253165,-11.0720562390158,0.0877963125548708,0.437062937062928,-2.87769784172662,-1.18289353958143,0.452898550724628,0.0904977375565752,2.64317180616739,2.57510729613734,0.851063829787231,-1.11876075731498,4.36213991769548,0.409836065573762,4.68750000000001,3.25018896447468,-3.60219263899766,1.693610469592,0.688073394495412,-0.153139356814698,-0.616332819722651,3.78057820607857,4.05405405405406,1.19465917076599,-2.59552992069215,2.46132208157526,-6.91729323308271,0.0751314800901562,-3.17829457364341,2.56797583081571,3.49854227405248,-1.62962962962963
0,0,3.33769633507853,-2.55033557046979,2.93159609120521,-2.2651565622918,1.95950359242326,-0.98944591029024,2.5706940874036,-1.76586003924134,-2.61744966442952,-0.811907983761847,-3.14026517794836,-2.43030736240171,4.82993197278911,-6.75381263616558,0.217391304347834,-0.363636363636369,-0.14566642388929,-2.08178438661711,2.03932993445012,-7.68627450980393,1.69622205088667,-2.93650793650794,-4.39105219552609,-0.583333333333336,4.30622009569377,-2.20048899755501,-3.10924369747898,-1.1904761904762,4.0,1.28928283642224,-7.07506471095772,1.27768313458263,-0.34188034188035,-0.862068965517238,2.10970464135021,-0.169061707523242,7.06991358994502,-0.951625693893743,1.94401244167963,1.30468150422103,0.685975609756097,-2.41998438719749,-3.14009661835749,3.1201248049922,1.61166538756715,-1.95618153364632,-3.98698128559805,-3.10402684563758,5.09554140127389,2.25680933852139,-5.15548281505727,1.2924071082391,-0.568643379366371,4.42546583850932,-0.546448087431696,0.69767441860465,1.82648401826484,-0.844205679201851,-1.32192846034215,1.45593869731802,5.02183406113537,-1.77777777777778,15.5722326454034
0,0,0,0,-1.83823529411765,3.20284697508898,-1.51734104046243,-0.435413642960816,2.40793201133144,-4.05305821665438,1.38081395348837,1.432664756447,4.57963089542037,-2.59467040673212,3.58350236646382,-4.59688826025459,5.22788203753351,0.533333333333334,-0.874243443174181,-1.22532334921715,-0.0681198910081729,1.54258886653253,1.25827814569536,-0.06626905235255,-2.79291553133515,-0.616860863605208,3.24933687002653,-1.2760241773002,-3.83542538354254,-0.279720279720274,4.15549597855227,-2.12183436002738,-2.0964360587002,-1.41743444365699,-2.32052211747643,0.433212996389895,-3.66766467065868,0.521221146686525,0.885608856088568,0.440852314474642,4.42415730337079,1.17973629424011,-1.76553672316384,-0.782918149466188,5.06756756756757,-0.0676132521974413,2.37623762376238,-2.29574611748818,-1.29958960328318,-1.17647058823529,3.53805073431242,-5.49295774647888,0.21082220660577,3.39443312966735,0.0,-0.408997955010228,-4.04255319148936,3.22580645161291,-1.53310104529617,3.69127516778524,-2.54645560908466,2.87433155080215,4.59183673469387,1.93871169480926,-17.5735294117647
0,0,0,0,1.60142348754448,-6.23818525519849,2.69773145309626,1.03155339805826,-4.23782416192283,-2.26390685640362,-1.31061598951508,0.715679895901102,-1.11842105263158,2.81329923273658,-1.88925081433225,1.85421994884911,1.75879396984924,-1.143583227446,1.625,1.11248454882571,-4.45448676565526,-1.24183006535947,0.260756192959577,0.518806744487679,-1.58102766798419,1.364522417154,-2.87433155080214,-8.09248554913296,-2.06489675516224,0.732064421669104,2.56776034236804,-0.429799426934088,1.20311394196744,-1.43575017946878,0.78347578347578,0.0,-1.59189580318378,1.4265335235378,1.05857445306987,1.93771626297577,-1.04895104895104,-0.846262341325818,1.52777777777778,1.97413206262763,-2.44072524407252,-3.53790613718412,1.07142857142857,0.284900284900279,-1.81290790427846,-3.76222723852521,-3.02325581395348,0.845503458877782,0.0768049155145913,-0.153846153846151,-0.308641975308635,-1.80675569520817,-0.0786163522012562,0.469483568075107,5.54323725055432,-1.57657657657657,2.41758241758242,-2.70880361173816,2.63736263736265,-0.367647058823535,-17.8509532062392
0,0,-3.39244410177332,-1.72549019607844,-4.16666666666667,0.729927007299269,-0.570962479608485,-0.163398692810454,3.08788598574822,0.394321766561506,-3.34148329258354,-1.82572614107883,3.13504823151124,-7.89245446660885,1.78875638841568,-7.6076993583868,-4.302103250478,-1.35658914728683,-0.291545189504384,1.05769230769232,3.61445783132529,-0.465549348230903,0.0930232558139515,-5.39215686274511,-3.76398779247202,-10.3254769921437,-4.70035252643949,17.6185866408519,3.90697674418605,-4.16666666666666,-4.1372351160444,9.49771689497716,0.091240875912423,1.26126126126125,-3.25581395348837,5.20282186948854,-3.94133822181485,-2.34521575984991,0.466853408029885,0.0,4.28954423592492,-4.87347703842549,-0.0938086303939942,2.73722627737227,2.75066548358473,-2.64116575591985,2.31316725978647,-1.17011701170118,2.62927256792288,1.97594501718213,2.18487394957983,1.89612530915087,-3.05862361937129,3.68248772504092,-0.741962077493816,-0.497100248550128,0.984413453650527,-3.65646258503401,-0.857632933104628,2.50836120401338,-4.18118466898955,1.28976784178848,-2.64783759929392,1.81975736568457,18.097941802697
0,0,-2.50000000000001,1.55865463494667,-3.13028764805414,-2.78260869565218,2.95358649789029,1.08514190317196,-4.53752181500872,-1.32625994694961,0.615114235500881,2.3175965665236,-1.12847222222223,1.87393526405452,0.339558573853983,-2.25694444444444,0.0867302688638316,2.37087214225234,3.74898125509372,0.405844155844162,0.404203718674203,-2.06270627062706,0.81833060556466,4.3069694596711,1.76923076923077,3.77498149518875,3.56887937187723,2.77585010409438,0.414651002073258,0.206896551724134,-0.834492350486782,0.138888888888886,0.277008310249302,0.756013745704476,-0.344827586206901,-2.90986515259049,-2.54730713245997,-0.438596491228074,1.36986301369863,-1.76082171680116,2.01294033069734,-0.870195794053669,3.70111731843576,-0.0698812019566722,-1.99572344975054,-1.15356885364095,-2.21075902726602,0.293901542983094,3.33806818181819,-0.499643112062814,3.90946502057613,0.477815699658705,4.31090790333116,-3.16711590296496,1.32978723404255,-3.08430431802604,-0.137268359643099,0.20547945205479,1.0840108401084,-2.5,0.621118012422359,-0.624999999999999,0.138696255201107,-2.34208658623137,-35.7418111753372
0,0,0,0,0,-4.61183704842429,1.73716012084592,-2.55615801704105,-0.0775193798449596,0.769230769230766,0.306748466257662,-3.65659777424483,0.0794281175536123,4.4039483675019,1.12612612612613,-0.83270249810749,-2.72161741835149,-2.47011952191234,-0.965406275140796,1.97160883280757,0.470957613814761,-2.16519647153167,1.57853196527229,4.16036308623299,-1.30268199233716,-1.71473109898675,-1.82539682539683,-0.719424460431654,-1.37763371150729,-4.13502109704642,-0.423728813559313,-0.169779286927006,-1.9031141868512,0.857632933104628,1.18644067796611,-1.98789974070873,-0.783972125435539,-3.23741007194246,2.62697022767076,2.80851063829787,2.97274979355904,-3.68150684931507,-0.0856898029134515,-1.56657963446475,1.54241645244216,-3.73333333333333,-0.71620411817368,-3.13942751615882,-5.04364694471387,2.27488151658768,-1.34486071085495,3.8781163434903,-4.13461538461538,-0.192678227360304,0.479386385426644,-1.26213592233009,-0.389863547758294,3.02457466918715,0.47036688617122,4.66367713004484,-2.48161764705882,-3.91595033428844,2.60465116279069,-3.5645472061657,21.482602118003
0,0,3.73563218390803,7.85525154457194,0.088183421516753,-2.99727520435967,0.98920863309352,3.88936905790839,-2.38938053097345,-0.355239786856136,3.43053173241853,-1.03986135181977,0.0865800865801001,2.36686390532544,2.4732069249794,-0.747508305647854,0.823723228995069,-2.53378378378379,-1.89328743545612,-4.59045904590459,1.24444444444445,1.8324607329843,0.174216027874561,1.62810625535561,-0.777202072538859,1.6142735768904,0.675105485232068,-0.851063829787231,-0.255972696245728,-1.47186147186147,-2.75800711743773,1.40350877192983,-2.24215246636771,2.36427320490367,2.05831903945112,-1.83406113537119,0.0872600349040276,-3.05755395683455,-3.63466915191052,1.10599078341013,7.10616438356164,-0.689655172413794,1.52801358234295,0.0,-2.882096069869,-1.50709219858156,0.529100529100534,1.04712041884818,2.79898218829515,1.66805671392828,2.12244897959184,5.3323029366306,0.0,2.33962264150944,-2.95260295260296,0.309837335398923,-0.155159038013961,1.15030674846625,0.458015267175576,0.832702498107503,-0.303720577069103,2.22717149220491,-0.74794315632013,-1.13464447806353,21.3095238095238
0,0,0.219619326500727,0.942712110224793,4.89655172413794,-0.207325501036623,-1.82969739619986,-1.71796707229778,0.427655024946534,2.56944444444445,-0.278551532033433,3.36473755047106,6.06826801517068,-0.957243139757501,1.13564668769716,-2.32408005164622,2.02403542061986,-2.33009708737865,-0.324675324675318,0.645161290322578,3.48692403486923,2.07317073170732,-0.305810397553499,-3.48101265822785,1.43480973175297,-3.75404530744338,2.21518987341773,0.126422250316053,-1.41025641025641,1.01522842639594,0.505050505050506,-2.59067357512954,0.193923723335495,-0.454545454545456,-1.0498687664042,3.72710044219836,10.413129598189,1.66944908180299,-1.29650507328072,-2.66203703703702,3.46368715083797,-0.392596747055526,5.05857294994677,-1.07642626480088,-1.6967706622879,4.24528301886792,0.417536534446774,-3.01075268817204,0.481540930979132,0.796178343949037,-2.44698205546492,-1.99667221297837,0.770500825536602,2.5214592274678,0.586666666666664,-0.428494911622915,-9.82352941176472,-0.413467217956292,-0.833829660512213,1.23529411764706,-0.294985250737467,-0.533807829181494,0.530973451327433,-0.892857142857134,12.1338912133891
0,0,0,-1.95035460992907,-6.01503759398497,-0.948766603415562,1.49532710280374,-3.28185328185329,-4.36534586971121,4.18275418275417,2.75344180225282,-0.250941028858224,-3.10478654592496,1.15089514066496,-1.95567144719688,0.454250486696952,5.6338028169014,0.183374083129591,1.26735063367532,-5.47422024188415,1.07052896725441,2.51688152240637,0.791717417783207,2.60972716488729,0.118483412322272,11.1111111111111,-4.91712707182319,0.494777350192413,0.0,1.08754758020663,0.540832882639253,-2.15469613259667,-0.611450806003352,-1.40924464487035,2.79452054794521,1.40464613722313,2.21870047543581,3.71312309257376,-2.66318537859009,-1.59151193633951,-2.11267605633803,0.592353257942916,-2.14521452145215,2.25806451612904,-0.215517241379325,0.375738056897479,-1.14006514657979,1.28617363344051,-0.376546530392686,-0.977729494839759,-3.8939051918736,-0.282965478211642,1.77876598110059,1.74767886400874,0.919913419913429,-3.52941176470588,-1.07587768969423,1.45089285714287,-2.28310502283106,3.68334249587686,-1.73378076062641,-0.505902192242832,9.46564885496183,-2.77196652719664,13.2879818594104
0,0,0,0,2.79007971656333,2.29337948939853,8.36637589214909,-0.71884984025559,-1.09002825999192,-1.51639344262296,0.12279983626689,0.0,-0.493624023035792,1.05820105820106,-5.90517241379311,0.642398286937911,0.213675213675202,0.128040973111401,2.82040647034425,1.55165373621886,-1.19834710743801,0.575184880854563,0.814995925020372,-4.78223740392825,-1.25378296584523,-0.390624999999999,-1.94690265486725,3.29482242190843,-1.78571428571429,-0.834431269213884,-2.56756756756757,4.14507772020726,0.983326207781105,1.51578947368421,-0.849256900212311,-3.10858143607706,2.22602739726027,1.10076206604573,1.58333333333333,10.1460127293149,-5.11609602518694,3.96825396825397,-2.24111282843896,-0.543900543900546,-1.98098256735341,-4.08247422680412,2.29653505237712,-0.976403580146469,1.4039310068191,-0.56474384832594,1.62698412698413,1.94552529182879,-1.94367314557715,-0.198728139904613,2.81962147547316,-4.77539457709429,1.67130919220055,-4.4472152950956,0.372670807453416,-1.76991150442477,-2.77176266782157,-1.09457092819615,-2.42152466367713,-1.13378684807256,-16.5433403805497
0,0,0,0.364963503649643,-3.39622641509435,-1.09680495946591,1.13154172560114,-2.26615236258439,1.56620787850025,4.0528233151184,-1.94986072423399,0.416088765603328,-1.98019801980197,3.80952380952381,-2.17794253938833,0.231160425335186,-1.02755721625408,0.695732838589975,-0.606626224918334,0.186306474149973,-1.5130023640662,-3.22108345534407,2.42857142857144,1.17647058823529,1.89289012003694,-0.650557620817847,-0.65481758652947,-1.03969754253308,-1.92678227360308,0.479386385426644,-1.65692007797271,-0.48971596474044,-2.40722166499499,-1.42421159715158,1.35474159558454,-1.27032520325203,-5.01600853788688,-1.13329735563949,7.21081622433649,2.44259892525647,-2.24775224775224,-1.00908173562058,1.92973775358734,1.98836081474297,-5.20408163265306,1.06007067137808,1.68734491315136,1.75524134568505,-2.03980099502488,-5.1255230125523,-6.04547975596228,2.90791599353796,4.17956656346749,-3.96995708154506,-3.15439955727726,-0.444691495275163,1.85488270594653,0.70422535211269,3.50235232618922,-1.75531914893616,-4.79375696767001,-0.167504187604696,4.48,0.898520084566605,-19.3690851735016
0,0,0,0.0,-2.91689598238854,-1.62192393736019,0.556173526140164,-2.50855188141392,-5.02994011976048,-0.541842263696568,-1.46609651802076,-2.05735660847881,3.66366366366366,-1.83486238532108,-2.70100502512564,4.09638554216868,1.83323477232406,1.91415313225057,-2.6801667659321,2.21316249271987,-0.0582750582750674,-3.24909747292418,0.538599640933572,3.52193995381062,-1.88235294117647,-2.34798314268513,-2.46761258482417,2.17260108630054,-2.60061919504645,-0.937499999999991,0.062460961898823,2.91085506367494,1.19832234871182,-2.1419828641371,0.426569165143207,-2.37055520898315,0.0,-1.00819155639573,0.8744534665834,1.29469790382242,1.4580801944107,0.302846759539677,0.602046959662841,-1.59021406727828,-1.36391816491012,2.71411338962605,-3.81966186599873,-2.89948453608248,-1.90413657255416,-1.46568954030647,0.793126239259755,-0.464807436918993,-1.41414141414142,0.0,0.535833891493637,-1.56462585034014,-1.73010380622837,-5.55149744338933,-3.86949924127466,2.73062730627307,4.37544107268877,3.21038251366121,2.85335102853351,4.92113564668769,-18.548990276739
0,0,0,2.48407643312101,2.72614622057002,-2.02275600505689,1.73913043478262,-2.87539936102237,-0.707850707850716,3.41827221876943,2.36650485436894,-0.487804878048792,-1.35970333745364,1.52160681679854,-0.0609013398294641,2.78271166370633,-0.956365809922296,-0.601322910402895,1.65582495564755,1.74317257408484,1.54462242562929,-2.46189917936695,-1.54761904761904,-4.34782608695652,0.923076923076914,-6.55737704918033,2.80433397068196,4.03669724770643,0.72859744990891,-4.97131931166348,-0.0637755102040803,2.91021671826625,0.615384615384624,-0.370599135268676,0.491702519975404,0.061425061425071,-1.1808576755749,-2.15873015873016,2.11311373523928,-0.374298190892069,-5.46052631578949,-1.06382978723404,1.37704918032787,-0.461133069828724,0.524246395806029,1.42118863049096,2.33438485804416,-1.53747597693786,-4.2752171008684,-0.740242261103642,-2.13058419243985,-1.67714884696017,-3.17231434751263,-0.580130529369109,2.3371104815864,-1.4367816091954,-1.6058394160584,0.0,-1.85873605947955,1.03016924208978,0.512445095168377,0.0731528895391352,-2.01492537313433,-0.224382946896044,13.4067357512953
0,0,0,0,0,0.0,1.59420289855073,0.862068965517236,1.69491525423729,0.0705716302046562,7.80741704619388,-2.19414893617021,-0.534759358288759,-0.740740740740749,1.0,-2.81014393420151,0.4774897680764,-0.548696844993142,2.73515677118079,1.31665569453587,-0.997340425531917,-0.266666666666661,-0.536193029490617,0.0669792364367032,-0.810263335584059,1.26666666666666,-1.01010101010101,1.0,11.8165784832452,-1.00950118764847,-2.24650880388586,2.48667850799291,0.705467372134045,0.351493848857638,3.12145289443814,0.226500566251411,0.897867564534232,0.0560852495793495,-2.35361653272099,0.171919770773625,-4.24133811230586,-2.07317073170732,-1.35970333745364,-5.20156046814043,-0.457217504898761,3.16255534471853,-0.380952380952384,-0.767754318618037,0.318877551020401,0.570703868103994,-3.6817882971729,-0.996015936254983,1.50425114453891,-1.59468438538205,2.14564369310793,0.774193548387092,1.58730158730159,-0.70332480818414,-0.38510911424904,-1.23456790123456,-0.260586319218247,0.967741935483873,-1.50622134905043,1.10103626943005,-5.75342465753425
0,0,0,-0.448430493273544,1.20253164556963,-0.636942675159245,-0.899742930591252,-0.71197411003237,-0.259571706683966,0.387847446670979,7.14285714285714,0.833333333333337,-0.659077291791488,-1.2742718446602,2.83018867924529,1.22306348281887,-2.50746268656717,1.23820754716982,-0.0589970501475019,-0.952948183442526,-2.19111381618989,0.844900422450215,2.24188790560471,0.644783118405624,0.0,-1.54761904761904,-0.418410041841006,-0.661853188928998,-2.33990147783253,1.87311178247736,-0.607902735562319,0.483968542044778,1.37231503579953,0.297441998810215,1.5807962529274,2.34419668381933,1.13058224985869,-1.25930165998857,-3.0070754716981,0.352526439482954,0.467836257309952,-5.03685503685504,-1.36986301369865,-0.500625782227774,-1.20329322355922,-0.573248407643311,-1.88189487345879,-1.31492439184746,-1.60320641282565,0.0,-3.74220374220375,1.23203285420944,2.98804780876495,1.18110236220472,-0.927152317880798,-0.199071001990706,0.330687830687824,1.04712041884817,-3.382949932341,-0.475866757307944,-0.546821599453179,1.74613834788448,-0.404585300067434,-1.57534246575343,20.6521739130435
0,0,0,-0.27118644067796,1.07310529845741,-0.471698113207549,-1.71350239890336,-1.38985406532314,2.77027027027027,1.26751167444963,-1.55826558265583,-2.21606648199446,0.276243093922658,1.6304347826087,-2.00970200970202,-1.26315789473684,4.42655935613682,0.732356857523298,-2.38582140422631,-1.94579569145239,0.484094052558785,-1.54494382022472,3.26086956521739,0.405953991880912,11.1244738424534,0.657108721624847,-0.600961538461526,7.03910614525139,0.500277932184546,-5.88581518540318,-2.47285886610374,0.480192076830743,-0.603864734299526,4.44316214656665,0.459506031016668,0.514285714285713,-2.15995329830707,0.638051044083523,-1.83106910809214,0.411764705882355,-2.96789824348878,-0.793650793650809,1.85739964050331,0.0598802395209462,0.890207715133544,2.03488372093022,-2.19845513963162,-0.178571428571414,-2.00364298724956,0.0606796116504949,0.362756952841588,-1.72201722017219,-0.556586270871984,-0.0618811881188216,-0.74812967581048,4.12432755528991,1.58823529411764,-0.532229450029567,0.470865214832244,-1.3723150357995,-0.479616306954448,6.91964285714287,-1.24293785310736,3.80434782608695,-18.024374599102
0,0,0.326086956521732,-1.4892443463872,1.36017410228509,-0.822819528250129,0.870038064165308,0.915948275862059,-4.50450450450449,-0.225733634311528,-1.43102461362335,-4.36081242532856,1.76056338028169,-1.42857142857142,-3.51201478743069,1.69594185342218,1.255980861244,-1.57958687727824,3.06242638398115,1.39372822299651,-2.01421800947867,-1.32052821128451,-2.83950617283951,-5.81319399085564,-7.89288231148697,0.769230769230778,0.0698812019566722,-5.76496674057651,-0.222222222222217,-1.19940029985008,-0.225394440270469,2.13235294117646,-0.369003690036892,-1.72672672672673,0.671140939597314,-4.3579766536965,-0.705329153605015,2.44648318042814,3.9647577092511,0.29282576866765,2.84495021337127,1.88415910676901,-0.0698324022346354,-0.42075736325386,0.557880055788006,1.84804928131417,-0.06849315068493,3.56671070013211,-1.74731182795699,1.12956810631229,-3.29444063143446,2.99600532623169,0.988793671720503,-3.12712440516655,-1.79930795847752,-1.61744022503515,4.43548387096774,3.12499999999999,3.15258511979823,2.33990147783251,0.0615384615384712,-2.45901639344263,0.0630119722747309,-1.79602309172546,-31.2289562289562
0,0,0,0,0,-0.743745774171746,4.33376455368694,-1.77748518762345,1.29954515919429,2.22363405336721,-2.3407022106632,-0.32615786040444,-3.7914691943128,1.72987358616101,-3.29896907216494,-2.46478873239438,-1.50107219442458,0.427046263345199,-2.10755813953489,-1.10213078618663,1.01818181818182,-0.806451612903222,-2.32558139534884,-0.0750750750750735,2.77372262773722,-0.0730460189919634,-1.63325909428358,-0.974512743628192,2.48538011695906,-0.810611643330873,-1.04244229337305,-0.825825825825822,0.522778192681107,-2.0579268292683,-1.78432893716058,1.15030674846625,1.06221547799697,-0.151975683890574,-0.920245398773014,0.911854103343473,0.529100529100531,-0.608365019011407,1.86567164179104,-3.55486862442041,-1.6496465043205,-0.712025316455695,-0.556881463802707,-1.37096774193548,-10.1243339253997,-4.45269016697589,3.57781753130591,-2.00729927007298,2.23015165031222,-0.809352517985626,-2.86771507863089,0.368663594470038,-0.277264325323469,2.43462578899909,4.8885077186964,-1.47954743255004,-0.349344978165947,0.434782608695658,-3.79061371841155,6.73400673400674,3.88349514563106
0,0,-1.34793597304128,-0.508044030482631,-1.28644939965695,0.256629597946958,-6.75799086757991,3.35392762577229,-1.98019801980199,0.714924039320823,-1.35869565217392,3.24276950043822,-2.51572327044025,2.45398773006134,-0.263620386643228,-0.976042590949434,0.265486725663727,1.99479618386816,-0.874890638670163,5.53719008264463,-0.749375520399666,3.37892196299276,3.19314641744548,0.0778210116731501,0.310318076027936,1.30168453292496,-2.1110242376857,1.76651305683564,-0.308166409861319,2.40601503759399,0.0,-0.757575757575768,0.602409638554217,3.41818181818182,-1.77646188008882,-0.67064083457526,-2.83524904214559,4.18502202643171,-6.8235294117647,-6.69456066945607,1.48392415498765,5.08607198748043,-0.868192580899759,-4.19407894736842,-0.829187396351573,3.36538461538461,4.14746543778801,-3.5799522673031,-1.6990291262136,0.961538461538469,-4.96215306980656,-0.762711864406778,0.840336134453779,5.48054011119936,1.94704049844237,-2.39234449760766,3.38983050847459,-0.698215671062838,-5.31045751633987,0.406834825061017,3.07570977917982,-0.316455696202525,0.47244094488188,-2.75080906148867,7.06766917293234
0,0,-1.62206001622059,0.242718446601937,6.50529500756431,-2.24284609435422,2.854996243426,2.98833819241983,0.0728332119446452,0.866425992779778,3.07907627711686,1.98902606310014,-0.96952908587258,3.15224681421865,1.58415841584159,-0.464190981432363,-1.140174379611,2.86644951140065,-1.52116402116402,0.852459016393448,-0.197109067017079,3.36507936507936,-2.94117647058823,-1.05680317040951,1.7521090201168,0.129617627997405,-6.34045485871813,9.59501557632399,4.97335701598579,-2.67477203647417,-2.87679799874921,1.47874306839187,0.915750915750907,-11.2016293279022,-2.2206800832755,2.70087778528022,-0.406779661016953,1.53538050734313,-2.3224043715847,-0.273972602739732,-13.1782945736434,4.86725663716814,-1.42109199700824,2.55102040816328,1.71919770773639,-2.27106227106227,-1.63812360387193,0.958702064896761,-2.96127562642369,0.603773584905661,0.525525525525528,-2.54041570438799,-4.17000801924619,2.50195465207192,-6.85045948203842,3.23362974939368,5.42813455657493,-4.30622009569379,2.79069767441861,0.0774593338497272,2.19696969696969,2.29459659511473,-1.19850187265918,-0.375939849624052,-24.8826291079812
0,0,-2.1193092621664,-4.94233937397034,-6.11888111888113,-3.24909747292418,-10.5788423153693,-0.804828973843059,11.8012422360248,-0.445632798573966,-16.028955532575,7.19769673704415,-2.86278381046396,6.37707948243992,2.08144796380091,-3.56138706654171,-1.23339658444024,-6.03621730382293,-13.6,6.3169164882227,-1.85387131952017,4.37956204379562,2.93522267206479,2.17821782178217,-10.8671789242591,-4.59242250287025,-7.93060718711277,-0.875000000000004,1.47783251231526,-2.91508238276299,-6.33423180592992,2.75229357798165,0.261437908496738,-0.13089005235603,-1.73102529960053,-14.1337386018237,-7.8688524590164,4.23861852433282,7.41279069767442,1.00719424460432,6.71140939597315,-0.948509485094855,-9.1715976331361,8.27679782903664,-2.21914008321776,6.11979166666666,1.79028132992328,18.0293501048218,-11.578947368421,1.72413793103447,12.4748490945674,1.38888888888889,-3.49075975359343,5.8027079303675,0.767754318618043,-1.16504854368931,-4.78128179043744,2.57680872150644,0.394866732477798,2.40847784200385,0.383877159309013,-2.45821042281219,2.39923224568138,2.15962441314554,12.2011541632317
0,0,0,0,0,-0.280373831775712,0.0933706816059903,1.74311926605504,-6.13437195715677,-2.49500998003992,5.64971751412429,1.2093023255814,3.24032403240324,-2.11397058823528,-9.12738214643932,7.51391465677179,-2.9608404966571,2.24089635854342,1.29032258064515,6.14186851211073,3.50584307178631,-3.00945829750645,-1.3949433304272,2.46598639455782,1.25944584382872,0.584307178631054,-2.83261802575107,-1.21633362293658,-0.0869565217391286,-1.50044130626655,-0.0883392226148391,3.49531116794544,0.929054054054049,-5.33807829181494,-1.35256988277728,1.85840707964603,-1.25448028673836,-2.10430009149131,4.03863037752415,-1.78731009830207,-4.9718574108818,-5.75396825396825,-9.68443960826987,-3.02690582959641,0.55741360089187,-6.78571428571429,1.06007067137809,-1.67664670658683,7.32519422863485,-1.92307692307692,10.7971745711403,1.39303482587065,-5.1255230125523,4.87562189054727,4.46768060836501,0.848256361922713,3.80779691749773,6.20748299319728,-2.7972027972028,0.952380952380963,12.033511043412,-8.51239669421489,-2.36886632825719,2.55564715581204,-12.1072088724584
0,0,0,-20.231822971549,-7.11060948081265,-5.60190703218115,0.592417061611362,0.705882352941182,5.02793296089385,-2.8735632183908,-2.9585798816568,-0.955794504181602,-3.33333333333333,-5.46875,2.53807106598985,-1.67741935483871,-1.97368421052632,1.6817593790427,-1.57687253613666,-0.661375661375671,2.95250320924262,-1.83006535947712,-0.13089005235603,2.67515923566879,10.2857142857143,-1.86263096623982,1.6036655211913,3.0,0.662251655629145,-2.83768444948922,-4.13711583924349,1.96987253765933,-0.116009280742478,1.48571428571429,0.681044267877418,0.0,-3.64705882352942,-3.03030303030303,3.50877192982457,-2.64105642256904,-0.969696969696971,-1.60098522167489,-0.123304562268801,-1.50187734668334,0.868486352357324,1.70731707317072,3.52941176470589,0.584795321637435,0.696864111498243,1.14810562571758,4.28571428571427,1.93965517241379,-1.97802197802197,2.77777777777778,2.29645093945721,0.415800415800407,3.0241935483871,1.39165009940358,-2.23577235772358,4.65116279069768,5.32110091743119,2.67857142857142,-2.94117647058822,-0.554528650646955,-17.7366702937976
0,0,0.0955109837631307,-2.046783625731,-0.293255131964803,-0.392541707556437,-0.295275590551175,0.0983284169124856,0.0982318271119822,3.32383665716999,-0.190294957183631,-0.382043935052523,2.60465116279069,-0.186393289841562,2.7198549410698,5.07745266781411,-0.0861326442721773,0.343347639484986,-3.28014184397164,-2.17391304347826,-1.5639374425023,-5.32945736434107,7.44394618834081,0.446428571428562,-4.38024231127678,-1.99619771863119,0.28436018957347,-2.62645914396888,-3.420523138833,1.09452736318409,-1.10663983903422,-4.08376963350784,-0.951374207188159,3.56778797145769,4.75728155339806,1.15163147792706,-0.0960614793467799,-0.0961538461538441,-0.48309178743962,0.192864030858241,-8.58638743455496,-1.92102454642478,-3.53591160220993,-3.42857142857144,2.56124721603564,0.443458980044336,2.16919739696313,3.04942166140903,-0.63492063492064,-0.425079702444199,0.738396624472577,2.16718266253869,-0.103305785123965,2.02429149797572,0.803212851405623,-0.707785642062692,1.49402390438246,-1.51668351870575,-1.85375901132852,-2.75132275132277,-2.71739130434783,1.39335476956057,1.26984126984126,-2.82916213275299,2.33793836344315
0,0,-0.113765642775899,2.11581291759467,-1.58371040723983,-1.37614678899082,-0.34522439585732,-1.16414435389988,0.348027842227371,2.92792792792795,2.6315789473684,-1.44605116796439,0.332594235033252,-1.92090395480226,-1.49082568807338,1.91226096737908,-2.89351851851852,-2.12765957446808,-0.594530321046382,-1.81598062953996,-0.854700854700858,-2.7603513174404,0.125313283208029,1.84501845018451,-3.83141762452108,3.21384425216316,-5.06493506493506,-0.917431192660554,-0.659630606860156,3.92902408111533,0.504413619167718,-0.252844500632106,3.30073349633251,12.6068376068376,-1.62866449511399,-3.36700336700338,-2.88683602771363,-0.115606936416183,-0.231749710312857,3.1425364758698,-3.24449594438006,3.89755011135857,1.42700329308451,-0.551876379690938,-2.48868778280544,2.42825607064018,-1.79775280898877,-0.907029478458051,-2.08333333333333,1.25714285714285,1.01809954751131,0.562429696287972,-0.90805902383655,-1.49769585253457,1.69875424688562,1.11982082866741,4.69583778014941,5.16194331983807,-3.239289446186,0.0,0.312499999999993,-0.418410041840995,0.0,-1.59404888416578,27.4479568234387
0,0,0,0,0,4.15430267062314,0.197433366238908,-1.19880119880121,2.90979631425801,-0.0970873786407746,5.06912442396312,1.8987341772152,-2.40740740740741,2.61496844003606,3.14410480349345,-1.95903829029385,-3.311867525299,-0.834879406307977,6.74740484429067,-0.521739130434787,-3.32434860736747,-1.73674588665449,0.905797101449272,1.86666666666667,-1.44274120829576,-5.41825095057034,5.90339892665474,1.67106420404573,0.524934383202104,2.05655526992288,0.171086398631305,1.35021097046414,0.587248322147653,0.666666666666667,-1.69491525423728,-0.854700854700867,-2.00523103748909,-2.4107142857143,-0.178890876565291,-0.720720720720721,3.14136125654451,0.950734658599822,2.2804054054054,0.837520938023448,-0.420521446593767,2.54098360655737,2.00803212851406,3.63777089783282,-2.86624203821656,0.632911392405064,-3.52170352170352,12.847965738758,-2.86343612334802,-2.17554388597149,-0.150262960180312,-2.85935085007729,1.52207001522071,0.227790432801817,-1.30769230769231,1.14068441064639,-1.62287480680062,-0.154798761609904,1.2987012987013,-0.925212027756355,-4.17670682730925
0,0,0,-0.759878419452885,-0.458015267175576,2.89103039288362,-0.671641791044775,-0.449775112443782,0.373412994772223,2.61818181818181,-1.32645541635961,-0.667655786350147,-4.01234567901234,2.04081632653061,0.226244343891398,1.04477611940299,-0.374531835205998,-1.44376899696048,-0.534759358288772,0.908402725208183,1.19670905011218,-1.98321891685736,1.87125748502994,-4.53834115805947,-0.947867298578193,-5.5,-3.44827586206897,3.17195325542572,0.0,5.29644268774704,-0.317208564631252,-8.70689655172414,1.19250425894379,-2.89219982471516,-0.0877192982456122,-6.54205607476637,0.83410565338276,-0.0927643784786622,2.17785843920145,2.13143872113677,1.91637630662021,-1.05633802816902,0.872600349040152,4.02010050251255,1.4037985136251,-4.75778546712802,-4.90018148820328,-1.28676470588234,0.183486238532106,3.19715808170515,3.51328191945159,-0.430292598967304,-0.0861326442721773,-0.345721694036293,-0.0865051903114168,8.61660079051383,0.550314465408807,-3.24675324675325,1.12359550561798,-1.96399345335516,6.64629488158899,-1.08108108108109,-3.10509554140126,-0.883534136546195,15.0170648464164
0,0,-1.90239867659223,2.34248788368337,1.27591706539074,0.633914421553091,-2.60162601626015,5.38461538461538,1.29081245254366,2.00892857142857,-5.41176470588235,1.39211136890951,-2.21343873517786,-2.92921074043939,4.3579766536965,2.65151515151515,2.79823269513992,-1.4947683109118,-2.45022970903522,-2.9156816390859,1.62790697674419,1.90114068441065,-0.843558282208598,0.685453160700698,-0.922367409684866,8.25105782792666,1.93637621023514,-1.47368421052632,-4.24286759326993,-0.588668138337013,-0.295202952029514,0.65982404692082,1.79985601151908,0.358680057388802,-3.18282753515914,1.60233066278223,-3.15552216378663,-0.301431801055018,1.6308376575241,-1.04868913857678,2.6258205689278,-1.85735512630015,-1.43180105501131,3.35032774945376,1.43575017946877,2.17696629213484,-2.15208034433286,-0.649819494584837,-0.947521865889206,1.85979971387697,2.23776223776224,-1.41843971631206,0.843881856540091,0.0,4.37121721587087,-0.472972972972963,-1.02389078498294,-4.12224591329069,1.47058823529411,2.32558139534884,-1.31670131670131,1.29958960328317,-0.274348422496565,0.477815699658705,-19.299674267101
0,0,1.60857908847185,0.863787375415287,3.64916773367477,1.88442211055277,-0.251889168765738,-1.27551020408164,-0.836012861736328,-3.94385026737968,-1.08108108108108,1.26751167444963,-3.37931034482759,-38.0952380952381,5.4054054054054,-0.271002710027095,-2.40518038852914,0.643382352941179,5.22648083623693,0.0870322019147066,0.691443388072602,-1.49122807017544,2.97872340425532,1.17746005046258,0.335289186923715,1.40495867768595,-1.5952980688497,-1.96917808219178,-0.863557858376508,-1.93661971830986,-2.06648697214734,-0.180018001800192,-3.44506517690875,-0.561797752808993,1.83823529411766,-0.554528650646955,-0.46425255338905,-1.12676056338027,2.56175663311985,-0.644567219152857,-1.87617260787992,-1.71755725190839,1.22525918944391,-0.664136622390895,0.659754948162114,2.30202578268877,3.55239786856128,-0.446030330062435,-0.900090009000913,1.41969831410825,-1.0762331838565,1.15248226950354,2.08333333333334,2.12404418011895,1.99833472106578,2.4370430544273,2.0684168655529,-1.94647201946472,0.724637681159419,0.0804505229283973,0.798084596967276,-1.45748987854251,-0.406504065040642,-0.162866449511412,5.17374517374517
0,0,0,0,2.1617293835068,-0.240770465489561,1.18953211736716,-0.71884984025559,1.95771339075959,-1.26883425852498,0.0792393026941346,1.17462803445576,4.34456928838951,-4.37842064112588,-0.156617071260764,-1.75298804780876,0.868878357030011,2.39013107170394,0.384024577572956,2.10526315789475,-3.98749022673965,0.929512006196754,1.29969418960245,-0.92592592592592,-1.40845070422536,8.90947968638632,0.284292821606261,-1.29589632829373,-1.90755685986794,-0.0734214390602171,-0.0734753857457736,2.78571428571429,1.47783251231528,1.25086865879082,1.64046479835954,-0.0683994528043883,-3.76153300212917,-0.714796283059326,0.142755174875086,0.638297872340425,1.60502442428472,-2.79770444763272,1.13475177304965,-12.2611464968153,0.158982511923685,-1.53349475383373,0.401929260450152,0.160513643659722,-1.30081300813008,0.806451612903223,-0.64935064935065,0.162074554294972,-0.570497147514265,1.36655948553055,0.320512820512828,-0.889248181083276,0.0,-1.3104013104013,1.53225806451613,-2.14168039538715,0.491803278688514,2.78884462151396,1.72278778386843,1.38996138996139,30.3763440860215
0,0,0,0.300075018754696,-0.679758308157099,-0.0755857898715025,-1.22417750573833,2.89747399702824,3.23508267433501,-2.50552689756816,-1.19313944817301,4.21428571428571,-0.719424460431652,-0.797679477882532,-0.583515681983941,1.36690647482014,-0.14409221902017,0.143884892086328,0.501073729420188,3.25484764542936,-0.138696255201107,1.02951269732327,-0.760719225449512,-4.63096960926194,2.05527994330262,2.48790601243954,4.73996050032916,4.94367959949938,2.50152532031727,3.70152761457109,4.16666666666668,1.49750415973377,0.331674958540623,-0.779944289693597,0.992829564258134,-0.110436223081168,-0.555247084952792,-1.06621773288441,0.50251256281407,0.389321468298111,0.991189427312774,0.873362445414848,-2.51818690542809,1.16150442477875,-2.32031692133558,0.897363993269751,1.43725815367607,-1.17449664429531,0.167504187604696,-3.8863109048724,-1.11436950146626,-0.235155790711341,-2.03959208158368,0.119832234871178,-0.481637567730294,2.52347417840375,2.57289879931389,-0.401836969001129,0.853727945361403,-1.50202195262855,2.58863252673045,1.11296605453533,-0.279017857142841,3.65591397849462,-21.9672131147541
0,0,-0.962566844919785,2.75611024440978,1.48565573770491,-2.95358649789029,1.35275754422476,0.103950103950102,-0.785751702462015,0.934094447327451,-1.84989429175475,0.263574064312057,-2.20905172413793,1.53846153846155,-1.50780829294562,-2.25770925110132,-0.498063087991145,-2.96296296296296,-1.03626943005181,-0.754060324826001,-1.89125295508272,-2.98234936092515,-2.6875,-7.96221322537112,4.8780487804878,-10.3399433427762,4.20624151967436,-5.96693026599569,3.33564975677554,1.90865712338105,1.21212121212121,-1.85185185185185,1.9502353732347,-3.98601398601398,3.24763193504735,-1.0252904989747,5.97686375321337,2.01511335012595,-2.650290885585,2.88763339610797,2.4494794856093,5.98733448474383,-0.173010380622844,-2.18031820860342,-2.47584541062802,-0.0604229607250635,2.98944900351699,-1.18623962040332,-3.81773399014779,0.0615384615384712,-1.05721393034827,0.618046971569848,2.05811138014528,0.30175015087508,-1.53186274509804,-0.865265760197779,-4.18544752092724,-3.46435709526982,3.47266881028939,2.56892230576441,0.622665006226637,-3.2797427652733,-1.17111255692909,-0.786885245901634,12.1543778801843
0,0,0,0.616438356164383,2.07914151576124,-2.40384615384615,5.20833333333333,-0.589390962671905,-0.72559366754617,3.74603174603175,4.25531914893617,-1.98388096714197,1.94528875379939,-0.85836909871245,0.911300121506696,4.13511939429237,-0.0582750582750674,-3.37349397590361,2.98071303331384,3.0045351473923,2.1630615640599,-3.08747855917669,-3.67516301126258,3.43445907269604,-3.12868949232584,-5.08684863523573,-1.25628140703518,1.17939168218498,-2.09125475285171,-2.13592233009709,3.01318267419963,0.437500000000002,0.435594275046673,-3.5438144329897,-2.03813280736357,-1.40000000000001,-0.738750839489587,0.534402137608551,-4.5391061452514,-3.1700288184438,4.60481099656357,-1.32311977715878,6.08240680183126,0.778715120051921,-3.70121130551817,5.04792332268371,0.571791613722998,0.0634920634920621,-4.58167330677291,4.86418193303853,-1.73521850899743,-1.23617436564737,-1.25164690382081,2.50481695568401,0.701530612244894,0.381194409148669,6.25372245384157,2.32693426410705,1.09321058688146,0.912200684150514,0.791855203619913,-2.79069767441861,1.37614678899084,-0.460829493087568,6.41509433962265
0,0,0,0,-1.29564193168433,-1.79856115107914,4.13793103448275,3.76106194690265,0.330760749724379,0.220022002200215,-0.110132158590306,1.73160173160173,0.645161290322586,-2.08562019758509,-1.10987791342952,-1.86546071226681,1.44846796657381,5.7742782152231,1.19294605809129,-0.942408376963349,-1.27253446447509,-0.265816055289743,-0.427122263747989,1.42105263157895,0.783289817232369,1.7948717948718,-1.24610591900311,-2.01271186440679,-2.21981591770439,-2.72525027808675,4.15778251599148,-1.46024878312603,-0.872885979268959,1.29240710823911,-1.03373231773668,-3.84180790960452,-2.43055555555554,1.70648464163821,-1.67727009832273,-0.698893418753625,2.3877202956225,0.396375990939979,-1.14547537227949,-1.10017371163869,-0.994152046783615,0.869565217391296,0.289017341040467,-0.289855072463772,-0.232423009877973,-0.702165008777068,1.27094165222414,-1.34660421545668,-1.12492599171106,-0.896057347670264,0.297796307325793,-4.02726146220569,0.308832612723908,2.35223160434256,-0.606796116504841,3.17273795534665,-0.235571260306238,5.19262981574539,2.61011419249592,0.862533692722373,-9.31054802592812
0,0,0,0.324851109907952,0.912017167381983,-2.58668134287286,-3.18001135718343,0.676818950930632,1.44524735964424,-2.44874715261959,-0.515168860904407,1.18778280542987,-2.13749277874062,-0.464306442251876,1.87927107061502,-1.26874279123413,1.36518771331057,1.78770949720671,-1.41643059490085,1.28635346756152,-3.35260115606935,1.70454545454546,4.19161676646706,-0.108991825613077,-1.54952960708357,1.31075914800655,-2.9229904440697,-1.2521343198634,2.17149220489978,0.718629076838027,-0.611790878754168,0.0555864369093831,1.26234906695939,-9.03650508677437,-1.76613885505481,0.785498489425976,-2.03452527743528,-1.75658720200752,0.062695924764889,1.17719950433706,2.65379975874546,-3.23785803237858,-2.8169014084507,-3.30687830687831,0.982318271119845,0.196078431372556,1.92307692307692,-2.90237467018469,1.49447693307343,2.28571428571428,0.88105726872247,-0.0629722921914344,0.811992504684577,-2.10459183673471,3.62630608481868,2.2235576923077,-3.03405572755419,-1.63624921334171,1.60990712074302,0.308641975308646,-1.50375939849623,3.62318840579709,-1.47058823529411,3.83028874484383,18.2168674698795
0,0,0,-0.732394366197177,-0.339174674957596,-1.20137299771168,-0.229357798165133,-0.34522439585732,-0.929152148664345,0.289519397799657,0.173410404624284,1.08633504859919,3.53006067291782,3.46112886048989,0.37135278514589,-0.694444444444458,-0.91644204851751,1.27727514635444,0.0,3.78904249871993,-2.62743037309511,-2.36686390532545,-2.08676551345414,-0.0549450549450635,-0.496963003865267,0.110314396028679,-0.778210116731521,-1.75339366515836,-0.798175598631702,0.679501698754252,0.113122171945699,0.562429696287972,1.65929203539821,-1.40213123948402,0.112044817927188,2.67175572519083,-0.658616904500554,-1.61740100390407,-1.24223602484471,1.28205128205128,-0.786516853932587,2.94438386041439,1.34480903711673,-0.323799244468423,-0.98092643051771,0.217509516041322,0.108636610537749,3.05423907319641,0.0,-0.263991552270312,-0.905700586041565,-0.213561131873994,0.951877313590691,1.25326370757179,1.7444843509492,0.561224489795934,0.203665987780036,1.7017017017017,2.63157894736842,1.67704839482511,-2.10371819960861,0.486854917234654,0.580832526621496,0.433734939759035,-12.0410367170626
