0,0,-7.09459459459459,-2.77777777777778,-7.86516853932584,-5.11811023622047,-0.793650793650794,1.5625,4.83271375464684,9.12162162162162,10.5740181268882,6.49717514124294,-11.6719242902208,6.21301775147929,-2.73556231003039,-1.23076923076923,-2.52365930599369,-2.92207792207792,-2.66666666666667,-1.35135135135135,6.62460567823344,0.0,-2.92207792207792,-1.31578947368421,-2.70270270270271,-7.63636363636364,-2.99625468164794,-5.11811023622047,6.2730627306273,0.0,7.19178082191781,0.0,2.01342281879195,-25.2100840336135,3.25203252032521,-3.36134453781513,-7.69230769230769,1.77777777777778,-8.17307692307692,0.0,-10.6382978723404,4.08163265306123,2.0,5.66037735849057,-2.9126213592233,-3.0,1.96078431372549,-4.08163265306123,3.92156862745098,0.0,12.4463519313305,5.28455284552845,0.0,0.0,-1.65289256198347,-3.862660944206,-1.7467248908297,-5.5299539170507,3.55555555555556,-3.68663594470046,-4.32692307692307,1.88679245283019,7.4235807860262,-5.5299539170507,-18.5792349726776
0,0,0,10.4651162790698,6.18181818181818,15.3846153846154,-1.24610591900312,-5.59210526315789,1.2987012987013,7.50750750750751,-12.5,6.62460567823344,-2.92207792207792,-8.8339222614841,-3.66300366300367,2.1505376344086,0.0,0.0,-6.48854961832061,1.87265917602996,-3.48837209302325,1.52671755725191,-1.55038759689923,-0.781250000000001,-2.4,3.10077519379845,0.0,-3.2,-7.29613733905579,-1.7467248908297,-3.61990950226245,10.1626016260163,-7.4235807860262,-8.0188679245283,-1.92307692307692,7.55555555555555,0.881057268722468,0.873362445414848,-3.61990950226245,7.14285714285714,-7.69230769230769,5.15021459227468,-1.7467248908297,-1.77777777777778,3.43347639484979,-3.55555555555556,-3.68663594470046,-2.35849056603773,2.30414746543778,-4.32692307692307,1.88679245283019,-6.00000000000001,-4.16666666666667,2.04081632653061,-4.25531914893617,0.0,0.0,0.0,2.08333333333334,-4.91803278688524,4.68749999999999,-1.05263157894737,1.04166666666667,-4.91803278688524,-66.3636363636364
0,0,0,2.6595744680851,-18.9873417721519,-24.4094488188976,1.55038759689923,11.6438356164384,2.66666666666667,0.0,-2.73972602739726,-5.79710144927537,-3.75939849624059,-18.75,15.7894736842105,0.0,3.62318840579709,0.0,-3.75939849624059,0.0,-9.91735537190083,9.02255639097745,3.62318840579709,-6.9767441860465,9.15492957746478,-15.4471544715447,1.6,-6.83760683760684,0.0,3.30578512396694,0.0,-8.03571428571427,-3.70370370370371,1.81818181818182,5.98290598290597,0.0,0.0,-6.36363636363635,-5.76923076923077,14.0495867768595,6.2015503875969,3.00751879699248,3.62318840579709,2.81690140845071,-6.76691729323307,6.33802816901407,-5.18518518518517,2.17391304347825,-3.75939849624059,-3.10077519379845,4.44444444444445,2.17391304347825,-3.75939849624059,-6.40000000000001,0.0,-5.04201680672269,4.8,0.0,-6.83760683760684,-4.4642857142857,5.88235294117646,-6.24999999999999,4.27350427350426,-6.36363636363635,-1.85185185185185
0,0,13.5338345864662,-3.10077519379845,0.0,14.0,-4.16666666666667,-8.27067669172931,0.0,-3.10077519379845,-3.2,0.0,0.0,0.0,-5.04201680672269,-1.70940170940171,0.0,12.0300751879699,-3.10077519379845,3.00751879699248,6.33802816901407,0.0,0.0,-2.89855072463768,-3.75939849624059,8.90410958904109,-1.38888888888889,-4.34782608695653,2.81690140845071,0.0,-6.76691729323307,6.33802816901407,-6.76691729323307,0.0,3.62318840579709,-14.0495867768595,-3.41880341880342,-6.36363636363635,-1.85185185185185,6.08695652173912,-2.67857142857141,0.0,5.88235294117646,-6.24999999999999,7.43801652892561,-3.41880341880342,0.0,-8.33333333333332,7.69230769230768,3.30578512396694,0.0,0.0,-3.41880341880342,0.0,0.0,0.0,-4.4642857142857,0.0,0.0,2.6086956521739,0.0,-2.67857142857141,-3.70370370370371,0.0,26.027397260274
0,0,3.70370370370371,3.57142857142857,-3.70370370370371,6.08695652173912,1.70940170940171,-8.33333333333332,10.7438016528926,12.3188405797101,-6.9767441860465,0.0,9.15492957746478,-10.077519379845,11.6438356164384,2.66666666666667,2.5974025974026,2.53164556962026,2.46913580246914,-5.1948051948052,0.0,2.53164556962026,4.24242424242423,1.19760479041916,-5.69620253164556,1.25,1.23456790123457,0.0,0.0,7.42857142857142,-2.33918128654971,0.0,-5.55555555555555,0.0,5.26315789473683,-5.55555555555555,2.99401197604789,2.33918128654971,1.15606936416185,-1.16959064327485,2.28571428571429,0.0,0.0,6.91489361702127,-2.73224043715846,2.6595744680851,-5.02793296089385,1.10497237569061,-1.11731843575419,0.0,2.18579234972678,-2.23463687150838,0.0,-4.67836257309942,2.28571428571429,1.12994350282486,3.27868852459017,-9.5808383233533,0.0,0.0,1.18343195266272,-6.96202531645569,-5.33333333333334,-2.73972602739726,-52.0833333333333
0,0,0,0,1.33333333333333,0.0,-5.63380281690141,0.0,-6.76691729323307,-6.40000000000001,3.10077519379845,0.0,-6.61157024793389,-3.41880341880342,0.0,3.30578512396694,3.2,-3.30578512396694,-3.41880341880342,3.30578512396694,-8.03571428571427,4.27350427350426,0.0,0.0,0.0,0.0,-4.4642857142857,-7.6923076923077,-4.0,3.84615384615385,3.70370370370371,0.0,-8.00000000000001,10.7142857142857,4.27350427350426,0.0,0.0,0.0,-4.4642857142857,-3.70370370370371,7.69230769230768,-4.4642857142857,-7.6923076923077,11.1111111111111,-4.4642857142857,-7.6923076923077,-4.0,7.40740740740741,-8.00000000000001,3.84615384615385,-4.0,3.84615384615385,-4.0,3.84615384615385,0.0,3.70370370370371,-14.8936170212766,-2.17391304347825,8.0,-8.69565217391304,2.12765957446808,2.08333333333334,-4.34782608695651,4.16666666666666,-4.34782608695651
0,0,0,-8.69565217391304,0.0,0.0,-4.54545454545455,0.0,4.34782608695653,0.0,-4.54545454545455,-6.02409638554217,0.0,9.78260869565218,-4.54545454545455,0.0,4.34782608695653,-4.54545454545455,4.34782608695653,0.0,-4.54545454545455,-11.3924050632911,14.1304347826087,-10.8433734939759,5.68181818181819,0.0,0.0,15.3846153846154,3.70370370370371,0.0,-3.84615384615385,7.14285714285715,-3.70370370370371,-3.84615384615385,-8.33333333333334,-4.34782608695651,0.0,-4.54545454545455,8.33333333333333,-4.34782608695651,0.0,2.12765957446808,-6.81818181818181,0.0,4.34782608695653,4.16666666666666,-4.34782608695651,4.16666666666666,-9.09090909090909,0.0,8.33333333333333,-9.09090909090909,0.0,-6.02409638554217,9.78260869565218,-4.54545454545455,0.0,0.0,0.0,0.0,0.0,-6.02409638554217,0.0,9.78260869565218,-10.8433734939759
0,0,0.0,14.1304347826087,-4.54545454545455,0.0,-6.02409638554217,-2.46913580246912,0.0,7.95454545454545,-6.02409638554217,-10.6666666666667,5.06329113924051,-11.2676056338028,0.0,-5.97014925373133,15.1898734177215,0.0,-11.2676056338028,-14.5161290322581,0.0,0.0,21.5189873417722,17.7083333333333,0.0,0.0,-9.09090909090909,-17.3333333333333,9.63855421686747,0.0,-10.6666666666667,5.06329113924051,10.2272727272727,-11.3924050632911,10.2272727272727,-6.02409638554217,9.78260869565218,-4.54545454545455,-6.02409638554217,0.0,-5.0632911392405,0.0,10.2272727272727,0.0,-8.64197530864197,2.40963855421686,0.0,-10.6666666666667,5.06329113924051,4.81927710843373,-10.6666666666667,0.0,0.0,9.63855421686747,-5.0632911392405,-5.33333333333334,-5.63380281690141,5.33333333333334,-5.63380281690141,0.0,0.0,14.4578313253012,2.35294117647059,-2.40963855421687,13.5416666666667
0,0,-6.02409638554217,1.19047619047619,-1.20481927710843,7.77777777777778,0.0,4.25531914893616,7.84313725490197,-2.0,1.96078431372549,0.970873786407768,-5.10204081632654,3.92156862745098,-8.51063829787235,6.00000000000001,-4.16666666666667,2.04081632653061,2.0,-13.6363636363636,6.38297872340425,0.0,2.08333333333334,4.0,-2.04081632653061,-2.08333333333334,0.0,0.0,-2.12765957446809,0.0,1.05263157894737,5.0,-2.04081632653061,-2.08333333333334,-2.12765957446809,6.00000000000001,-4.16666666666667,-2.12765957446809,6.00000000000001,0.0,1.96078431372549,-2.0,1.96078431372549,2.85714285714286,8.69565217391303,12.2137404580153,-8.26446280991736,-3.41880341880342,-6.36363636363635,1.78571428571429,-9.80392156862746,-6.25000000000001,2.04081632653061,-2.08333333333334,2.04081632653061,-2.08333333333334,0.0,0.0,-2.12765957446809,7.84313725490197,-2.0,-6.38297872340426,-2.17391304347825,4.16666666666666,-47.6923076923077
0,0,0,6.24999999999999,-4.34782608695651,8.0,0.0,1.96078431372549,1.92307692307692,0.0,0.0,0.0,0.0,-0.970873786407768,0.961538461538462,0.0,1.88679245283019,0.0,0.0,-1.92307692307692,0.0,3.70370370370371,-3.84615384615385,-1.96078431372549,0.0,-8.51063829787235,-2.17391304347825,0.0,0.0,-4.54545454545455,5.37634408602151,6.99999999999999,-6.38297872340426,4.08163265306123,-1.03092783505155,-1.04166666666667,0.0,-2.12765957446809,-2.17391304347825,-2.22222222222222,-2.27272727272727,-6.02409638554217,0.0,-7.79220779220779,4.93827160493828,-2.53164556962026,2.46913580246914,0.0,-2.53164556962026,-11.2676056338028,5.33333333333334,-2.73972602739726,0.0,2.66666666666667,-2.73972602739726,2.66666666666667,-5.63380281690141,-2.89855072463768,-1.4705882352941,4.22535211267604,-5.97014925373133,0.0,-3.07692307692308,0.0,-58.5365853658537
0,0,0,0,-3.07692307692308,0.0,0.0,-4.83870967741936,-6.89655172413794,0.0,-7.40740740740739,9.99999999999999,3.22580645161291,-6.89655172413794,-3.57142857142855,3.44827586206895,-3.57142857142855,0.0,0.0,0.0,6.66666666666665,0.0,10.4477611940299,5.6338028169014,-2.89855072463768,-6.15384615384614,-4.83870967741936,7.46268656716419,0.0,2.89855072463767,2.81690140845071,-2.89855072463768,-6.15384615384614,0.0,0.0,0.0,-4.83870967741936,0.0,4.61538461538462,-8.33333333333334,3.22580645161291,0.0,4.61538461538462,-8.33333333333334,0.0,0.0,-3.44827586206897,-7.40740740740739,0.0,-8.00000000000001,0.0,3.84615384615385,0.0,0.0,-4.0,-4.16666666666667,-14.2857142857143,12.5,-9.09090909090909,-4.76190476190477,-2.4390243902439,0.0,0.0,0.0,-2.49999999999999
0,0,0,0.0,8.0,-4.16666666666667,0.0,-2.12765957446809,-4.44444444444444,2.17391304347826,-4.54545454545455,0.0,0.0,-2.32558139534884,6.52173913043479,8.0,-4.16666666666667,0.0,0.0,-20.0,13.0434782608696,-9.52380952380953,0.0,8.69565217391305,0.0,0.0,-9.52380952380953,0.0,0.0,4.54545454545455,2.22222222222222,2.17391304347826,11.5384615384615,-4.0,0.0,-4.16666666666667,7.6923076923077,-4.0,-8.69565217391304,8.0,-8.69565217391304,0.0,8.0,-8.69565217391304,0.0,0.0,4.16666666666666,4.0,0.0,-4.16666666666667,2.04081632653061,2.0,-2.04081632653061,-2.08333333333334,0.0,-9.09090909090909,0.0,4.34782608695653,0.0,-4.54545454545455,-4.76190476190477,0.0,-2.4390243902439,-2.49999999999999,-14.2857142857143
0,0,0,0,2.56410256410257,-2.63157894736842,5.0,-5.26315789473685,5.0,-5.26315789473685,7.3170731707317,0.0,-2.49999999999999,0.0,4.76190476190475,-4.99999999999999,4.76190476190475,2.32558139534884,-7.49999999999999,0.0,9.09090909090909,10.2040816326531,-2.08333333333334,-4.34782608695651,-4.54545454545455,8.33333333333333,-9.09090909090909,2.22222222222222,-2.27272727272727,0.0,-4.76190476190477,0.0,4.54545454545455,-4.76190476190477,-4.99999999999999,4.76190476190475,0.0,0.0,0.0,2.32558139534884,-2.38095238095238,0.0,0.0,4.54545454545455,-4.76190476190477,0.0,-4.99999999999999,4.76190476190475,-4.99999999999999,-5.26315789473685,0.0,0.0,0.0,0.0,-8.57142857142858,7.89473684210527,-8.57142857142858,2.77777777777778,5.26315789473685,0.0,-5.55555555555556,-2.85714285714286,0.0,0.0,43.5483870967742
0,0,0,-10.5263157894737,9.52380952380952,-2.4390243902439,2.38095238095238,0.0,-2.4390243902439,6.81818181818182,0.0,-9.99999999999999,0.0,-2.56410256410257,7.14285714285714,0.0,0.0,2.32558139534884,0.0,-2.38095238095238,0.0,2.32558139534884,2.27272727272727,6.38297872340425,-2.17391304347825,4.16666666666666,-4.34782608695651,2.12765957446808,-6.81818181818181,8.33333333333333,11.1111111111111,9.99999999999999,10.4477611940299,2.89855072463767,-6.15384615384614,-4.83870967741936,0.0,0.0,0.0,0.0,0.0,0.0,0.0,10.1449275362319,0.0,0.0,0.0,-2.98507462686566,-8.06451612903227,-3.33333333333334,3.22580645161291,-3.33333333333334,20.0,-8.69565217391305,-2.98507462686566,-8.06451612903227,10.1449275362319,-6.15384615384614,2.98507462686567,-3.07692307692308,-4.83870967741936,6.06060606060607,-6.45161290322581,0.0,34.0425531914894
0,0,0,7.6923076923077,-1.5625,-4.91803278688525,1.61290322580645,-6.89655172413794,3.33333333333334,-3.44827586206897,4.91803278688525,7.57575757575758,0.0,-1.53846153846154,1.51515151515152,-1.53846153846154,1.51515151515152,-1.53846153846154,2.98507462686567,0.0,1.47058823529412,0.0,6.84931506849314,-2.81690140845071,0.0,0.0,2.73972602739726,0.0,-5.79710144927537,2.81690140845071,1.38888888888889,1.36986301369863,-5.79710144927537,-6.15384615384614,2.98507462686567,5.6338028169014,0.0,2.73972602739726,0.0,-5.79710144927537,8.00000000000001,0.0,-2.73972602739726,-2.81690140845071,0.0,2.73972602739726,-2.81690140845071,2.73972602739726,0.0,2.66666666666667,8.53658536585365,2.38095238095238,-2.4390243902439,3.52941176470589,7.60869565217392,-8.23529411764707,-2.40963855421687,5.68181818181819,0.0,-2.32558139534884,-1.1764705882353,3.40909090909091,0.0,6.38297872340425,28.2442748091603
0,0,0,9.80392156862745,-6.25000000000001,4.0,7.40740740740741,-1.88679245283019,-1.92307692307692,-1.96078431372549,1.92307692307692,-1.96078431372549,-4.08163265306123,-7.69230769230769,9.0,3.84615384615385,0.0,-4.0,5.66037735849057,0.0,5.35714285714286,-1.81818181818182,-3.77358490566038,-3.92156862745098,0.0,1.92307692307692,-1.96078431372549,0.0,20.9302325581395,-1.5748031496063,-1.6,1.5748031496063,0.0,-3.25203252032521,3.1496062992126,0.0,-1.6,-1.6260162601626,-3.36134453781513,1.65289256198347,-3.41880341880342,-6.36363636363635,4.34782608695651,0.0,4.95867768595042,9.70149253731344,-3.87596899224807,-3.2,-5.04201680672269,7.03125000000001,9.21985815602836,-4.44444444444443,6.89655172413792,-2.11267605633803,0.0,0.0,0.0,0.0,-5.18518518518517,0.0,3.57142857142856,-6.87022900763358,0.0,0.0,59.6923076923077
0,0,0,-0.793650793650794,-2.4390243902439,1.6,-3.30578512396694,1.6260162601626,8.2089552238806,4.96453900709219,6.00000000000001,1.31578947368421,3.79746835443038,4.24242424242423,-3.12499999999999,10.6145251396648,-1.12994350282486,-1.14285714285714,-4.79041916167665,-9.86842105263157,11.1111111111111,7.56756756756757,6.56565656565656,18.1818181818182,-9.99999999999999,3.08370044052863,0.873362445414848,-0.881057268722468,0.873362445414848,1.71673819742489,-1.7467248908297,-4.5662100456621,-3.30188679245282,-1.92307692307692,-0.970873786407768,0.0,2.83018867924529,-3.92156862745098,1.92307692307692,1.88679245283019,8.22510822510822,-2.66666666666667,-0.896860986547086,2.62008733624454,-1.77777777777778,6.25,0.0,2.4390243902439,1.6,-1.6260162601626,-2.5,-3.89610389610389,1.70212765957447,-1.73160173160173,0.0,0.858369098712447,6.8,7.74907749077491,6.55172413793103,15.6976744186047,10.6493506493507,-6.94444444444444,-8.76132930513595,-1.84615384615385,12.3989218328841
0,0,0,-5.9190031152648,-0.626959247648903,0.623052959501558,0.0,-8.44594594594595,8.92307692307692,-1.24610591900312,1.23076923076923,9.72222222222222,-3.44827586206897,-5.13595166163142,-2.47678018575852,-0.623052959501558,0.619195046439629,3.58208955223881,4.28571428571428,-1.74418604651163,7.27762803234501,-3.63128491620111,0.0,4.02144772117962,-0.539083557951483,-4.21348314606741,-1.71428571428572,-1.15606936416185,0.574712643678161,2.24719101123596,-2.29885057471265,-0.578034682080925,-3.28358208955224,-1.82370820668693,6.0,-9.03426791277259,1.8348623853211,4.3859649122807,0.58139534883721,1.71428571428572,-1.15606936416185,0.0,-2.36686390532545,-3.36391437308868,-0.306748466257676,0.911854103343473,-4.11392405063291,-4.63576158940398,-6.71378091872791,0.701754385964913,-2.5179856115108,21.0227272727273,6.63129973474801,-5.3072625698324,-4.98533724340176,-4.28134556574924,-2.50783699059561,5.05952380952381,-0.298507462686561,-1.82370820668693,2.66272189349112,1.74418604651163,1.71428571428572,5.66037735849057,3.63636363636364
0,0,0,4.7945205479452,3.94736842105263,-6.79156908665106,1.83908045977012,0.0,-0.928074245939676,0.461893764434191,0.0,-3.34128878281622,-2.69607843137256,4.44964871194378,1.38568129330255,0.459770114942519,1.13636363636365,-1.14942528735634,12.6506024096386,-4.8421052631579,0.419287211740033,0.831600831600832,1.02880658436215,-4.06852248394005,-3.31858407079647,1.31004366812228,3.17124735729388,0.0,3.46938775510204,1.99999999999999,0.398406374501984,-1.20967741935483,-2.26804123711341,2.21774193548388,1.19521912350597,0.0,-1.61943319838055,-0.40650406504066,-4.90405117270788,0.0,-10.8747044917258,1.85614849187933,0.461893764434191,-0.932400932400933,-2.38663484486873,-3.20197044334977,2.63788968824941,-3.21782178217822,-1.50753768844221,1.97044334975369,0.490196078431384,0.48780487804877,0.0,1.20481927710845,-2.72277227722773,-2.02020202020202,-3.93700787401575,-1.6,1.05540897097625,1.55844155844156,1.78571428571428,-9.49720670391061,1.10497237569061,5.97402597402597,3.75
0,0,-4.7752808988764,-17.8807947019868,8.20668693009119,5.45977011494253,-6.42201834862385,-6.86274509803922,4.07523510971787,-6.33333333333333,-5.26315789473684,6.86274509803922,1.29032258064516,-3.33333333333334,-6.76156583629893,-11.5079365079365,-3.27868852459017,7.92452830188679,0.749063670411986,-4.296875,2.29007633587786,-1.55038759689923,-2.38095238095238,9.02527075812274,5.13698630136986,3.3112582781457,-3.42465753424658,-0.689655172413794,0.0,9.09090909090909,2.44648318042814,-1.23839009287926,-2.53968253968254,4.83383685800605,6.49717514124294,3.01369863013698,2.14477211796247,-1.63487738419619,-1.94444444444444,1.63934426229508,0.272479564032692,8.25,-2.56410256410257,0.0,-1.29870129870129,0.0,-0.785340314136132,0.261096605744131,3.76884422110553,-3.37662337662337,-0.522193211488251,-0.5249343832021,11.6009280742459,2.04545454545456,-2.08816705336429,-4.10628019323671,-0.485436893203873,-2.48756218905474,-2.03045685279187,3.90243902439024,1.67865707434053,7.7433628318584,-7.6190476190476,-5.0,-1.01010101010101
0,0,-1.01010101010101,5.03597122302158,-2.20588235294117,-3.03030303030303,-2.85714285714285,3.26633165829145,4.55635491606714,3.24825986078886,-5.1219512195122,-1.48514851485148,0.980392156862746,0.48780487804877,-9.9195710455764,1.58311345646438,2.82051282051282,-4.0,-1.07816711590297,-1.08991825613079,-1.94444444444444,-4.04624277456648,3.88888888888889,-0.558659217877095,-7.50750750750751,-5.71428571428572,0.630914826498423,1.85758513931889,-4.19354838709677,0.0,-1.30718954248366,10.0,2.85714285714286,-5.1051051051051,0.597014925373135,3.17919075144508,-2.06489675516224,5.83333333333333,1.90735694822888,1.07816711590297,2.6246719160105,2.80612244897959,2.97029702970297,1.22249388753056,1.91846522781775,-2.96296296296297,6.03248259860788,-5.1219512195122,-4.06091370558375,-6.19946091644205,-4.21348314606741,-4.09356725146199,2.28571428571429,-3.55029585798817,-3.36391437308868,4.94186046511628,3.37078651685394,3.5230352303523,-1.09589041095891,1.61725067385445,5.35714285714286,4.39024390243902,-4.06091370558375,0.505050505050506,0.251889168765749
0,0,0,0,0,2.4390243902439,-5.42857142857143,1.68539325842697,-0.56497175141243,-4.73372781065089,0.588235294117648,3.40909090909091,-0.571428571428572,5.1490514905149,-1.09589041095891,-3.10734463276836,-3.50877192982456,0.58139534883721,-0.584795321637427,3.93258426966292,1.65745856353591,0.0,-0.555555555555556,0.0,7.21649484536082,-2.10526315789474,-1.87667560321715,-2.19178082191781,-1.38888888888888,1.36986301369863,-1.95530726256983,-1.70454545454546,1.67597765363129,3.50404312668463,0.536193029490617,-0.539083557951483,0.0,0.536193029490617,2.61096605744126,5.66502463054186,0.975609756097562,-1.99004975124378,-1.51515151515151,4.57831325301206,-2.46913580246915,1.21951219512195,-0.490196078431362,0.48780487804877,5.31177829099308,9.97920997920997,4.18326693227092,-3.93374741200827,-1.68421052631579,-1.71306209850107,-3.77777777777778,0.442477876106185,-4.87238979118329,-1.41176470588234,1.16279069767441,0.462962962962974,-0.232018561484934,-0.466200466200456,-0.468384074941463,-7.55667506297228,1.73267326732673
0,0,-5.07462686567164,4.82954545454545,7.12401055408971,3.31632653061224,-3.43007915567282,3.80710659898477,-8.83977900552486,-6.47058823529412,-1.49253731343283,-11.6666666666667,-10.7011070110701,9.66666666666667,-2.73972602739726,-3.91459074733096,6.33333333333333,-1.35135135135135,1.33333333333333,-6.00706713780918,1.7361111111111,2.70270270270271,6.62460567823344,3.05810397553517,12.8,-1.6260162601626,-0.544959128065396,-1.38121546961325,-2.84090909090909,3.56164383561644,0.0,-0.82872928176795,0.0,1.36239782016348,0.0,0.542005420054201,1.6,-1.07816711590297,-1.64383561643836,0.0,1.0840108401084,2.12201591511937,-0.533333333333334,0.0,0.0,7.63546798029556,1.45631067961166,3.96270396270396,-1.41843971631205,-0.236966824644566,2.08816705336427,2.70880361173815,-2.30946882217089,1.14155251141552,-1.62412993039444,1.59817351598174,0.680272108843543,0.0,-2.3201856148492,-11.0824742268041,-1.83727034120734,8.19277108433736,-4.79797979797981,1.98019801980198,42.1203438395416
0,0,-0.487804878048792,0.485436893203895,6.36363636363637,-4.01891252955083,1.39860139860139,-0.468384074941463,0.466200466200477,-0.468384074941463,3.39366515837105,5.35331905781585,-3.77777777777778,0.0,3.64025695931477,2.50521920668059,-2.78969957081545,-5.9090909090909,-3.04449648711946,5.11111111111112,1.3157894736842,-0.440528634361224,0.438596491228061,-0.88495575221239,0.0,-0.444444444444435,-2.50569476082005,-2.81030444964871,0.466200466200477,-2.38663484486873,-0.479616306954448,-3.21782178217822,-3.58974358974359,3.46534653465347,6.69745958429561,9.60334029227557,-3.01075268817204,0.0,-0.86767895878525,-0.217391304347841,0.216919739696327,0.860215053763442,8.10276679841896,-2.42914979757083,0.803212851405623,2.73437499999999,0.0,6.90909090909091,0.362318840579702,1.07526881720431,6.21848739495799,0.83333333333333,-3.27022375215147,0.683760683760684,6.69856459330143,-3.80794701986754,2.73752012882448,5.62310030395137,0.0,-3.13479623824452,-5.62913907284768,-1.00334448160534,3.07941653160453,11.6045845272206,-21.8150087260035
0,0,2.0979020979021,1.92043895747599,4.95436766623207,-2.54010695187165,-6.25000000000001,1.81311018131102,-7.17488789237667,0.298062593144554,-0.902255639097739,-2.94117647058824,-2.37717908082409,-0.31796502384737,7.90629575402635,-6.38629283489097,1.53374233128834,-0.462249614791978,-9.62837837837838,0.336700336700344,9.1743119266055,-3.3175355450237,0.314960629921253,3.78787878787879,-1.53846153846153,-0.619195046439629,3.14842578710645,-2.77349768875192,-7.80730897009968,-2.73037542662115,-4.83005366726298,0.178571428571425,6.82196339434276,3.53130016051365,-0.972447325769862,2.21870047543581,2.62345679012347,2.55639097744361,-7.77957860615884,-4.04721753794267,-1.71526586620926,-0.171821305841921,0.512820512820502,1.18243243243244,2.63157894736842,0.0,-0.996677740863796,3.37078651685395,-0.322061191626416,-3.5,-5.82010582010582,-1.25000000000001,-2.94117647058822,3.71681415929203,1.39616055846422,-5.71955719557196,1.09489051094891,1.43884892086329,1.94003527336861,0.0,-1.25000000000001,2.94627383015598,-0.698080279232097,0.0,22.3577235772358
0,0,0,0,0,2.74442538593482,-2.1015761821366,2.89115646258503,1.83639398998331,-2.74442538593482,6.42054574638845,4.15384615384615,0.611620795107034,-1.23839009287926,10.4022191400832,-2.12464589235128,-0.857142857142852,0.0,-2.48901903367496,1.44300144300144,2.6685393258427,0.419580419580423,-2.72988505747127,3.19888734353269,-1.55367231638419,0.0,-2.3121387283237,0.574712643678161,3.7344398340249,1.09439124487003,-3.24858757062146,0.0,2.88065843621399,-0.551724137931035,3.07486631016043,0.0,-0.80862533692723,-2.3448275862069,-4.01721664275467,3.86206896551725,1.09140518417463,3.04232804232804,-5.43933054393305,-4.67153284671533,-4.74006116207951,4.94186046511628,4.57697642163662,-3.0,4.50204638472033,2.00534759358289,1.1889035667107,-0.397877984084884,-1.61725067385445,1.46082337317398,0.659630606860156,0.0,0.0,-0.264550264550271,-0.531914893617022,-1.07526881720429,-0.404858299595145,-1.78571428571428,-1.53417015341702,2.84552845528455,-87.7862595419847
0,0,0,-4.88145048814504,-1.84659090909091,-1.14942528735632,-1.90336749633968,2.28898426323319,-2.49266862170088,-5.24691358024691,-4.68497576736672,5.06134969325152,0.911854103343473,-7.51633986928105,-1.66112956810632,-0.66889632107022,-2.5728987993139,-3.1858407079646,-3.86029411764706,1.44927536231883,4.66321243523317,3.5,0.990099009900984,-1.67785234899328,-1.01694915254237,0.840336134453779,-4.75352112676057,2.23752151462995,-4.12186379928315,3.95869191049913,3.16666666666667,3.06946688206786,-2.48344370860928,-4.31778929188256,-2.65957446808511,-1.25673249551166,-6.0952380952381,1.50093808630394,1.66051660516605,-2.45746691871455,5.19713261648746,-6.28571428571429,-1.94174757281553,-0.980392156862759,0.0,2.48565965583175,-15.1982378854626,4.01691331923891,-0.424628450106167,0.842105263157895,-1.27931769722814,0.0,-2.40174672489084,3.17124735729388,-4.18502202643173,-3.65296803652968,-2.57611241217799,-1.90930787589497,0.475059382422793,5.60538116591928,-0.677200902934543,-3.26340326340326,-0.941176470588236,-8.14249363867684,0.757575757575753
0,0,2.79898218829517,-3.1496062992126,-1.32978723404256,2.33766233766235,0.0,-0.522193211488251,13.7387387387387,0.0,-4.22535211267607,6.16740088105727,-4.36781609195403,2.46636771300449,-2.29357798165137,-3.31753554502371,-2.92682926829269,-4.59183673469387,-0.255754475703319,1.26262626262626,1.98019801980198,-2.27848101265822,-6.18279569892473,4.37017994858612,0.51150895140665,2.73631840796018,6.51162790697675,-0.233100233100228,-8.88324873096447,-0.510204081632654,-2.88713910761155,1.8041237113402,-1.30548302872062,7.03883495145631,-5.10204081632654,0.50761421319797,-2.33766233766233,-0.522193211488251,-1.59151193633952,-5.89887640449438,0.558659217877095,-1.41643059490086,-17.6666666666667,-2.73972602739726,12.5748502994012,7.73480662983426,-0.555555555555556,10.0,-1.52284263959391,-3.41207349081365,6.61764705882353,-1.49253731343285,5.41176470588236,0.932400932400933,-4.12621359223301,1.67064439140812,-1.6990291262136,11.3978494623656,0.0,-0.86767895878525,0.216450216450212,-12.6829268292683,-5.6701030927835,2.02020202020202,49.4252873563218
0,0,-4.43864229765013,-5.80110497237569,-2.84090909090909,-9.65732087227415,5.02958579881657,10.1063829787234,-2.45231607629427,2.91005291005291,5.50000000000001,2.676399026764,7.84753363228699,-1.82648401826484,1.79372197309417,3.04347826086956,-0.217864923747272,6.51731160896131,-8.62831858407081,-0.892857142857124,10.0401606425703,0.0,3.30097087378641,-2.38568588469185,2.70793036750483,3.00187617260788,3.09090909090909,-8.26771653543307,0.0,3.05343511450382,0.94517958412098,-0.761904761904763,-5.84677419354839,-0.813008130081302,1.40280561122245,2.5390625,5.18518518518519,0.369003690036892,0.732600732600733,1.79856115107913,-0.361010830324902,1.07142857142856,-8.73786407766989,1.9047619047619,5.23465703971119,-0.362318840579719,1.42857142857143,6.97674418604651,0.986842105263166,5.59006211180125,11.2947658402204,-5.21739130434782,1.84921763869132,6.26666666666666,0.265957446808505,6.23441396508728,-3.8860103626943,1.02564102564103,-6.12244897959184,-1.10041265474553,0.818553888130975,3.29815303430079,0.915032679738566,2.29885057471264,8.52803738317757
0,0,0,0,0,-5.42857142857143,1.68539325842697,2.06327372764786,-1.1126564673157,4.13333333333333,2.84974093264248,3.98009950248756,5.41176470588236,-5.1980198019802,-1.50753768844221,-0.887198986058305,1.62094763092269,-3.21750321750322,2.14105793450883,-4.47368421052633,2.93742017879949,7.00712589073634,0.941176470588236,-2.28640192539109,-6.13026819923372,-4.12234042553192,-5.76652601969057,3.26530612244897,-1.94174757281553,-3.14735336194563,2.51046025104602,-4.67153284671533,1.58045977011495,-1.16279069767442,3.91061452513967,5.03978779840849,1.43790849673203,0.13054830287206,-1.59151193633952,-0.265957446808517,-4.15512465373961,2.43243243243244,3.52020860495436,4.60199004975123,3.71257485029941,2.68065268065269,1.94285714285714,3.63436123348018,0.765027322404375,0.218102508178839,-5.40229885057472,-5.45454545454545,0.722021660649825,0.240096038415361,-1.95838433292534,-4.34227330779055,1.87969924812031,0.498753117206972,1.83598531211751,5.22041763341066,0.576701268742799,-1.28504672897196,-1.54211150652433,1.51869158878506,33.3333333333333
0,0,0,0.433369447453964,-4.88636363636363,2.00445434298441,6.26304801670146,0.0,-1.48305084745763,-7.88571428571428,-5.294825511432,-1.46520146520148,-15.0280898876404,21.5859030837004,4.52155625657203,-7.82312925170067,-0.341296928327658,-0.457142857142847,4.99457111834963,-5.49828178694159,-0.46029919447642,-2.71867612293143,7.74263904034895,2.02991452991452,0.847457627118645,0.0,3.96744659206511,-3.25630252100841,-0.210526315789469,0.835073068893529,4.4865403788634,-1.10887096774193,-4.86257928118392,-4.64601769911506,0.110497237569078,1.30861504907306,0.0,-5.52359033371692,-1.28205128205128,-1.06007067137809,-0.831353919239908,-0.118906064209272,13.0299896587384,-7.08748615725361,1.74102285092492,0.217155266015215,6.59229208924948,-0.305188199389617,-0.717213114754101,-4.05117270788911,3.19917440660473,-0.414507772020717,1.02564102564102,7.93201133144476,2.3963133640553,3.03842716711349,2.61096605744126,-0.612959719789845,-2.97565374211001,0.0900900900900882,0.715563506261181,4.11663807890223,7.31319554848966,2.02492211838006,18.0599872367581
0,0,5.51523947750363,0.577200577200578,-0.799999999999996,1.92582025677603,-1.96363636363636,1.22126436781609,4.3298969072165,6.06843124596514,3.3686837180287,-11.9413407821229,-4.29715950473416,1.22302158273381,0.143678160919537,5.37049626104691,2.45358090185676,7.65462339252908,1.98079231692678,-0.543150271575135,-0.302663438256663,0.899820035992814,-0.180288461538468,-0.361881785283488,2.00945626477543,1.68506682161533,7.72117962466487,4.06378600823047,3.09072781655034,-2.50383239652529,5.86820586820586,-1.02040816326531,-5.53846153846153,2.4512256128064,2.67770204479066,2.19047619047619,8.09628008752736,-1.15095174856132,-2.68181818181818,-1.75763182238667,0.414555504375863,-1.97275716298733,-0.519357884796976,1.85356811862835,-2.3719165085389,4.52898550724638,1.95381882770871,1.14135206321335,-10.4217159476491,-17.4160500853728,11.8856569709127,-8.72410032715377,-0.713893465129045,-3.76068376068376,2.11935303959843,-0.73033707865168,-2.59365994236311,3.82483370288247,-10.9471094710947,-4.16399743754005,1.26502213788742,-0.444726810673445,3.78973105134474,-4.40331844288449,52.1526717557252
0,0,3.43137254901961,8.46887268648345,-1.30681818181816,-1.03329506314581,4.12768299394606,-0.720620842572076,-5.12820512820512,-3.1870114251353,-7.22114764667956,-4.65587044534413,9.19117647058823,6.09896432681242,9.71428571428572,-4.90463215258855,2.85865537321334,-2.329360780065,-0.92946965554949,3.17628374801483,2.42768595041322,4.39506172839506,-4.7052740434333,2.81407035175879,4.96657115568292,0.75829383886256,2.63036455929857,-0.231267345050882,-4.59603289791969,-2.12450592885377,-2.37733940313606,-2.80811232449298,6.24085811799123,3.754106053496,-2.30436869899184,0.0,7.09188224799288,-1.6780045351474,2.26063829787233,2.63271471730687,-3.90134529147982,-5.58712121212121,-2.27602905569008,1.00671140939598,1.32450331125828,-11.7336152219873,0.0,4.39615967660433,-4.5983086680761,4.4926804644119,6.33569739952719,-7.36040609137056,3.52595494613126,-3.39240506329115,2.8529267092966,3.55787476280835,12.3857024106401,16.1380271871732,9.69468051621026,2.60576333537706,-0.369230769230761,-1.81704260651629,-1.91570881226054,4.36641221374046,0.0
0,0,0,0,6.51612903225806,4.26189005558988,10.3047091412742,9.36480040170725,-8.49904658131299,-4.26015336552116,9.04159132007233,-0.545454545454548,-7.87335388063884,11.5050830647161,1.39364303178484,16.9543147208122,-7.60323355909984,-1.05983660852286,5.23121992048546,-10.0644864117918,-1.56725146198831,-1.64051355206847,5.07786052809749,-25.4174922162468,-2.7632344386271,5.80821917808218,4.62503266266005,11.5962115962116,-5.58536585365853,-4.96671786994367,1.36363636363636,0.0,-2.08816705336428,4.50516986706056,7.42935278030995,0.181983621474063,-5.62229697260933,10.0108108108108,-0.960488976206064,-2.94382022471911,5.23850085178876,4.04577033101757,-5.58791801510247,7.3,12.4343257443082,-8.04162724692526,-3.87185534591195,-6.84586308273836,-10.4872389791183,-11.7159149818559,-10.2285714285714,3.28820116054158,9.43443443443444,-0.781841109709968,-11.6901408450704,7.86400207630418,11.9314285714286,-4.06755470980019,-5.97428787496848,-1.32822477650065,-3.4892942109437,-17.4479975162993,-11.3762102351314,11.6946564885496,16.2404092071611
0,0,0,0,0,12.2716116716662,-2.745867189689,-5.68551969203433,-4.58346237225148,-9.53188602442333,-9.95897053338307,-3.79403794037941,-7.62499999999999,-11.317254174397,10.4651162790698,6.63047692904227,-22.5760456273764,-10.0418410041841,4.01606425702812,0.697906281156516,-3.77651319192965,9.3764650726676,11.2728785357737,-7.75437023756163,-3.04849884526559,9.33835845896148,4.70869912210694,-0.642570281124499,-2.25872689938397,-1.03734439834025,1.79299103504482,6.22850592281239,-4.51277955271567,-0.240192153722973,-4.60636515912898,0.16722408026757,-2.70502361528554,-12.7845036319613,1.85361216730038,1.2670107930549,-6.54999999999999,4.94296577946768,3.44194584671868,-2.44475787494123,15.055910543131,15.3482082488168,7.73549594510294,-1.1037527593819,-1.89588688946015,1.67456556082148,8.207656612529,-6.02706027060269,0.306560392397285,6.39885222381637,13.0489021956088,-2.82195997947666,4.64774951076322,-13.0218413049489,4.38805181073221,3.76494530653779,-2.26326742976068,8.93153281212983,-2.07980652962515,-5.75447570332481,33.1052181351583
0,0,0,0,0,2.16313654799459,-2.30520977408944,-0.486448922863101,1.19020370794231,-4.84761219102471,-9.31269674711439,3.07653190948386,6.95528743789923,-2.05214872042492,-3.99196585488326,0.524475524475527,-0.678903696253447,-0.990350431691215,-2.33887733887735,8.05256869773,1.57572906867357,-9.95603827256271,5.54469956033218,4.61323392357876,4.21780852488284,1.05983660852285,0.832056054302611,4.01429171920975,-4.84795063904803,-0.84444444444445,3.8256037614875,-3.22082506066623,-2.39439801219787,-2.81003251277288,-2.71946564885496,4.40136830102623,0.295588904047284,-1.28972823583601,-2.26095148374941,0.141110065851369,6.46722393312802,2.15238915195867,-2.53807106598984,2.64288783841856,7.49354005167959,-8.14703353396388,-4.35172723194259,5.14893617021277,4.04246631278072,-6.87322714379227,-1.10302228105008,1.28484320557492,2.81481481481481,3.15638450502152,-5.06029285099053,5.03067484662577,4.23031727379554,8.41255605381166,1.86586868509066,-1.30171184022825,1.18061674008811,0.97714186005933,2.06766917293233,-0.119760479041917,7.50118689666086
0,0,0,1.24790463773514,0.111627906976748,-0.0744740271830183,2.20320466132557,2.5031066927037,-2.86705624543462,-2.75849127416025,1.62451541443604,3.06012884753042,7.92552315043664,3.08208240178857,0.413486005089067,0.85146641438032,3.36736248666767,1.92767483562464,-7.36403016204076,1.68769716088328,-2.88867250892568,-0.0649561545956466,5.8121749770572,4.84645611992432,5.47530609437337,-2.02105263157894,-2.23848471803702,0.499714448886363,4.60365023154453,-5.17117891419567,-4.8828125,-17.8053097345133,0.807584269662923,6.00660066006601,-3.62517099863202,-2.90339609361253,-11.8480614052352,5.57517190113362,4.01355690331787,0.778761061946899,12.875867386276,-3.13295165394401,-1.55038759689923,-6.72182006204757,2.76520864756159,-3.2531579858107,8.21156289707751,4.85114100045338,2.24553109765105,4.79606188466948,2.16045135544242,-5.05999710857308,-2.03569848060185,2.31988472622478,0.587308408537454,7.01917954182205,-12.4120377301991,-8.86715566422169,1.6826923076923,4.45567294441893,3.18707382152385,-1.21530382595647,-1.63159499847516,-3.78224402595347,-57.975
0,0,0,0,-12.2356768480029,-7.04198104082028,-3.94128292781018,-3.97240225799707,9.25820527414153,4.16363636363636,2.15264187866928,1.95360195360195,-5.30859662013226,4.28973277074544,0.017577781683948,5.37258815701929,4.75285171102662,1.46737433655948,-3.70730127893799,2.43247512241352,5.23873671606047,-6.69115298626638,-6.47849005271212,-3.06694707325622,0.297047003319928,0.46956521739131,2.54237288135593,-1.51410874053682,2.31932773109244,-0.320350699713367,3.95141700404858,-3.57262663535727,1.3567174056916,-1.57983193277311,-8.18181818181818,0.900900900900901,-4.22535211267606,-1.31278538812785,2.66666666666666,6.89655172413793,-6.53930933137399,3.44093650230579,-3.35472043996335,-0.441907567667087,1.14670549690571,3.6140350877193,-1.6767748840528,-0.791082344480411,-8.80281690140845,-11.8844386080105,4.81250000000001,6.10328638497652,-0.353356890459363,-5.86034912718205,8.34285714285715,-6.88110749185668,-16.7855444602948,-9.07676348547718,2.84706475182665,-1.61290322580644,-1.61290322580646,2.38699847638396,3.95121951219512,-2.5,40.9070763776038
0,0,0,0.167832167832174,15.1234567901235,-1.78830352827452,4.63240377967273,8.285774677658,-4.27595327308795,7.84074751167987,-0.922509225092242,3.42506434369431,7.57548032936871,-4.81396240889911,-8.01740211311373,-7.55347593582888,-4.15409607797633,6.44811115935736,-2.12860310421286,6.10035394545076,2.37804878048781,-3.55714586402864,-2.08422862054147,-3.19290465631929,13.1690412013862,1.92598187311179,3.74409305707016,-1.53164790551763,-2.61314145048285,-1.55769230769231,-2.68562401263823,-1.66633206183497,6.33696878525761,3.48457350272233,3.41805433829973,8.64691753402723,-3.7375415282392,-5.29998250830856,5.37901357166501,0.18172806872625,-0.182058920887123,-0.952380952380953,2.84090909090909,5.79599327114238,5.17691415313224,7.52313262706182,-5.08737316798196,2.74122807017544,-1.81412224392966,-3.94545982013345,-1.42710019126085,0.773722627737228,2.62970859985785,3.63013698630138,-2.14075836015111,-2.1,1.18577075098815,-3.25025506485936,-2.81732354263449,-2.5195882624059,-3.58052196053469,2.39204721963341,0.923361034164371,4.00354557541734,-36.5543675610248
0,0,0,0,0,0,0,-6.96540880503145,-2.96260320543953,3.15145813734713,-4.04567699836868,0.29277813923227,-17.8680981595092,4.76538250867264,-9.5619123824765,4.14189837008628,1.1749099867349,-2.26744186046512,2.60475651189127,3.74273255813954,-2.00148257968866,-1.94596637067826,3.97314949201741,3.12829525483304,-1.98960387166159,-3.35309373842164,-5.73947110675808,-2.7369692090964,1.42828803808768,-2.16862586137007,-2.87739783152628,-1.73949936359779,2.38144543383723,0.678733031674205,4.23478432144969,2.81393568147014,-2.79417552144825,1.37783815253251,-2.42496521566289,-0.761065491688369,0.359209738575134,5.25619209680469,7.8089593864389,5.82731451083389,-0.961219754723232,-0.717743281589062,0.216522318454368,0.628930817610067,-1.94027332545976,0.0,-1.21243169398907,-3.28042328042328,1.57958687727824,-2.60017809439003,-4.09714497589915,-7.21526535480023,-1.00381449508131,0.55899381113995,-7.53542292829542,-2.73489192765769,1.56317846287451,0.647109577221737,9.57675053637606,-3.42949364535002,28.0864645292326
0,0,3.94491998511352,-4.41033611812707,-1.67917819043856,-3.68701351904956,3.00019868865487,-0.519273017775111,5.47479705493675,-0.0755715095409015,1.04692465881474,0.834260289210226,-3.91061452513967,2.77205469188987,2.92727272727273,3.89655774943211,-0.192577030812324,-0.122699386503068,4.69428666889409,1.13955408753096,-6.43346809632624,3.91825705117379,1.28376125375124,1.99346405228759,0.0,4.25531914893617,2.4271103648298,-1.04889711553294,-2.72540009507209,-0.63785680114814,2.39688715953307,4.95562130177514,-0.625186067281911,0.22278330610425,0.41413992013016,4.15367167564503,-4.55017044612421,-0.746602956547708,0.0447761194029868,4.70772294126014,-0.918616334146692,-3.62933214338836,2.86085825747723,1.55049786628734,-1.50158821830781,0.244850928993233,1.87959299039005,0.548137737174983,-3.4909090909091,-6.0793087486499,4.33948339483394,-0.68360826274334,0.178015131286145,0.428360413589374,4.63445555712071,0.238898257448007,-1.74435230197312,-3.46153846153847,0.995899238430004,1.85424752048296,1.22107056651997,-0.256227758007127,2.74124325072685,-4.78746554475554,-7.20062208398135
0,0,0,0,0,0,0,1.28145746487571,-3.94800192585459,3.03454715219422,-1.66112956810632,2.63401109057301,1.47215055395356,-2.87275565964091,-0.707547169811314,-1.90674571382792,-0.5477686483003,-2.37506185056902,1.79786200194363,5.10298186289579,-1.29223104468317,-1.1655378799811,-3.1351526965562,-3.44479919341288,-2.86949006050129,2.70770265724857,-7.15444224184538,-0.162454873646216,-3.93996247654785,-2.59865255052934,9.4790033106813,-1.43160127253447,5.38461538461538,-0.707308858201406,-2.68026975618192,1.96643498898119,-5.32047848598465,9.80676328502416,-1.93696651346028,1.83693200128908,1.58579130986362,1.65315034310668,-1.1037527593819,-0.95510983763133,3.70938074800735,3.43398460627591,-2.78411684162483,4.69769464984775,-2.26868327402135,0.221926320461615,-2.16142684401452,0.331425128050616,4.22738421584188,-1.59777191439461,2.44530244530246,1.45152198421644,-0.881433039522306,-4.02247855664005,3.6477628954118,-1.41618497109827,-3.05286671630677,1.23547580526546,-0.383877159309008,-5.33437013996891,-81.3822284908321
0,0,-2.51622092103181,-3.70917446249795,-1.48234510326449,-0.434928069588488,-3.17569899896445,6.09400324149109,-3.92454101398013,1.34596211365903,2.38442822384428,-0.211313394018198,-0.852459016393448,4.6875,-2.02454965726128,0.15915963711603,-2.74734260016353,-4.83456197497,-2.82037722545391,-3.80603842634949,-4.05559786747905,4.42220200181984,-1.29032258064517,-3.31365454199201,-3.22390406919599,-7.09473684210526,0.147151566113097,8.60710854947166,-5.98656078191814,-6.78408349641226,-3.11659192825112,2.9379760609358,3.50692986140276,-4.40692830519622,4.84039223868141,-6.01636806016368,-7.10732054015636,3.3875028610666,7.63213530655391,-6.43564356435643,1.79005524861879,-3.66552119129439,1.68918918918919,-3.52063418046164,-7.87223340040242,-4.35695538057742,2.05655526992287,-3.73333333333333,1.93514644351465,0.338806359134729,-19.7939431782704,-0.596733668341713,3.51515151515152,6.06319385140906,6.74276612689142,-3.85993934381031,-0.890125173852574,-5.79752795762215,-4.20116528672186,5.36854323853744,-1.77200236266982,5.70871623503202,1.07438016528926,-2.39774330042312,14.6194605009634
0,0,5.5306427503737,4.34658278524448,-1.15707260630604,-5.36421822615056,-8.82255389718078,11.1405835543767,6.42581356867071,1.8939393939394,5.01156515034694,6.37632338787297,-2.03780996808251,-5.02836513666837,-1.51832460732984,-1.62277201383346,6.00150037509377,1.40532544378698,-2.68354430379747,6.59730432726413,3.88636363636364,1.32316662928909,-4.49964846496368,-2.20359281437126,-3.46964064436183,3.07470574105213,2.29992959399201,4.99442586399109,2.22367560497056,0.885911840968029,-5.44543176122124,4.08653846153846,0.17452006980804,-1.19205298013246,-2.18813444619896,-1.41843971631205,3.14646576556615,3.50652127432115,-8.0887450889762,-2.82794676806085,-1.88861985472155,0.265636319729533,1.00406406885011,-4.1065206570433,-3.05206463195691,4.59995106435037,-4.52685421994884,3.954802259887,3.30166270783848,2.83867989845372,0.710357470210821,-4.42689638669539,4.21728168691268,0.160183066361557,0.749488984783099,0.474683544303799,-7.11864406779662,-3.17262053459904,-4.24479166666667,3.15258511979823,6.35333018422297,0.353024240997878,-0.639507342491718,-1.68593448940269,-25.1733494121194
0,0,-3.58778625954199,-7.96703296703296,3.06258322237017,0.132978723404267,-3.23997803404723,5.64766839378238,0.181018877682959,1.37719969395562,5.42691751085384,-2.57298367144978,7.56917447976217,-0.713956701980643,5.87470192933016,-4.27215189873418,0.360360360360353,-4.49517533537302,3.99909624943515,-0.705346985210455,-1.71256653552419,3.24675324675324,2.95523685354195,1.18101782263259,-0.496331463098828,-0.0863930885529293,-1.55735906997147,-4.37271062271063,-3.53164256932923,-0.118652112007587,0.519357884796976,-0.426742532005689,0.0473933649289174,-4.55896927651141,-2.59278088459582,-2.87656903765691,0.778412039439536,4.50941526263627,-2.51460502921006,-8.63686534216334,-10.353227771011,0.905250452625218,-1.00579091740323,1.91330343796712,-3.59244348095387,0.0,1.61486898232785,-0.643974241030361,2.13085234093638,2.37327864049224,0.233849751534634,1.80826636050517,-4.21776847143286,1.47362216327734,1.3375981389939,-1.14705882352941,0.0587889476778458,0.960698689956327,3.72757847533632,-1.82648401826484,-0.0571102227298573,-4.16418798334327,-1.35664757310822,0.0,3.06838106370543
0,0,0,0,0,1.57756354075372,0.0292056074766505,-3.66333636088405,0.361990950226237,2.12577502214349,0.4994124559342,0.0293685756240764,-1.88509874326749,7.29542302357835,-2.85306704707561,0.904721515408539,-2.28455754771544,-1.25915080527086,-5.14162561576355,-1.85010975227343,1.024208566108,-2.28571428571428,0.221729490022174,1.58977556109725,1.01820425794507,-5.53565613806576,0.871530019367332,-0.879192445457504,0.486066104990274,-0.35772357723577,0.485436893203879,-2.0812685827552,-2.74949083503055,1.47157190635451,2.44698205546493,-0.921962462956857,-2.94915254237289,1.63387795931977,-3.05841924398624,1.38935953913928,-3.29016450822542,2.02331961591221,-1.42608695652174,1.20274914089348,-1.32311977715878,-0.174398325776063,0.174094707520881,-0.419580419580411,0.313698152666434,-2.13599145603418,1.02184637068358,6.92030173827484,-0.494396835860246,6.98957694665849,4.28403755868545,-0.738989062961868,1.94202898550725,-0.378236834448655,-4.53163017031629,4.13994169096208,0.203665987780042,3.29206527855937,-0.509049773755655,-3.33138515488019,-0.765606595995283
0,0,0,5.68974771873322,-0.838971583220555,-6.05625717566016,-0.751879699248135,-1.8856806128462,-7.43906299461854,0.126462219411948,-0.764574705320161,-0.127591706539072,-4.25673428666445,5.67754077791719,-0.0941915227629437,3.33839150227618,2.68753691671588,-0.0295420974889158,-5.05896958410926,2.36363636363637,0.452488687782801,-1.22137404580152,0.937689050211743,3.27677004095962,-0.0878477306002962,-4.91551459293395,0.76219512195122,-1.39103554868623,2.0587344838026,1.98813056379822,-0.717274357441727,-0.239664469742356,3.07781649245063,-0.760678759508479,-0.146498681511858,-1.78944229048614,-0.690690690690703,4.85714285714287,7.3093220338983,4.76670870113493,-2.26979623420169,-4.24845388545309,2.69492412349555,0.907441016333942,-0.67867397546332,0.648340248962656,5.81338544211039,-3.64556962025316,-2.9718456725756,1.99284619315279,2.85430627947381,2.25618631732169,-2.69058295964125,3.16043425814235,0.288669713735861,-3.04908279623202,-3.43589743589745,-0.0769822940723663,-5.43831168831168,-1.20481927710843,1.35062128579146,-1.28590971272231,-3.57041654859733,-3.91637220259128,-2.01261640132172
0,0,-0.418643594752996,2.89972899728997,2.79241306638567,1.53047989623864,-3.37892196299275,1.40137493389741,-3.02369926450558,-0.437756497948027,-0.550206327372753,-1.53631284916202,-2.28571428571428,1.32506343388779,0.0845070422535243,1.5256588072122,-5.68748167692758,1.38768430182135,-2.12577502214351,-1.74226494442775,-0.0601142170123115,1.45142180094785,-1.53383458646616,0.627615062761509,-2.92217779144879,-1.94418312950767,1.75600739371534,-0.744878957169466,0.185873605947962,2.4773413897281,-0.242277407631733,-0.978593272171255,1.3872135102533,2.06733608978146,-1.92655027092113,0.628178282979362,0.918790752815656,-2.74056029232643,1.94087787399223,-0.149521531100491,-0.0897934750074862,0.889943636903009,2.9089861751152,0.458715596330286,-2.10772833723655,1.07153200115843,-0.348735832606814,4.15041782729806,-0.335382895472324,-3.44030066493205,3.054932735426,0.861350375104202,-1.23769338959214,-0.0281373100731514,3.39766240826311,1.89333333333334,0.714853057982534,-2.7196083763938,0.621621621621613,-4.72686102462497,-1.406429391504,-1.72262773722629,-1.09208972845336,-1.77230399519376,9.291553133515
0,0,1.2075905692927,-2.47495580436065,1.48040638606678,-1.71242987894894,-1.68117682377663,-0.422068133855896,2.52718189832501,0.292997363023737,-1.63787969029185,0.47421458209841,-3.49693251533742,0.0,2.48279988034699,-3.6910669975186,0.647149460708785,0.855484265200104,-0.956199876619356,5.39830755763058,1.66427546628407,-0.345522602936955,1.16676152532727,0.170454545454552,-5.83283223090801,2.20523375477801,1.36310904872389,-1.26284875183554,-2.96341094647716,0.988023952095803,0.0598444045481841,5.19148936170212,1.3986013986014,-1.38967668746455,-2.41068835318036,2.15970446149474,2.08681135225376,0.85517241379311,3.41060484945377,1.70246202200104,-0.209973753280835,0.209533787323201,2.7013251783894,-1.13402061855671,-0.596318382162294,-0.181818181818183,-0.600992944865422,-2.49062667380825,-1.60544217687076,-2.16847372810676,2.52032520325203,0.108283703302651,-0.818777292576411,0.353549088931201,0.621621621621613,0.884007500669698,0.400213447171821,-1.79250407387289,0.351826792963471,0.725416442772692,-0.594594594594592,1.30701520405442,-1.62645703442668,-0.517711171662119,33.9928057553957
0,0,0,0,3.86110391293082,5.393478793822,1.11515151515152,2.66635205285513,-2.14509520366353,-1.69117647058825,-0.940128649183561,3.41696535244922,3.10257003936095,0.758272058823542,2.81375614113443,-0.674460431654686,-0.361010830324902,2.82832712124534,-2.56352597256578,-3.82909175811347,1.31336405529954,-0.977198697068408,2.93586269196026,1.40280561122243,-4.0064844835572,-2.37079184447605,3.03448275862069,1.27099409895597,-1.4973508408201,1.65382872677844,0.60797117766268,-2.02159430277968,1.64934478084048,16.8513995866992,9.59578804347827,-3.53437664849658,-2.10053859964092,-1.21751771760858,-0.493060628195769,1.59928122192273,-0.360685302073933,1.17626091605774,2.65440666204025,1.09814687714482,1.25381226702813,0.320891741259918,-2.97391304347826,-2.33137568962449,-2.16363636363636,-1.87071679940729,1.29798903107861,-3.3831033831034,-2.18230977211278,4.41203618238878,-1.2334143150813,-1.19137670196671,-1.07033639143731,0.777545989000562,3.47794252242359,0.0,-2.72658894321174,4.91686036116574,0.178475816526863,-0.773381294964028,12.094861660079
0,0,0,0,-0.58997050147492,-1.21180189673341,-3.05882352941176,-0.399781937125202,2.77385159010601,-1.37918681712342,1.89773326304691,1.35205408216329,2.97679112008073,1.91355988122731,-4.69775474956822,1.4132470628299,3.35691953266415,-0.148319050758081,-0.981860542519548,-0.166694449074848,-3.78892733564015,-1.38572180319242,3.37288135593221,0.856998823727101,-3.04761904761904,2.00237569998303,-2.50478344059836,-1.14356087262491,-0.83377683164805,2.08441896821262,0.775594622543955,0.786593707250331,0.0341880341880395,-0.601891659501292,1.7902381354501,0.0168861870989497,2.35779060181368,1.2214983713355,1.9952114924182,1.40069247717973,-0.713266761768895,-0.0158528852251191,-1.49637972646822,1.11376292760541,-0.191296030607372,-2.58381030253475,0.488201790073237,2.67659170098194,-1.67471819645733,-2.93386374937842,-1.30982367758187,-0.455465587044528,0.185216366391647,0.635770453404722,-2.22336240807252,-0.740868366643693,-0.97425191370912,1.32188841201717,2.6896090878717,1.18851105975569,2.8699695366362,0.526315789473693,0.111518241198025,0.758893280632406,-3.40035965342488
0,0,-0.518722645485492,1.72056714991239,-0.81914551879217,-1.21931393269387,-0.293494211641937,-0.228795554829221,-1.12378119319121,-1.80013458950202,-3.66236484129751,-1.37906647807638,1.01505075253762,-3.64592780700163,0.827486958085988,-0.361076006499373,-2.89801226082111,4.74252344717749,3.3190761334474,2.01173512154232,0.583333333333336,-2.84538909838875,-0.864453665283541,-0.486448922863101,-0.418702023726451,-2.41200643201715,-1.3398515299656,2.78120049287098,2.16979507490959,0.343229792345981,-1.42732811140122,2.74250888776028,-1.25128556736372,2.91229821933766,-1.76121930567317,1.2046177011879,-1.27075567604202,0.0508044030482541,1.30369379909744,-0.335401643468046,1.37280846840886,-3.12126897492751,1.17984156413281,1.11666666666667,1.99281280627246,-1.24028443856458,0.70607553366174,-0.578034682080927,1.32007822685789,1.17571267514898,0.257028112449794,0.0962927298988963,-1.48208469055375,-0.573300573300576,1.08554763447829,-0.292492687682807,-0.0325097529258713,-3.27345979519893,-0.43837464171303,0.603318250377073,-0.657894736842106,1.21646392267955,1.16930171277997,0.735654732712118,8.16694190061552
0,0,-0.904977375565603,0.674157303370778,-3.57439733998337,-2.0356234096692,2.17391304347825,-0.735539953192908,-3.33390913802038,-1.77566807313642,1.96483971044468,-0.034482758620695,-1.64738871363477,1.73928017909419,0.343229792345981,-2.62416343783023,-1.7562724014337,1.55257586450247,3.14422419685578,1.82855225633282,-2.49312242090785,-0.884648742411098,-0.998598458304135,5.32426604743739,-0.651085141903173,1.57739073282945,-0.761589403973511,0.165289256198349,-1.44198524480215,0.798403193612769,-1.82926829268292,-0.493617021276594,-0.754587549305432,-2.1906764808973,0.799721835883172,-3.93928442356343,3.15015750787539,0.504962563120319,1.97986004437618,-0.273831935649501,0.797962648556874,-0.374914792092704,3.10435931307794,2.16478190630048,-0.552306692657564,-0.276918064831409,0.130144786074505,4.74198047419805,2.40471869328494,-0.900350984282013,1.14647759843114,-0.151080223598744,-1.97196117701433,1.48732736378814,-1.6820987654321,1.57958687727826,0.121359223300968,-0.426569165143207,1.0104056703363,-1.15942028985508,3.40406719717065,0.0883392226148443,-1.05639041809256,-0.900765650803174,-93.0165169516082
0,0,0,0,0,0.123380629241206,0.536892161374435,1.36177939173855,1.09248727925769,-1.55015197568388,1.95201907316347,-3.45305996608601,2.56833884049263,1.79941002949852,-1.29986553115194,-3.23924109208701,0.0,-2.9047619047619,0.126823081800885,0.614463526075312,0.345423143350603,-2.39549839228295,4.24876847290639,-0.370828182941896,1.19083969465649,-0.490948143602322,2.6437640029873,-1.20937263794406,0.120791182243694,-1.84530216823005,1.3501213592233,1.16941529235382,0.432900432900421,0.0745823389021649,0.37152622975182,0.414385082137024,-0.895923547857241,-2.49464340373431,0.365965233302828,1.64967006598682,0.891795481569551,-74.0750323415265,6.32573921473582,-0.929549902152631,-3.94101195016528,-4.79616306954436,0.159616919393462,1.98174706649282,2.4421266853218,-1.81300181300182,-1.52511175387851,3.50164932758182,-3.5198318886262,-2.36622748050552,2.541928721174,0.26136957658129,0.0261301280376408,-0.446194225721789,0.0,1.8041237113402,-1.83727034120734,-1.0878217033696,1.72099087353326,-11.1272095044915,-0.174165457184311
0,0,0.460166810468805,1.77966101694914,3.09334793320559,-1.24722838137473,-0.923076923076918,2.58855585831063,-0.685871056241427,-1.13762486126527,-0.69851913942442,-0.167926112510502,-0.733013814491114,-1.92528735632184,1.75042348955394,-0.113058224985865,-0.0848656294200881,2.37503452085059,-1.03236607142856,0.389105058365741,0.717439293598248,2.89389067524115,1.06044538706256,2.58264462809917,-0.51921079958462,-0.182054616384916,0.645994832041344,0.539707016191194,-0.361103946350254,1.4489069649212,-1.1311053984576,-0.907911802853441,0.258732212160418,1.55374426897606,1.72715894868587,-2.27854582693293,0.12784454103809,-1.98174706649282,-0.947617794156355,3.4316217590239,0.756811301715432,-1.38107416879795,1.68468694996229,-4.46545836616759,-4.58791208791209,-2.91207237772124,-0.855431993156536,-5.15742128935532,5.06689439225733,-0.342759211653826,-0.632365622305257,-0.0863060989643301,0.770767913217251,3.36551724137931,-0.862548692264892,-1.52542372881356,-0.425531914893613,-1.03181427343078,-2.04738227551917,-0.322769953051642,-0.26478375992938,1.07683352735739,1.4908256880734,-1.24818577648766,12.7406281661601
0,0,1.6161616161616,0.31645569620253,1.89105278012984,2.45044052863436,0.0550357732526228,0.109950522264978,3.65466101694914,0.158646218931788,0.734908136482943,0.36610878661088,2.59806418746815,-1.02933607822954,-1.04004160166406,0.103896103896102,0.824317362184442,1.67173252279634,1.05263157894737,-1.55255790277424,2.79564571994063,1.02840352595495,-0.36864094372083,-3.06484295845998,-3.56768100734522,0.780843310775649,6.8380213385063,0.072692028107587,1.10232446681043,-0.360750360750357,0.311675857108613,-1.5335929892892,-1.30702836004932,0.123152709359616,-0.894632206759442,-0.174259397560369,-0.803011292346299,0.0501630298469928,2.56598240469209,0.316686967113265,-0.146377165162223,-0.22004889975551,2.94257237778833,1.54205607476635,-0.895803866100885,-0.0235793444942351,0.141276194961154,-0.0706880301602289,-1.38557095078834,0.0477554918815738,-1.40435835351091,-1.54905335628226,-0.568743818001988,1.93986420950534,-2.35790518739142,-0.149142431021631,-2.05479452054793,-1.31071703932152,-0.907676348547703,-0.26001040041602,-1.07752956636006,0.262123197903018,1.1658031088083,2.22897669706179,12.809187279152
0,0,0,-3.60267627380339,-4.3501611170784,1.24635375232034,-0.506396588486135,-2.59775772491114,-1.75292153589316,3.02212628170535,2.52498684902683,1.57908361377168,0.0517464424320725,1.57881334351924,-0.666495770315317,0.204655922230763,1.4123581336696,1.90499752597725,-1.0247438140465,-4.32855280312907,0.363730839179009,5.26704405611617,-0.843881856540093,2.1137026239067,0.55568978014014,1.40543115769413,-0.334608030592719,2.51630941286113,-0.680272108843535,3.06957708049112,2.07080828323313,-2.67489711934155,0.159780871947045,-0.205855443732853,2.43249274715466,1.14714317229207,-0.465425531914895,-0.804289544235924,0.156145438322553,-0.764216677905139,-2.46430216490097,-0.906344410876134,-0.51389862181733,1.40488254260709,0.0690448791714641,-1.6374269005848,-0.920679886685554,0.98176718092567,4.78522145559759,-0.582046115961491,0.201072386058973,0.797872340425531,-0.759267530147379,0.731545111948566,0.441403663650415,-2.76706736221365,-0.685087919616361,1.35165577832846,2.37519243457224,0.109841827768023,-1.33570792520036,0.575475874280651,-1.16435288849083,1.36925795053005,3.86411889596603
0,0,0,0,-0.318336162988128,0.127172530733366,0.778128286014716,0.854879065888248,-0.904691773616663,-0.998725031874201,-1.83942869508765,0.388014658331536,-1.02351916376306,0.282301845819751,-2.49276652570665,-0.200713648528092,-0.945520036019815,-1.85737216234809,1.6907123534716,1.92350210037585,-1.11781801922647,0.0446927374301746,1.1486635741109,-0.26578073089702,-0.512021371326796,-1.5370705244123,0.784929356357931,-0.134740624298231,-0.655515370705242,0.067765981477301,-1.28117135666896,1.50968904912123,2.93088363954505,3.40164800338052,-0.573735656608576,-2.0824295010846,2.5781910397295,2.43298969072165,2.17829770068576,1.03792415169661,-6.03174603174603,-0.638977635782741,-1.27264883520277,-1.89010989010989,0.0219731927048957,0.0,0.0,4.27008834665545,0.502302218501469,0.292153589315527,2.12418300653595,0.548446069469827,-0.264765784114044,0.182964017076634,0.121827411167517,-1.94576692196232,-0.436590436590438,-3.50763933720681,-0.0215238915195825,1.52607036880034,-2.87832533798517,2.88013553578992,-0.0423728813559238,-0.212314225053082,-1.6839378238342
0,0,0,-1.58730158730158,-0.799999999999999,-1.41987829614605,0.84916201117319,-0.993003836605727,1.11582236108012,0.510657193605677,-0.088888888888887,1.87527256868731,-0.81336557485161,-1.47222841846978,-1.24209575429087,1.05027932960894,-1.51996370235935,-0.0226911731336465,1.97953736654804,-0.245261984392418,1.27668941228263,1.0239651416122,0.412236927750065,1.47498931167165,0.29838022165388,-1.64644714038129,1.82900893236922,-0.320034136974623,-0.428540818512954,-1.54482158398608,2.50318201103097,-0.404685835995735,-2.26530167719452,-1.23484013230429,0.74414532720507,-1.42064372918979,-1.7849073655671,2.55394099515633,3.34113641200255,0.0212765957446766,-3.82151535233045,2.91657731074415,3.09642560266001,-0.859358625026193,-5.1112579863406,1.68940870695257,1.19837363578,-0.798101811906811,-0.782608695652173,-0.722574994525943,-0.594713656387672,2.74207369323051,0.469083155650317,-1.36157337367624,-2.16383307573417,-0.577392849211632,1.20666959192628,-1.5597147950089,0.244498777506111,0.0222222222222178,-2.15664018161181,2.06758559359715,4.23674685969768,-1.40328151986183,-3.67054610564011
0,0,0,1.6156462585034,-3.02233902759528,1.36098509397279,-0.608563355792222,-0.987708516242308,-0.774165007741653,-4.55596669750231,-3.00142925202479,-2.09143968871595,2.11854320399905,-1.497946363856,-1.62042720353549,1.14077669902914,0.842358604091442,-1.41567000244081,0.871037986934429,1.21892925430212,0.499405469678939,-2.48598586400194,2.70334360920085,1.12543962485345,-0.613352205708889,-1.00071479628306,-0.575125808770673,0.310559006211186,-0.673400673400676,-0.313630880579,0.908438919435801,1.08772759517617,1.83379758588672,0.55401662049862,-0.955488231181551,0.209302325581403,-0.279850746268651,0.279069767441855,1.73674588665447,1.17434507678411,1.0281627179258,-0.924881570042869,0.827740492170032,-1.13122171945701,0.112994350282479,0.695691202872536,-3.02890173410405,0.574712643678161,1.09140518417462,0.0681663258350401,-0.31912468657397,-0.457980306846796,-0.645309979257896,1.16173120728929,-0.757401882028915,-0.903195924038908,1.09940448923499,0.0,1.28871806466199,1.0735853276672,-0.067144136078785,-0.179372197309413,0.312919088064373,-0.13428827215757,9.16853018906281
0,0,0,2.81507145950627,-1.07244473626615,-0.0657030223390301,-0.175515577007456,-1.28888888888888,0.464499004644992,1.02889667250438,0.349040139616064,-0.614574187884111,-0.264084507042264,1.10990206746465,-0.0653310104529641,-2.02177293934682,0.618238021638333,-0.846136717880211,0.0667556742323123,-1.19342490430084,-0.885960926851416,-0.250512411751324,7.75210084033614,0.355871886121,-0.125759798784327,-0.399831649831645,1.83846312745299,0.799180327868854,-0.287710645293877,-3.37794773741236,0.905263157894736,1.5951937020924,0.082798592423927,1.34776393710434,1.96196196196197,1.65386887182516,0.936220011702758,-0.529411764705888,1.88534051558291,-0.912444185595028,-0.822078684674094,-0.117577895355678,0.931857891671514,1.43513203214696,-0.191717791411046,-0.733874082657388,-0.543689320388352,0.751589901715168,-1.03193146417446,-1.36175251628182,1.30502532138684,-1.18249901458416,-1.13613713374527,1.74304739522131,0.584112149532705,-2.24965160262792,-1.43376413570273,-0.364815565464126,0.644381796214243,-1.28492759534978,-0.122523994282218,0.386493083807969,0.36481556546414,-0.304940028461081,-10.8382154123479
0,0,0,0,0,0.020096463022504,0.519792083166744,-1.05050505050506,-0.446428571428569,2.29976209357652,1.03982734942123,1.6023166023166,0.192678227360311,-0.737577639751544,0.617283950617284,-3.30809087285772,-2.13718705475269,-0.696864111498265,-2.09248796819418,-0.56818181818181,0.335570469798651,0.770031217481784,0.599917252792731,2.1259364243774,-0.18255578093307,-0.5506832551499,-0.183898651409897,0.77047850770479,0.644641418211121,-0.282828282828284,-0.385317379841812,-0.284726459223105,2.61437908496732,-5.1875,0.518134715025907,-2.22457627118643,-0.382815823054019,0.33912674862229,-0.597014925373137,0.572397710409165,-2.81168265039233,-1.52688647930959,-1.39107022660982,-2.08428767750803,-0.575904169546188,1.74287007695791,-0.913659205116488,-1.50707164386737,0.392609699769041,1.79178952143345,-2.15477293790548,2.1537066424847,-0.0226757369614467,-1.26291618828933,1.91441441441442,0.693357190785064,2.40122244051517,-0.614979134636506,0.806100217864918,-0.569675723049952,-1.10766504209127,-0.66904549509366,-1.26467931345981,0.22532672374944,17.0467289719626
0,0,0,0.222667557336883,0.244335850733022,-1.41923856724488,0.0675371454299891,-1.6941391941392,3.084091413357,1.0972130787799,-0.241970963484381,0.350723366944315,0.371260100458619,0.152638464893154,1.67238421955403,4.54359394187474,-1.2013256006628,-0.583333333333336,0.228642693826646,-0.250052094186283,-1.65219233213303,1.64583333333333,0.0416493127863455,-1.56514382402708,-0.788744404178223,1.07549557148883,-0.105552037154326,-0.253968253968249,-2.65044536172061,1.30789022298456,-0.0858369098712428,-0.431034482758627,1.67408349226531,-1.59311087190526,-0.150927123760242,1.10874200426438,0.233992767496276,2.32703095782257,-0.459194322688387,3.15342631898121,-0.528347896768945,5.60138116247842,0.17234775947912,0.133868808567604,-0.0765550239234433,-0.442137639369467,-0.192604006163331,-2.084152575698,1.30021346788279,-0.624877953524703,-0.274133542196986,0.815692367449994,-0.546768209334117,0.233781414377552,0.581057524694953,0.424300867888137,-0.934397508273319,1.21153846153847,-0.814269096549053,0.32850241545894,1.1650114591291,2.25872689938399,-0.0373482726423961,-0.0934579439252283,19.3426805367104
0,0,0,-0.183654729109264,0.0917431192660498,0.511135450894489,-0.495321959273534,0.61987237921605,1.17117117117117,0.751072961373394,-1.04806649801228,-1.0591672753835,0.761145342515407,-0.290803344238452,-0.145613396432482,-0.347031963470316,2.64935988620199,4.69411964073885,-1.40917683450765,-2.06981231362919,-2.85044199891755,1.96321188539087,-1.63580801725687,1.52239334395468,0.282436010591344,0.15861825872401,2.64241592312972,1.0358295126507,-1.30741441596421,-0.484010371650823,1.66581676015638,1.04289318755257,-1.69346561751625,1.082910321489,1.82724252491695,-0.400266844563045,-0.604026845637583,-0.067159167226325,0.683675170918787,4.64302750834791,0.0635626887017307,-1.36920103092784,1.24085268851416,2.67843319399288,-1.20651833281104,-0.424862313139265,-1.08159694607921,5.5012776191192,-1.14016418364244,-0.858632321373815,0.427480916030536,-1.22083140163809,1.05504587155965,0.0305716906144849,-1.42635658914729,3.44311377245509,0.978357545211972,-0.536512667660208,0.430330909630518,1.54857560262966,-0.661764705882357,0.220102714600155,-2.55831452219714,-0.180913613749442,-16.5319747013352
0,0,-0.474368783473607,0.804493017607773,2.5876090492385,-1.82174043962661,1.21951219512194,0.252188102655395,-0.432061978545876,3.32709203514331,15.8526239243728,-4.06104174549123,-0.0378501135503421,0.0630437523641371,1.13438045375218,-0.137311197103981,-1.49499556569111,-2.8806047966632,-0.550458715596333,0.547445255474455,-2.53942796043839,-1.39585309662554,0.873186458893057,-2.15452175106353,1.50040551500405,-0.625680087051153,-0.108932461873636,-3.24757486292704,5.14735298039739,-3.73495642550835,-3.4487693188323,1.34123958774531,-1.17126124839308,-0.128718535469112,0.171330668189612,0.298932384341628,-0.0569719413189093,-2.30220020399242,1.26600489138255,-2.22058823529413,2.5089605734767,0.754126351735915,3.42173972790985,1.82137075013493,-0.406393931183976,-1.75051688490696,1.95945945945946,-0.0946841606925378,1.3477448625567,-1.31134243612275,1.88353893089269,0.645756457564569,-31.0309100328095,1.49685320632761,-5.79449343170775,0.750133952491519,-0.882882882882887,2.56320224719101,1.23114270851396,1.26690635165211,1.56723963599597,-1.73152751585806,-0.847164591977861,-1.61630358397752,7.73220943426811
0,0,0,0,0,-1.95581311119159,6.75447483958122,-5.8066821511524,4.16095890410959,1.31801284217641,-0.271094544222292,1.60053351117038,-1.12965773056819,1.13352225370895,1.73628173628173,-1.90285428142213,-5.64274378416504,4.25460070910011,-1.89231033889557,1.3408010862186,-1.35902287975228,4.78296478296477,-1.75,1.55865463494668,1.31152849740932,2.41744351398325,-4.57699933906146,0.0,1.72133809678466,-0.130081300813005,-0.918936659008865,-0.62747688243064,4.23782416192283,-0.588515985366637,-1.07717041800642,-2.52183945937037,0.930764206401046,-1.71067928915463,0.215445807093143,1.56606851549754,0.373801397692189,-2.32828870779976,0.742819412347302,-3.80397532556545,0.815771583956499,0.507270882651331,0.921427374769638,-5.40349638001059,-0.765124555160142,-2.66715381804896,5.09708737864077,2.86291680700573,1.77005789909016,-0.198906016907019,-2.77683134582623,2.11772552943138,-2.68835616438356,1.01694915254238,4.00260331923202,-0.441248570027787,2.85759644387999,-0.848543067563242,-2.84867446072782,1.55616793645648,-10.3775272857398
0,0,0.0476644423260266,1.67161381034215,-0.344881642890745,2.0423832923833,-0.664708610295265,2.61929850970948,-3.44129554655872,-0.784682988072819,1.86354535653782,1.45697374411898,-0.106350653296881,-1.26153846153845,-0.154083204930654,-0.433302383163109,-0.170516199038908,-1.3193026543113,2.22665847665848,-0.695840420596881,-5.44594814935595,-1.05453946284396,2.63115674635007,-0.0320975766329578,1.11093477225836,0.205891669306307,-1.8058690744921,1.08452950558214,-1.01498308361528,1.5543219666931,-1.17137355584082,0.0481154771451502,0.874403815580282,0.944881889763782,-1.19521912350598,0.491595306057726,-2.3369036027264,0.7409793814433,-1.73713536545394,1.67579761521108,1.69491525423729,0.941471834300948,-1.5617529880478,-2.18205503989579,0.486144871171616,0.867469879518071,3.59299984512931,-3.44440884331944,-1.86031331592689,-1.3898080741231,-2.61460101867572,-0.546261522703995,2.20367278797997,-0.537092984222894,-2.10796915167095,0.256410256410254,1.13233057292547,-1.99965523185658,-2.61807889616132,2.26486860304288,0.481761871988978,-3.15938942137024,1.22720897615708,-2.05761316872428,-11.135414595347
0,0,-0.274914089347073,1.13810090028876,6.46647600889736,-3.12960838931672,-0.147686248769287,2.02572347266882,-1.93379219927892,3.87523629489602,0.157282164202582,-0.920634920634918,2.55220417633412,3.29094988780851,6.21492704826039,0.140095264780042,-0.140291806958466,-2.56115107913669,-0.0143905597927833,1.43262411347518,1.08039848463589,-2.16456422018347,-39.4921015796841,-0.542822677925203,1.52445060384082,-0.577459179609716,-0.681635926222928,0.0400801603206333,1.69424743892829,2.7772457383643,0.495521250238228,2.34505862646566,1.68344007319305,-0.40418886643395,-0.239410681399636,-0.369685767097959,-1.76824680210686,-1.48911798396333,2.05684367988032,-2.66845843732001,-1.95733020160501,0.467562828755104,-0.785391714117413,-1.17203019467619,-0.338847917081925,-4.17358803986712,0.884955752212403,-2.29473684210527,-1.66952054794521,1.22621564482029,2.41386424592532,0.472279260780296,-4.52886885597768,3.89851485148514,-6.85474983469253,3.75477301654646,5.68227290916366,-3.9085239085239,-2.05813706768512,-0.877568493150693,4.32111406921974,1.88868796463734,-1.79995909183883,2.78385364883674,-5.58471551543144
0,0,1.62376237623762,-2.2474185057704,-6.21505376344086,-0.410278557546961,-3.46291331546024,-4.62833099579242,9.22978994271165,-4.29298517371101,-6.42958078191238,3.45611641655297,3.23432343234325,4.29564118761844,-7.95635371675381,-8.03045186640472,1.61874848997343,0.0724287783679409,-2.90683229813665,4.95867768595042,-0.977587029089184,-4.06947890818859,5.28789659224442,8.11919671777155,1.80237489397794,-5.17395182872434,-0.538116591928256,3.77562028047465,0.791952054794515,0.170940170940167,-5.73881608676005,5.22483940042828,-7.30698529411765,-0.904242986320428,1.52968036529679,-6.67316122747198,-3.24365099321096,-0.327951564076697,2.46062992125984,0.196463654223964,3.04761904761905,0.732687307965025,-8.4315735520246,5.81704079169683,1.63817663817663,-1.0071942446043,5.76271186440677,8.13784513182479,-3.36909871244635,3.01768990634755,-1.90880169671262,-0.31914893617021,-1.77566045907319,5.98534201954397,-3.08499475341028,0.749843782545302,-2.6951871657754,1.07913669064748,-0.446333687566421,0.317796610169504,0.232508983301626,-1.65449076063602,2.39093959731544,-0.104975855553217,9.13773368943151
0,0,0,0,0,-2.08736819453411,0.726340525528741,2.37747653806048,0.621761658031082,0.412796697626425,2.37759419705823,-3.2023289665211,2.43457090687765,3.44760039177277,-3.02724520686176,5.02204331991567,-2.53537735849056,-7.29649936735555,2.24695938981653,1.54252080373453,1.08411965468781,-1.07548701298702,-1.29496402877698,2.91359010177609,4.47960350743424,0.549763033175354,0.994744744744747,-1.52439024390245,-0.613496932515338,-2.53587576174562,0.333072100313483,2.98422353164798,-0.36245707745135,-2.56309919780865,-0.491545418796697,-0.197005516154455,0.0393855848759416,-2.83515593357634,0.543806646525672,1.78041543026706,-5.99706437408262,-3.58384013900955,-4.63636363636363,1.36740641111858,3.44155844155845,-5.86617781851513,1.33393624236942,-0.912616929044031,4.00788436268068,0.932957257539611,5.70785597381342,-0.783505154639181,-1.93358554014292,4.13056618980456,0.8589692369157,1.10628210193598,-1.30078046828097,2.97087378640777,-1.27826941986234,1.30046583850932,2.1648309912647,-0.726855394032126,0.494861058241336,-0.228920259442956,-16.1018826135105
0,0,0,-3.73608903020668,-1.39028813217811,4.72259550777501,2.88963460104399,-1.28398791540785,-0.837776085300833,-2.00038842493688,-0.605705353653775,0.602058652165473,-2.79496905569974,-3.59875904860393,-1.68243953732914,-1.06269925611052,-2.32709873858199,0.217013888888892,0.108389334489495,2.53538981618423,0.189793336145094,1.90318576748035,-4.49632511889322,0.750911821497536,-0.387680379065259,0.59944337400985,1.03813559322034,2.88065843621399,1.0989010989011,0.1219512195122,-1.40148392415499,0.979591836734688,0.142653352353781,3.21499013806707,0.255754475703316,1.56855151045701,-1.79381036861818,-0.674737051002176,1.65886026541764,-0.510003923107111,0.234833659491203,1.33230353350067,-1.74852652259332,2.71406727828747,2.07748455923638,-0.526810912511761,-1.97620874904068,-0.559521512637467,1.05001909125621,-1.47229755908564,-0.310921103769912,-0.155702608018681,-2.37099023709903,1.37551581843192,1.79467387109224,0.326985958838241,-0.619314882910781,-5.23421588594705,-0.759285860866006,1.01564086938858,1.52030406081217,0.15977631316157,-5.81149619611158,-4.8062015503876,10.6294536817102
0,0,0.486510393631134,-1.64081816138457,0.824788230049036,1.25467752586397,-1.5195530726257,3.05459272097053,-0.478885502829776,1.56417398757232,0.912951167728237,-2.23572823963534,1.81159420289855,1.75879396984924,-1.92061459667093,3.56040337518009,0.796243364638615,0.467384677911002,-0.387596899224802,-1.8703241895262,-1.60472972972973,0.399579390115663,1.67493796526055,0.514297469656449,-2.07895842083159,-2.07931404072883,1.33248730964468,1.35614437721677,-0.250993516000831,2.42857142857142,-0.163532297628778,-0.287002870028701,-1.09844559585492,0.20682523267839,1.3869059759331,1.08936856969941,0.800480288172901,-0.888350494649703,0.36210018105009,0.420673076923079,0.259740259740251,-0.240336471059478,0.537848605577695,-1.94963444354184,-0.101646676153698,1.44259667401322,2.15643991374241,0.332161000390781,-0.274294670846396,-1.41068944963243,1.00314712824549,-0.0196734212079581,1.12818517798093,0.271580989330748,-2.18037661050544,-0.900000000000006,1.74887011200629,-0.712448050662971,-0.597252637865826,0.0,-0.239473159050085,0.909630215542814,1.63392336121376,-1.76167854315121,5.57009345794392
0,0,-0.721054800164815,0.979192166462676,0.305064063453322,-1.17283950617284,0.836563966537434,-0.657219141507497,0.225409836065573,2.47801758593126,-0.502108857200241,-1.19918699186991,0.384693257744478,-2.76737411568872,-3.5106612104243,1.69383866186745,-7.80643688655557,0.725130296850216,0.942760942760931,-2.34321157822191,-1.04456824512535,-2.25492523142653,1.08006574313219,1.52601156069363,-1.05140186915889,3.58188781257041,2.99388111888111,-0.770755340233432,0.219731927049003,1.98147749300022,0.150537634408603,0.470890410958902,-0.408338706211042,-1.04234527687297,0.238301559792026,-0.676117775354406,1.14273393704183,0.876255610173107,1.24525116082736,0.147523709167545,-1.12958226768969,0.0426075841499702,1.88127090301004,-0.209467951403438,-0.759814267623469,1.66044001660439,0.248447204968939,-0.499375780274646,0.228357899107327,0.186489846663896,0.801644398766702,0.450173930836912,1.13291523366377,1.6318407960199,-1.61779575328614,1.23826642700219,1.99647680563712,2.35091743119265,-0.306748466257676,0.153139356814712,1.9335460859771,0.243445692883887,0.558659217877103,-0.37383177570094,6.77818435267468
0,0,0,0,0,0.0935803855511832,-0.830345348178897,2.01553254437869,-0.333951762523191,-1.2206572769953,1.53476331360946,0.515084621044888,-0.332225913621262,1.90114068441064,-0.932017543859645,-2.83781244127043,-0.282698831511494,-0.74045946459085,0.622641509433959,1.08249346771183,-0.581941055002807,0.874581317454408,0.315340382118335,1.87477247906808,-0.622710622710616,-2.82485875706215,0.803287875957407,-1.30582891748675,2.31096320946571,0.551571980143403,2.33435087089244,-0.869407715993474,-0.163280116110311,1.97403521252001,-0.446588067166845,1.11287758346582,-1.68852164541045,-0.760180995475116,0.0723458129860719,-0.728730187648021,0.218142155971637,3.11729482212047,0.924794974699007,-0.91565416446558,-0.229438757500887,0.961370389792002,0.797641754811862,0.293914246196407,1.48185998978027,0.119088125212658,-0.0340367597004818,0.237691001697794,1.3895864724594,-0.623315363881397,-0.270270270270265,0.721113533456313,0.31761952524239,0.0334224598930534,-1.68224299065421,-0.995366397803326,-0.206362854686164,0.462170489558376,-1.2302893779241,-0.557588430040077,-20.9483667017914
0,0,0,-0.0521739130434802,-0.401606425702806,-1.48856990962255,0.159235668789815,-0.928571428571434,-1.68875976030507,-0.200145560407568,-1.01084359492741,-1.43549589858314,2.09892316116079,-1.6323502133185,-2.25720789074355,-1.32615798577743,1.06484122456741,-0.650717703349289,-0.287907869481763,0.0383729854182579,2.23222659913713,-0.0375304935259957,0.578358208955228,-2.48565965583175,0.759013282732459,-3.94477317554241,-0.615201428854936,1.44729121846275,0.486570650058388,1.26825518831667,-1.24513618677043,-2.53341312587272,0.870081075736598,0.256410256410261,-0.475624256837103,-2.45685279187817,-0.551245406288287,-1.47089289413713,0.165460186142706,-2.09037162162163,1.90555095277548,-1.7921146953405,-0.444726810673445,2.33712512926578,1.82741116751269,-2.94732441471571,-0.419815281276244,-1.68623265741729,0.488530161427351,2.20191109264645,-4.15404586758979,1.21820901902116,2.76392352452203,0.475698035160298,1.34666394613344,1.70477336542319,-0.747625782986457,0.100928542591839,0.301871603944453,-0.627784528149038,0.383296348597938,0.0,-1.78644763860369,-2.63435194942044,15.4490377761939
0,0,-2.14964861513022,2.92937399678973,1.98623402163225,1.66312125314252,-0.0967866821525441,1.9362186788155,0.547479705493674,0.860939547070936,-3.02738141149248,2.48213614140654,1.55497963717142,1.72821539021284,2.1363717286808,-5.04956050121564,7.63517015028503,-0.242424242424243,-3.2725321888412,1.07907305855298,-1.16320687186829,2.29061024654659,0.261597488664119,0.087123192193757,-0.402379286214143,0.867152271938953,-0.138937130948243,0.483926719668167,-3.69175627240144,1.4308426073132,-1.19771183410798,-0.161145926589071,1.86259005447196,-0.690021231422494,-2.65165274246277,0.577825929938606,-0.855946093607733,-1.98736998514115,2.76322918547949,-2.70821739936932,1.26373626373627,-1.26112759643917,-0.223048327137555,2.73006689567891,-0.108597285067877,1.76031294452347,-0.178126113288211,1.76727909011373,-0.245570952464481,1.1615811373093,0.224874589171428,0.172681747539275,0.872988702499153,-1.30050286110629,0.431629834254144,-0.207612456747413,0.738450970290228,-6.14290922347794,0.687907313540917,2.09145693016661,-2.97499543712357,1.13677372789607,-0.108381502890178,1.35424091233072,16.3012677106637
0,0,1.51225447592561,-1.58926364117958,1.06568832983927,0.607744400069459,-0.928846827900458,-0.228350606007382,0.454624934429093,-0.36855036855037,1.17932708983697,1.48641722193748,-0.446198730049765,0.664848278213422,-0.600240096038406,0.748936170212762,1.91986644407345,0.150025004167367,3.98527528809218,2.14565387627252,-1.81789188327221,-0.255795363709039,0.714285714285719,0.0,-0.8,0.446001911436765,0.396636522290973,0.56791292001893,2.40184757505774,-0.339873319944383,-0.356589147286828,1.46654445462877,-1.75656769780817,0.294482331060133,0.401358443964194,0.200277307040511,-0.0770891150169552,-1.62958320275775,2.31134241542936,0.0,-0.942521631644004,-1.17242457401907,2.14165519351385,2.54919499105545,-0.119402985074624,-0.434717433668125,0.59603635821786,0.371140142517815,-1.49163778815729,-0.105580693815999,-0.622249203217478,-0.228171585031953,0.484408113835918,2.73851590106007,0.322864690343409,-0.235363342159454,0.35180299032541,-0.768094534711959,-0.714073192502237,-0.448296473401072,-0.420168067226892,0.0,0.239520958083827,0.372856077554064,8.73826051449571
0,0,0,0,0.419916016796642,0.86232530478739,0.1780943900267,-0.717488789237653,2.04978038067349,-1.33531157270028,0.177725118483398,-1.4270692504131,0.656618415161934,-1.16243961352659,3.69293399243967,-3.0103339823274,0.551087280309807,-0.448833034111306,0.977777777777773,-0.611119391861673,-3.08850645359558,0.595692683671912,0.030539013589855,0.997732426303871,-0.869167429094247,0.530866070074334,-1.04214559386974,1.36054421768708,-0.227272727272736,0.332225913621261,-0.592435060003039,2.1406273227293,-0.268296318378287,0.400831353919234,0.428677014042877,-0.0147841513897178,-0.819794306155906,-0.494307968843616,0.743383883437407,0.767187961050452,0.906432748538018,2.53633513821602,-0.257142857142867,1.98823858863064,-0.379479971890367,0.126333520494089,0.502793296089385,0.195149149707277,-1.61473087818697,0.563380281690149,-0.495399858457175,-1.56699252443934,-1.25181950509461,0.794223826714797,0.402703868833599,0.114926016376955,0.215022935779825,0.442414728128997,1.68373789813386,-0.0983146067415634,-0.93563935355826,0.787623066104062,1.11265646731573,2.13692663672246,31.2850729517396
0,0,0,-0.0273037542662062,0.475543478260862,-0.780501163905235,0.354755082548786,6.69637173774665,-0.46041693311165,3.42144268774703,1.49653242486921,0.928158148505299,-0.423677520881242,1.64305274437433,2.98024719879866,13.1695085255767,0.578380534503389,1.49312377210216,-2.32184139109458,-0.525411740931591,-1.35176651305683,1.03374885983581,-0.69394836207777,-1.56509121061359,-1.05792395516917,0.676238035788603,2.0183486238532,-0.780768440517763,-0.776477896262553,1.67956026058631,-1.68719594244902,-0.488870397337215,1.46561443066516,0.194353518821616,-1.07526881720431,0.401606425702812,-1.88857412653446,-0.48497627833422,-1.25974164620475,-0.418096054888508,-0.0750992382791625,1.60456032935713,-1.66344709165057,2.09099506146894,-0.815677966101691,-1.33104336625162,0.150053590568061,-0.538793103448276,0.981647460520702,-2.75189123999562,0.621050337764227,3.26728499156829,-1.19453924914675,-0.24591040307923,1.28759894459103,3.90466531440162,0.0506842372022416,0.8243691565296,1.19201350948644,2.65906014310578,1.1753463927377,3.45050281391272,0.541383740135808,-1.92667414889637,-14.7826086956522
0,0,-0.0185373992028881,-1.28614344723996,0.810131297141265,-1.85905340036042,-1.32628543969246,1.1964675719305,-2.05446264172885,0.778846153846156,-0.240963855421687,3.22731088517862,-2.72108843537414,1.18348797576217,-0.056839712012128,-1.50976055389942,0.961904761904767,-3.13328749631667,0.332843857072935,-0.274860115833907,1.00097181729835,-3.24069429116083,-0.90099210366471,-6.73149648838466,0.676110753380564,-5.88636363636364,1.59901599015991,-5.17464424320829,3.82309693473588,2.82479665860629,0.75269990182175,-0.62568605927553,-1.18849272464733,-1.77481347501697,1.76568573014992,-0.71580360138687,2.00569925471284,0.879956545355787,-1.52200286754163,1.75533643948424,1.70412184471189,-0.309829059829067,0.636942675159245,-0.630274543318025,-2.21664118803232,0.359046893700357,1.17204301075269,-1.58383397050792,-1.45168439716312,1.90238069355365,2.67668218366483,3.39329517579723,1.56941649899397,1.47685598176231,-1.4173703256936,0.777977259126273,-3.40346534653467,-2.55976306325364,-0.681576144834931,1.9116264493889,0.972380262749558,-1.71506734006734,-0.614016514926967,-1.40633387010197,15.3566560654248
0,0,0,7.14213352243947,0.704154511618552,0.599940005999409,0.665474771553438,-1.77921552769916,-0.162008910490073,2.52664824318988,1.70741171905317,-1.62673765158236,1.17887763055338,-0.548589341692792,-0.403265466706006,6.58765159867696,0.620891161431695,-2.47964817067464,8.59562093739309,0.696449804654317,0.825471698113211,-2.0281883808869,-2.10600210600211,-0.467248523318335,0.543621218763692,-0.493435544981939,0.456100342075266,-0.079002808988767,-2.40920532182669,0.749464668094222,1.14658669959428,0.49148674741092,-0.769434863358985,-2.52062743675763,-0.602024993158817,-1.83929400836042,0.222448790434697,4.94273127753304,-3.24752114982261,-0.668498168498172,1.66591625393966,-0.579657639706549,3.94954327968683,1.31353021978022,-2.86117979512541,-1.29707487252884,0.312109862671655,-0.340014316392265,-1.86856257405889,2.86852589641435,-2.31905063864481,-0.272504314651646,-0.419593177050085,0.0911327804611396,0.507752289418807,-0.272752068369862,0.668292242391411,0.681675486590718,-0.722739181497874,0.0902608538676853,0.476104922745227,-1.016333938294,0.397686189443237,-0.536119945479331,12.6587301587302
0,0,0,0,1.33610966510499,0.207792207792203,-0.548446069469831,0.00870473537603665,0.717310517673493,0.507308684436804,-0.232698440058602,0.744225834046197,0.213401621852326,-0.316835074499062,1.15117657017098,-1.57338148052618,0.615226864906433,1.11533586818757,-0.424268137462877,0.598852901484487,-1.69840452907875,1.16150911403137,2.72967177964704,0.0,0.508697079094183,0.17200425915309,-0.435998683777559,-1.63879598662208,-1.54525386313465,0.304723209751142,1.55,-0.250626566416038,-1.02118322221285,0.570613409415127,-2.33576642335766,-0.674332151811188,0.720968157239725,0.162810625535559,-0.266345906005673,0.00859106529210061,0.239972574562908,-0.180303940929001,1.88695139415382,0.151400454201368,-0.396892416821482,-1.18772964197214,-0.0256410256410266,2.84005979073244,0.157532542906888,-0.0663735169667289,1.35046652479948,-1.20102708523151,0.264353572903753,-0.84138620459846,-0.0583479203134178,-0.578470824949696,0.550275137568782,0.637892469555129,0.206679894179894,3.84737678855326,0.340648023449265,-0.429628450950757,0.624604680581915,-0.380952380952384,12.7302950547167
0,0,0,-0.766703176341745,0.621987249261399,-1.5875523260406,-1.27179651255799,0.00799808046069353,0.374501992031872,-0.127652784426358,0.349817141039909,2.0557545553652,-1.48569622253831,-0.468439857086148,1.00605203175352,-1.09654350417164,1.47956787224049,1.19885528656508,1.15443425076454,1.77230399519374,0.634281023804189,-1.65364484563451,2.4637466706126,-0.670341129152395,-2.51202565473008,1.16217643951399,0.315955766192745,-0.316957210776557,1.34018315836499,1.75554092604784,0.116899247461092,0.124051371862221,-0.175438596491214,-2.950030102348,-0.987992096063218,0.514138817480704,0.0528980578856054,-0.631178707224344,0.113938473224463,-0.0684098510185493,-0.0152045005321653,-0.535004585753583,-0.0688336520076508,-3.17209816144559,3.10421286031041,1.23839009287927,1.2527030049959,-0.577471126443685,0.134811264230083,-0.952668985331937,1.40887066716363,0.0521531813440569,3.20207702293379,0.964216841654164,1.37362637362639,0.789712768187851,-0.168008400420027,-2.62212643678161,1.79201354592918,0.204182215024989,-0.0422624498133424,0.831237775915059,-2.17686103775604,2.95747333425681,3.23704845519738
0,0,0,-1.04773799611434,-1.16523936543591,0.488963397597086,0.410434782608698,-1.23239436619718,0.441702306667598,1.3691999170182,0.420052334389192,0.472894249880062,-0.655353200882994,-0.84875469597885,-1.07587370789677,-2.14034331681392,0.17923716661887,2.76751481352388,2.9103214890017,1.15073258847929,-1.48696360673547,-0.994308441335794,-1.07429997227614,-0.333796940194708,0.86860609403005,0.274989687886708,0.492543439595019,-0.779041709755254,-1.36976727933469,1.66311593704899,-0.671094506710944,0.659793814432995,0.932797712262548,-0.0204304004358493,-1.20614790819491,-0.27645310664179,-0.500104188372577,0.655534087772556,0.158456768859813,1.27865061552064,0.244249949114584,-0.655603359967206,-0.370141887723641,0.0411099691675247,0.436591854833218,0.326375195485136,-0.272721074521037,3.62704514094225,0.203278688524592,-0.593667546174146,0.230338927278706,0.203599106791017,0.157377049180334,1.12811203319503,0.110096496340902,0.892169448010279,-0.490196078431385,0.653594771241837,-0.963964546807278,-0.110103626942997,-1.02728521887064,-0.798047750956344,-0.603808639108219,-1.00529455130353,-1.94028831044613
