0,0,0,0,0,-3.38983050847458,7.81250000000001,-6.66666666666667,1.63934426229508,-7.01754385964913,3.38983050847458,-3.50877192982456,0.0,-7.54716981132074,3.63636363636364,1.78571428571429,-3.70370370370371,1.81818181818182,3.50877192982455,-1.78571428571427,-1.81818181818182,3.50877192982455,-3.63636363636362,-1.85185185185185,0.0,-5.88235294117648,5.55555555555556,0.0,-3.84615384615385,1.88679245283019,0.0,-3.92156862745098,-6.25000000000001,4.0,0.0,-11.1111111111111,4.25531914893616,2.08333333333334,-6.66666666666666,-2.27272727272727,-4.76190476190477,0.0,2.32558139534884,4.44444444444445,6.24999999999999,2.04081632653061,2.0,-8.69565217391304,-2.22222222222222,-2.27272727272727,4.34782608695653,2.12765957446808,0.0,4.08163265306123,-2.08333333333334,2.04081632653061,-2.08333333333334,5.88235294117648,10.5263157894737,5.0,-5.26315789473685,-3.63636363636362,-1.85185185185185,1.81818181818182,-7.84313725490197
0,0,0,0,3.63636363636364,1.78571428571429,0.0,-1.81818181818182,3.50877192982455,3.38983050847458,0.0,1.66666666666667,-3.44827586206897,1.69491525423729,1.66666666666667,3.22580645161291,-6.89655172413794,4.91803278688525,0.0,0.0,-3.38983050847458,-1.72413793103448,3.33333333333334,-3.44827586206897,3.33333333333334,-3.44827586206897,-7.40740740740739,-10.2040816326531,2.0,1.96078431372549,-2.0,-6.38297872340426,2.08333333333334,4.0,-11.1111111111111,2.17391304347826,-2.22222222222222,11.7647058823529,-8.51063829787235,12.962962962963,0.0,5.26315789473683,3.38983050847458,-1.72413793103448,3.33333333333334,1.63934426229508,0.0,0.0,10.2941176470588,0.0,0.0,-4.61538461538462,-6.55737704918033,4.6875,0.0,-3.22580645161291,-3.33333333333334,1.63934426229508,0.0,-7.01754385964913,1.72413793103448,-7.40740740740739,-8.00000000000001,1.96078431372549,5.55555555555556
0,0,0,0,-3.50877192982456,0.0,5.0,1.63934426229508,0.0,0.0,-5.17241379310345,1.69491525423729,0.0,-1.72413793103448,-1.75438596491228,0.0,0.0,3.38983050847458,-1.72413793103448,0.0,-5.45454545454544,-3.77358490566038,1.85185185185185,-3.84615384615385,0.0,-6.12244897959184,5.76923076923077,0.0,-1.96078431372549,0.0,-8.51063829787235,4.08163265306123,-4.25531914893617,6.00000000000001,7.40740740740741,0.0,1.81818181818182,0.0,-3.77358490566038,1.85185185185185,1.81818181818182,1.78571428571429,-14.2857142857143,3.92156862745098,0.0,3.77358490566038,1.85185185185185,1.81818181818182,-3.77358490566038,1.85185185185185,0.0,-3.84615384615385,-1.96078431372549,0.0,0.0,-2.0,3.84615384615385,-1.96078431372549,0.0,3.77358490566038,-1.92307692307692,5.45454545454546,0.0,-1.85185185185185,46.0
0,0,0,0,0,-1.85185185185185,3.57142857142857,-1.81818181818182,5.17241379310343,0.0,1.69491525423729,-3.50877192982456,-5.55555555555554,0.0,5.26315789473683,-3.63636363636362,3.50877192982455,-3.63636363636362,1.78571428571429,3.44827586206895,1.69491525423729,1.66666666666667,13.0434782608696,-6.15384615384614,2.98507462686567,5.6338028169014,11.25,-5.26315789473685,-1.33333333333333,0.0,-8.69565217391305,1.42857142857143,1.40845070422535,0.0,-1.42857142857143,1.40845070422535,0.0,-1.42857142857143,1.40845070422535,6.57894736842106,5.0,0.0,3.61445783132529,2.35294117647059,3.40909090909091,4.34782608695653,0.0,-6.97674418604652,-1.1764705882353,-1.19047619047619,-2.4390243902439,-6.49350649350648,0.0,0.0,1.28205128205128,3.70370370370371,-1.25,13.9784946236559,-2.1978021978022,-3.40909090909091,4.34782608695653,4.16666666666666,7.6923076923077,-4.0,-28.2051282051282
0,0,-1.0,-1.01010101010101,0.0,-5.31914893617022,-9.30232558139534,2.27272727272727,0.0,3.2967032967033,-1.11111111111111,1.0989010989011,8.08080808080808,0.0,-15.1162790697674,2.27272727272727,0.0,-6.02409638554217,3.48837209302326,0.0,-2.38095238095238,1.1764705882353,0.0,1.16279069767442,2.27272727272727,3.2967032967033,-1.11111111111111,0.0,1.0989010989011,-9.63855421686748,-1.21951219512195,4.65116279069768,-3.6144578313253,1.19047619047619,-4.99999999999999,-6.66666666666667,1.31578947368421,3.79746835443038,3.65853658536584,-2.49999999999999,1.23456790123457,-3.84615384615385,1.26582278481013,2.46913580246914,0.0,-8.00000000000001,2.5974025974026,-8.45070422535212,1.38888888888889,0.0,1.36986301369863,2.66666666666667,2.5974025974026,1.28205128205128,1.26582278481013,0.0,0.0,0.0,-3.94736842105263,1.2987012987013,-1.31578947368421,1.2987012987013,1.28205128205128,0.0,18.75
0,0,2.53164556962026,-2.5974025974026,0.0,3.75,-3.8961038961039,1.28205128205128,2.5,1.23456790123457,-3.84615384615385,3.70370370370371,1.21951219512194,0.0,-1.23456790123456,0.0,0.0,0.0,0.0,-1.25,0.0,0.0,0.0,2.43902439024389,-3.79746835443037,2.46913580246914,-1.25,-2.56410256410257,-4.0,3.84615384615385,0.0,6.02409638554216,11.7021276595745,1.05263157894737,-4.39560439560439,-1.11111111111111,4.25531914893616,-1.07526881720429,-2.1978021978022,1.08695652173913,0.0,8.0,-2.04081632653061,2.0,-6.38297872340426,2.08333333333334,-4.34782608695651,0.0,0.0,1.0752688172043,5.10204081632652,-1.03092783505155,-1.04166666666667,-4.34782608695651,-1.0989010989011,3.19148936170212,0.0,7.84313725490197,0.0,-4.08163265306123,2.0,-4.16666666666667,0.0,0.0,24.4094488188976
0,0,0.990099009900991,0.0,-7.4468085106383,2.08333333333334,0.0,7.6923076923077,0.0,-0.970873786407768,0.961538461538462,1.88679245283019,2.75229357798165,0.90909090909091,1.78571428571429,4.27350427350426,4.87804878048781,-2.5,-1.69491525423729,0.0,1.66666666666667,0.0,9.0909090909091,5.7142857142857,-3.70370370370369,-4.65116279069768,7.85714285714285,1.40845070422535,2.73972602739726,7.0063694267516,9.24855491329479,-4.84848484848485,-5.09554140127388,-16.2962962962963,-4.65116279069768,-4.87804878048781,1.6,4.58015267175573,-3.1496062992126,-3.25203252032521,-5.12820512820513,0.0,0.847457627118645,1.66666666666667,-0.840336134453782,2.45901639344263,2.4,5.30303030303031,-4.76190476190477,-2.4390243902439,-3.36134453781513,0.0,0.0,1.65289256198347,0.819672131147542,0.0,3.17460317460318,3.81679389312977,0.757575757575758,-1.53846153846154,-5.69105691056911,4.65116279069768,-1.5748031496063,0.0,-10.4347826086957
0,0,0,9.20245398773006,-7.23684210526315,-4.10958904109589,2.66666666666667,0.0,1.31578947368421,-1.33333333333333,-1.35135135135135,-0.680272108843538,3.28947368421053,0.0,-5.55555555555556,3.35570469798658,0.666666666666667,2.5974025974026,-8.45070422535212,-3.64963503649634,-3.00751879699248,0.0,6.33802816901407,-1.42857142857143,4.10958904109589,0.0,0.0,-1.38888888888889,-1.40845070422535,0.6993006993007,4.66666666666667,0.0,-0.671140939597316,0.666666666666667,-7.14285714285715,0.0,1.40845070422535,2.06896551724138,4.60526315789474,2.56410256410257,0.0,-2.63157894736842,-1.33333333333333,1.96078431372549,-1.32450331125828,-2.02702702702703,0.671140939597316,-3.47222222222222,0.0,0.0,-1.40845070422535,4.05405405405406,-8.02919708029196,0.0,0.0,-4.58015267175573,2.96296296296297,-1.50375939849624,-11.764705882353,1.65289256198347,-1.68067226890756,-1.70940170940171,1.68067226890756,-3.47826086956522,-38.5542168674699
0,0,0,0.0,1.88679245283019,3.63636363636364,-1.85185185185185,0.0,-1.88679245283019,0.0,3.63636363636364,1.78571428571429,-9.80392156862746,-10.8695652173913,-4.54545454545455,8.33333333333333,2.04081632653061,-2.08333333333334,-9.09090909090909,-6.02409638554217,5.68181818181819,2.22222222222222,4.25531914893616,7.84313725490197,1.92307692307692,3.70370370370371,0.0,0.0,-5.88235294117648,-22.8915662650602,2.35294117647059,-2.40963855421687,7.77777777777778,3.22580645161291,-1.08695652173913,3.1578947368421,-1.06382978723404,0.0,0.0,0.0,0.0,6.00000000000001,3.84615384615385,1.88679245283019,-1.92307692307692,0.952380952380953,-5.0,0.0,-6.38297872340426,-10.5882352941176,-2.40963855421687,1.19047619047619,1.1764705882353,0.0,0.0,-2.40963855421687,2.35294117647059,0.0,3.40909090909091,0.0,0.0,-6.02409638554217,0.0,0.0,-10.6666666666667
0,0,0.0,0.0,-2.46913580246912,-5.1948051948052,2.53164556962026,2.46913580246914,0.0,2.40963855421686,0.0,2.35294117647059,-2.40963855421687,-2.46913580246912,2.40963855421686,-1.21951219512195,-1.23456790123456,4.70588235294117,0.0,-2.40963855421687,2.35294117647059,0.0,3.40909090909091,0.0,-2.32558139534884,0.0,-1.1764705882353,1.16279069767442,2.27272727272727,0.0,-2.32558139534884,-1.1764705882353,3.40909090909091,0.0,-3.52941176470589,3.40909090909091,-3.52941176470589,-3.65853658536586,1.20481927710843,0.0,0.0,-1.21951219512195,-2.49999999999999,0.0,1.23456790123457,1.21951219512194,-1.23456790123456,0.0,0.0,3.57142857142856,1.1764705882353,-1.19047619047619,1.1764705882353,-1.19047619047619,2.32558139534884,-3.6144578313253,-5.0632911392405,0.0,2.46913580246914,1.21951219512194,-9.33333333333333,-5.63380281690141,5.33333333333334,0.0,31.1926605504587
0,0,-10.2941176470588,4.22535211267604,2.73972602739726,-2.81690140845071,-1.42857142857143,0.0,-4.47761194029849,2.89855072463767,0.0,0.0,-1.4705882352941,1.44927536231883,0.0,-1.4705882352941,-1.49253731343284,-9.8360655737705,6.15384615384616,-4.83870967741936,10.1449275362319,12.6582278481013,0.0,0.0,-1.28205128205128,6.02409638554216,13.5416666666667,0.0,-5.49450549450549,-2.24719101123596,3.26086956521739,0.0,9.80392156862745,1.92307692307692,-1.96078431372549,-4.08163265306123,0.0,-2.08333333333334,1.03092783505155,-7.77777777777777,4.25531914893616,2.08333333333334,0.0,-2.12765957446809,2.08333333333334,-4.34782608695651,4.16666666666666,0.0,4.0,-1.01010101010101,11.6071428571429,-5.66037735849057,-3.92156862745098,1.92307692307692,3.70370370370371,1.81818181818182,-3.77358490566038,0.0,-3.92156862745098,0.970873786407768,-1.98019801980198,0.980392156862746,-0.990099009900991,7.33944954128441,-14.7368421052632
0,0,0,0,1.90476190476191,-0.961538461538462,-1.96078431372549,0.970873786407768,7.20720720720721,-5.71428571428572,-0.961538461538462,-0.970873786407768,1.90476190476191,0.943396226415095,-0.952380952380953,5.40540540540541,0.0,0.892857142857143,-3.70370370370371,-3.84615384615385,-1.96078431372549,1.92307692307692,-1.96078431372549,1.92307692307692,-8.33333333333334,-5.49450549450549,-3.40909090909091,0.0,-2.32558139534884,-1.1764705882353,0.0,3.40909090909091,0.0,-6.02409638554217,3.48837209302326,-1.1764705882353,-7.59493670886075,1.25,1.23456790123457,-2.53164556962026,-1.28205128205128,-1.2987012987013,-2.66666666666667,0.0,0.0,-10.2941176470588,1.44927536231883,6.75675675675676,-1.36986301369863,1.35135135135135,3.8961038961039,1.28205128205128,-4.0,3.84615384615385,-4.0,0.0,6.25000000000001,3.61445783132529,5.68181818181819,6.38297872340425,4.08163265306123,-4.25531914893617,-11.9047619047619,11.5789473684211,-10.4651162790698
0,0,0,0.0,-4.44444444444444,-1.12359550561798,-9.87654320987654,3.57142857142856,1.1764705882353,-2.40963855421687,2.35294117647059,1.16279069767442,2.27272727272727,6.38297872340425,-2.17391304347825,0.0,-2.22222222222222,2.17391304347826,-2.22222222222222,-2.27272727272727,1.12359550561798,3.26086956521739,-3.37078651685394,-1.13636363636364,4.34782608695653,2.12765957446808,0.0,-2.17391304347825,2.12765957446808,2.08333333333334,-4.34782608695651,0.0,-2.22222222222222,2.17391304347826,-3.37078651685394,0.0,5.31914893617021,0.0,0.0,0.0,-2.17391304347825,2.12765957446808,4.08163265306123,-3.15789473684211,-1.06382978723404,-1.07526881720429,-3.33333333333334,2.17391304347826,-2.22222222222222,2.17391304347826,-2.22222222222222,2.17391304347826,-1.0989010989011,-1.11111111111111,1.0989010989011,-1.11111111111111,-5.88235294117648,-2.40963855421687,5.68181818181819,-4.76190476190477,0.0,-1.20481927710843,2.35294117647059,1.16279069767442,-8.86075949367088
0,0,0.0,-8.41121495327101,0.0,-4.90196078431373,0.0,-0.990099009900991,0.980392156862746,0.970873786407768,-6.18556701030928,0.0,-3.19148936170213,-1.07526881720429,-3.33333333333334,-8.43373493975904,5.68181818181819,-2.32558139534884,2.27272727272727,3.2967032967033,-2.24719101123596,5.31914893617021,0.0,-3.29670329670329,0.0,1.08695652173913,0.0,-1.0989010989011,-1.11111111111111,2.17391304347826,-4.54545454545455,0.0,-2.32558139534884,4.44444444444445,-1.12359550561798,3.26086956521739,0.0,-3.37078651685394,0.0,-1.13636363636364,0.0,-2.32558139534884,-1.1764705882353,-2.40963855421687,2.35294117647059,0.0,3.40909090909091,-2.32558139534884,-1.1764705882353,0.0,-2.40963855421687,1.19047619047619,1.1764705882353,0.0,0.0,-4.93827160493826,2.40963855421686,-1.21951219512195,-1.23456790123456,0.0,-5.1948051948052,0.0,2.53164556962026,0.0,-36.2068965517242
0,0,-2.85714285714286,4.10958904109589,9.87654320987655,-5.1948051948052,3.75,1.23456790123457,0.0,-8.00000000000001,0.0,-1.35135135135135,1.33333333333333,2.5974025974026,-6.94444444444445,5.26315789473685,0.0,-4.10958904109589,0.0,1.35135135135135,-1.36986301369863,0.0,0.0,-2.81690140845071,-14.5161290322581,12.6760563380282,-1.42857142857143,-14.7540983606557,4.6875,5.88235294117648,-1.49253731343284,-8.06451612903227,4.61538461538462,-6.55737704918033,1.61290322580645,-5.08474576271187,-3.50877192982456,1.72413793103448,0.0,1.69491525423729,-1.72413793103448,1.69491525423729,0.0,-3.50877192982456,0.0,3.38983050847458,-1.72413793103448,0.0,6.45161290322581,0.0,-5.08474576271187,0.0,0.0,4.83870967741936,-5.08474576271187,0.0,-1.72413793103448,0.0,0.0,1.69491525423729,-1.72413793103448,0.0,-1.75438596491228,1.72413793103448,-3.57142857142855
0,0,0,-1.72413793103448,1.69491525423729,1.66666666666667,0.0,-5.26315789473685,1.72413793103448,0.0,1.69491525423729,-1.72413793103448,-1.75438596491228,1.72413793103448,-1.75438596491228,0.0,1.72413793103448,0.0,0.0,-1.75438596491228,1.72413793103448,0.0,-1.75438596491228,1.72413793103448,1.69491525423729,-7.27272727272726,1.78571428571429,1.75438596491226,1.72413793103448,0.0,0.0,0.0,-1.75438596491228,1.72413793103448,0.0,0.0,-3.57142857142855,0.0,1.75438596491226,0.0,0.0,0.0,-3.63636363636362,0.0,1.78571428571429,6.66666666666665,10.4477611940299,4.28571428571427,-2.94117647058822,-1.49253731343284,9.45945945945945,-5.71428571428572,0.0,1.40845070422535,-1.42857142857143,0.0,1.40845070422535,-1.42857142857143,-4.47761194029849,0.0,0.0,-8.06451612903227,-8.77192982456141,-1.78571428571427,-3.70370370370371
0,0,0,0,10.7692307692308,2.98507462686567,-1.51515151515152,-1.53846153846154,-8.33333333333334,-5.26315789473685,-7.54716981132074,1.85185185185185,-1.88679245283019,1.85185185185185,8.47457627118643,-5.35714285714284,5.08474576271185,-1.72413793103448,1.69491525423729,0.0,-3.50877192982456,-5.55555555555554,1.81818181818182,0.0,0.0,-1.85185185185185,0.0,0.0,0.0,-1.88679245283019,1.85185185185185,-5.88235294117648,-4.08163265306123,2.0,1.96078431372549,-2.0,3.84615384615385,-1.96078431372549,3.77358490566038,7.01754385964911,1.72413793103448,0.0,-1.75438596491228,-5.55555555555554,1.81818181818182,3.50877192982455,0.0,-1.78571428571427,-1.81818181818182,1.78571428571429,5.08474576271185,-3.50877192982456,1.72413793103448,-3.57142857142855,1.75438596491226,0.0,1.72413793103448,0.0,1.69491525423729,-7.27272727272726,1.78571428571429,0.0,-3.70370370370371,0.0,6.89655172413792
0,0,1.69491525423729,-1.72413793103448,1.69491525423729,-1.72413793103448,-1.75438596491228,0.0,5.0,4.76190476190477,4.54545454545455,2.94117647058824,0.0,-4.61538461538462,0.0,-1.5625,0.0,1.53846153846154,1.51515151515152,1.49253731343284,1.47058823529412,-1.49253731343284,0.0,1.47058823529412,1.44927536231883,2.81690140845071,-1.42857142857143,4.10958904109589,-5.79710144927537,-11.2903225806452,0.0,-3.33333333333334,3.22580645161291,4.61538461538462,1.51515151515152,-3.125,1.53846153846154,-1.5625,-3.22580645161291,0.0,-6.89655172413794,1.69491525423729,4.83870967741936,0.0,-5.08474576271187,0.0,0.0,3.27868852459017,0.0,-1.66666666666667,3.22580645161291,6.06060606060607,0.0,-4.76190476190477,-3.27868852459017,-1.66666666666667,3.22580645161291,-1.63934426229508,-3.38983050847458,4.83870967741936,-3.33333333333334,-3.44827586206897,0.0,0.0,-23.4042553191489
0,0,0,1.75438596491226,0.0,3.38983050847458,-3.50877192982456,-1.78571428571427,0.0,3.44827586206895,0.0,0.0,-3.57142857142855,-3.70370370370371,5.26315789473683,-1.78571428571427,0.0,-3.70370370370371,-1.88679245283019,5.35714285714286,0.0,0.0,-1.81818181818182,1.78571428571429,0.0,-1.81818181818182,-1.85185185185185,0.0,1.81818181818182,-1.85185185185185,1.81818181818182,0.0,8.33333333333332,-3.44827586206897,6.45161290322581,4.61538461538462,-8.33333333333334,-5.26315789473685,-1.78571428571427,3.44827586206895,3.33333333333334,0.0,-1.69491525423729,-1.72413793103448,0.0,1.69491525423729,0.0,-1.72413793103448,-5.45454545454544,-7.84313725490197,-2.0,1.96078431372549,-2.0,1.96078431372549,0.0,0.0,-2.0,-4.16666666666667,5.88235294117648,-2.0,0.0,-4.16666666666667,-2.12765957446809,0.0,0.0
0,0,0,7.14285714285714,0.0,2.32558139534884,4.44444444444445,0.0,-9.75609756097562,4.65116279069768,-2.38095238095238,6.66666666666667,6.24999999999999,4.0,0.0,0.0,-2.04081632653061,0.0,-6.52173913043478,2.12765957446808,2.08333333333334,-4.34782608695651,-2.22222222222222,0.0,2.17391304347826,-2.22222222222222,-4.65116279069768,4.44444444444445,4.25531914893616,0.0,-2.17391304347825,-2.22222222222222,2.17391304347826,0.0,2.12765957446808,0.0,-2.17391304347825,-4.54545454545455,4.34782608695653,0.0,-2.22222222222222,-2.27272727272727,-2.32558139534884,2.27272727272727,-2.32558139534884,0.0,0.0,2.27272727272727,6.38297872340425,0.0,-4.44444444444444,0.0,0.0,-2.27272727272727,4.34782608695653,-6.97674418604652,2.27272727272727,0.0,0.0,2.22222222222222,0.0,4.25531914893616,0.0,0.0,29.8507462686567
0,0,0,2.08333333333334,0.0,-4.34782608695651,0.0,-4.54545454545455,-4.76190476190477,4.54545454545455,-4.76190476190477,2.32558139534884,2.27272727272727,0.0,0.0,2.22222222222222,0.0,-2.27272727272727,2.22222222222222,-2.27272727272727,-2.32558139534884,0.0,6.52173913043479,-2.22222222222222,13.4615384615385,5.45454545454546,5.17241379310343,4.91803278688525,-3.38983050847458,-1.72413793103448,0.0,0.0,4.91803278688525,-1.66666666666667,1.63934426229508,3.17460317460318,-8.62068965517242,1.69491525423729,7.81250000000001,5.88235294117648,2.85714285714284,6.66666666666667,2.5974025974026,13.4831460674157,-12.6582278481013,-8.21917808219179,-4.28571428571429,-6.06060606060605,2.94117647058824,5.55555555555555,0.0,1.36986301369863,-5.79710144927537,-1.4705882352941,-1.49253731343284,-4.6875,0.0,4.47761194029851,4.28571428571427,-1.44927536231884,-1.4705882352941,-3.03030303030303,-1.53846153846154,2.98507462686567,16.25
0,0,0,0.0,2.98507462686567,2.89855072463767,0.0,-6.15384615384614,1.51515151515152,-1.53846153846154,1.51515151515152,0.0,-10.0,6.25000000000001,3.03030303030303,1.49253731343284,1.47058823529412,0.0,2.85714285714284,-4.47761194029849,-3.07692307692308,0.0,2.98507462686567,-3.07692307692308,5.79710144927535,1.42857142857143,0.0,0.0,0.0,2.77777777777778,0.0,0.0,-1.40845070422535,0.0,1.38888888888889,6.4935064935065,0.0,6.09756097560975,-2.49999999999999,5.88235294117646,-2.40963855421687,-2.46913580246912,2.40963855421686,3.48837209302326,3.37078651685394,-3.48837209302326,-1.1764705882353,-1.19047619047619,-3.70370370370369,2.40963855421686,-5.0632911392405,1.25,5.88235294117646,-2.40963855421687,0.0,0.0,-1.21951219512195,-1.23456790123456,0.0,0.0,1.21951219512194,-3.79746835443037,0.0,1.25,27.9279279279279
0,0,0,0.0,1.25,0.0,-9.58904109589042,6.41025641025642,1.26582278481013,-2.5974025974026,-2.66666666666667,-2.73972602739726,1.35135135135135,1.33333333333333,-1.35135135135135,-1.36986301369863,0.0,-1.38888888888889,4.0,-2.73972602739726,0.0,1.35135135135135,0.0,7.50000000000001,1.23456790123457,2.40963855421686,0.0,1.19047619047619,1.1764705882353,1.16279069767442,-2.38095238095238,-1.20481927710843,1.19047619047619,-3.70370370370369,1.21951219512194,0.0,0.0,-1.23456790123456,-1.25,-2.56410256410257,-2.63157894736842,1.2987012987013,-2.66666666666667,7.40740740740741,3.57142857142856,1.1764705882353,4.49438202247191,3.26086956521739,3.1578947368421,-1.06382978723404,-5.61797752808988,-1.13636363636364,0.0,4.34782608695653,-4.54545454545455,-2.32558139534884,2.27272727272727,0.0,5.37634408602151,5.10204081632652,4.85436893203884,-5.10204081632654,3.92156862745098,8.10810810810811,18.978102189781
0,0,0,-3.80952380952381,1.86915887850467,1.8348623853211,0.0,-4.80769230769231,-4.0,0.0,2.9126213592233,-3.0,5.66037735849057,-0.952380952380953,0.0,8.69565217391303,-0.877192982456141,-2.70270270270268,-4.71698113207548,2.75229357798165,-0.925925925925927,2.7027027027027,13.28125,3.7593984962406,4.31654676258992,-1.45985401459853,-4.58015267175573,2.23880597014926,2.18978102189781,6.16438356164383,5.80645161290323,-3.33333333333334,-2.73972602739726,0.0,-0.689655172413794,-3.57142857142857,2.0979020979021,0.0,-2.14285714285715,1.40845070422535,5.33333333333334,-5.63380281690141,-1.42857142857143,-4.47761194029849,-5.51181102362205,5.92592592592593,2.87769784172661,0.714285714285715,-6.87022900763358,2.23880597014926,0.0,0.0,-3.87596899224807,0.76923076923077,-1.5625,3.03030303030303,2.22222222222222,0.0,1.45985401459854,-1.48148148148148,0.0,-0.746268656716419,2.18978102189781,0.0,-42.7083333333333
0,0,0,-2.29007633587786,3.6764705882353,-8.80000000000001,-1.6260162601626,-0.819672131147542,-2.52100840336135,2.45901639344263,2.4,1.5748031496063,-5.83333333333334,0.0,1.63934426229508,-0.826446280991736,-5.21739130434783,4.16666666666667,0.826446280991736,-0.833333333333334,0.826446280991736,3.2,4.58015267175573,-1.55038759689923,-3.2,-5.93220338983051,0.0,0.0,-3.50877192982456,5.78512396694215,2.41935483870968,6.06060606060607,0.751879699248121,2.20588235294118,3.54609929078013,3.42465753424658,-2.81690140845071,2.06896551724138,0.684931506849316,1.35135135135135,-1.36986301369863,-5.03597122302159,-3.73134328358208,-2.29007633587786,-1.55038759689923,1.52671755725191,1.50375939849624,-7.25806451612904,-1.63934426229508,-2.52100840336135,1.65289256198347,3.2,0.0,0.0,-2.45901639344263,-7.01754385964913,3.38983050847458,-9.25925925925925,1.81818181818182,-1.85185185185185,-6.93069306930694,-8.6021505376344,3.12499999999999,0.0,-7.86516853932584
0,0,-2.22222222222222,-5.88235294117648,-10.3896103896104,8.33333333333333,-1.20481927710843,-3.74999999999999,-11.1111111111111,-24.1379310344828,0.0,3.33333333333334,6.25000000000001,7.24637681159419,-7.81249999999999,-8.47457627118645,-5.35714285714284,13.8461538461538,5.79710144927535,-1.4705882352941,-3.03030303030303,2.94117647058824,-1.49253731343284,6.94444444444443,6.4935064935065,0.0,-10.0,6.66666666666667,3.84615384615385,2.5,1.23456790123457,0.0,-8.00000000000001,1.31578947368421,0.0,0.0,0.0,-1.33333333333333,-11.9402985074627,1.47058823529412,5.55555555555555,-5.88235294117646,0.0,1.44927536231883,2.81690140845071,4.05405405405406,0.0,0.0,0.0,-4.22535211267606,-1.42857142857143,2.77777777777778,5.26315789473685,2.56410256410257,1.26582278481013,2.46913580246914,1.21951219512194,6.81818181818182,1.12359550561798,6.31578947368421,1.04166666666667,1.03092783505155,-3.19148936170213,-5.61797752808988,4.30107526881721
0,0,-3.6144578313253,2.35294117647059,6.5934065934066,3.19148936170212,3.09278350515464,-1.04166666666667,-3.22580645161289,2.10526315789473,-6.74157303370786,-1.13636363636364,-7.31707317073171,-6.49350649350648,-1.31578947368421,-4.10958904109589,-5.79710144927537,2.81690140845071,6.57894736842106,-1.33333333333333,-4.16666666666667,0.0,0.0,6.4935064935065,2.53164556962026,-2.5974025974026,0.0,-2.66666666666667,-2.73972602739726,6.41025641025642,-6.84931506849316,3.94736842105263,0.0,-1.33333333333333,5.06329113924051,-2.5974025974026,1.28205128205128,0.0,1.26582278481013,2.46913580246914,2.40963855421686,-2.46913580246912,-1.25,4.76190476190475,0.0,-1.20481927710843,6.74157303370787,10.1010101010101,-4.21052631578948,-5.55555555555555,0.0,-5.88235294117648,3.40909090909091,0.0,9.27835051546391,-2.10526315789474,0.0,2.06185567010309,-4.3010752688172,2.10526315789473,-2.15053763440859,0.0,-1.08695652173913,1.0752688172043,-57.6271186440678
0,0,0,0,0,6.79611650485437,-1.98019801980198,-4.12371134020619,3.96039603960396,-1.0,-2.04081632653061,-2.08333333333334,-4.34782608695651,0.0,-3.37078651685394,3.26086956521739,1.0752688172043,-2.1978021978022,-1.11111111111111,0.0,-4.65116279069768,0.0,-6.17283950617283,10.989010989011,2.1505376344086,-3.33333333333334,0.0,-4.65116279069768,0.0,3.37078651685394,5.31914893617021,-1.07526881720429,0.0,-4.49438202247191,-8.53658536585367,-2.49999999999999,0.0,0.0,0.0,1.23456790123457,-1.25,-1.26582278481013,2.46913580246914,-2.53164556962026,1.25,-5.26315789473685,-2.70270270270271,-5.71428571428572,1.40845070422535,1.38888888888889,-1.40845070422535,1.38888888888889,-1.40845070422535,-2.89855072463768,0.0,-1.4705882352941,-4.61538461538462,-4.83870967741936,13.8888888888889,-2.85714285714286,-1.44927536231884,-2.98507462686566,-3.07692307692308,-10.1694915254237,3.27868852459017
0,0,0.0,5.08474576271185,4.83870967741936,1.58730158730159,-8.62068965517242,-1.75438596491228,10.9375,-8.47457627118645,-3.50877192982456,-1.78571428571427,1.75438596491226,-3.63636363636362,-1.85185185185185,-10.2040816326531,-4.25531914893617,-2.17391304347825,0.0,2.12765957446808,-4.44444444444444,0.0,6.24999999999999,2.04081632653061,5.76923076923077,0.0,1.88679245283019,-6.00000000000001,0.0,0.0,-4.16666666666667,12.7272727272727,0.0,-1.85185185185185,3.57142857142857,0.0,-1.81818181818182,9.83606557377048,-3.38983050847458,0.0,1.66666666666667,1.63934426229508,-5.17241379310345,0.0,0.0,-1.75438596491228,1.72413793103448,-1.75438596491228,-1.78571428571427,0.0,3.44827586206895,4.91803278688525,0.0,4.6875,-3.22580645161291,1.58730158730159,-1.61290322580645,3.125,-8.47457627118645,3.27868852459017,1.61290322580645,0.0,-3.33333333333334,1.63934426229508,34.4086021505376
0,0,4.6875,-3.22580645161291,6.06060606060607,1.49253731343284,0.0,-1.51515151515152,2.94117647058824,-1.49253731343284,-3.07692307692308,0.0,-1.5625,-4.91803278688525,-7.01754385964913,6.55737704918033,-1.66666666666667,0.0,3.22580645161291,-5.08474576271187,4.83870967741936,0.0,0.0,6.06060606060607,5.7142857142857,2.77777777777778,0.0,2.70270270270271,10.8433734939759,-1.21951219512195,0.0,-3.79746835443037,-1.28205128205128,1.26582278481013,4.81927710843373,-2.46913580246912,2.40963855421686,0.0,1.19047619047619,-4.99999999999999,3.61445783132529,1.19047619047619,-2.4390243902439,2.38095238095238,10.6382978723404,2.08333333333334,-3.22580645161289,-5.68181818181819,2.22222222222222,0.0,0.0,0.0,-2.27272727272727,-6.02409638554217,1.19047619047619,0.0,0.0,5.61797752808989,-1.13636363636364,-2.32558139534884,2.27272727272727,8.33333333333333,0.0,-3.22580645161289,-32.8571428571429
0,0,2.06185567010309,1.02040816326531,2.0,0.990099009900991,1.94174757281554,4.62962962962963,-1.88679245283019,0.0,-3.92156862745098,1.92307692307692,-5.05050505050506,-1.02040816326531,-1.03092783505155,0.0,-2.10526315789474,-4.39560439560439,-15.1898734177215,3.65853658536584,3.52941176470589,-3.65853658536586,-1.23456790123456,4.70588235294117,4.49438202247191,-1.13636363636364,0.0,-3.52941176470589,-2.40963855421687,0.0,-5.0632911392405,-6.75675675675676,2.63157894736842,9.52380952380952,-1.20481927710843,-2.46913580246912,1.21951219512194,0.0,-7.89473684210526,2.56410256410257,-6.84931506849316,3.94736842105263,-1.33333333333333,0.0,-1.35135135135135,2.63157894736842,0.0,0.0,0.0,-5.55555555555556,-4.34782608695653,1.42857142857143,-7.69230769230768,4.41176470588236,1.44927536231883,6.75675675675676,-4.22535211267606,4.05405405405406,1.33333333333333,-1.35135135135135,-5.71428571428572,-1.44927536231884,2.81690140845071,-1.42857142857143,23.0769230769231
0,0,0,0,0,1.31578947368421,5.0,-5.26315789473685,-4.10958904109589,1.35135135135135,-2.77777777777778,1.36986301369863,-4.28571428571429,2.77777777777778,4.0,-2.73972602739726,-1.38888888888889,-2.85714285714286,-4.47761194029849,0.0,4.28571428571427,5.40540540540541,-4.22535211267606,-1.42857142857143,0.0,-2.94117647058822,1.44927536231883,-2.98507462686566,0.0,1.47058823529412,-4.61538461538462,1.51515151515152,-3.125,0.0,-8.47457627118645,7.81250000000001,11.1111111111111,6.4935064935065,-6.94444444444445,1.36986301369863,2.66666666666667,-1.35135135135135,-5.71428571428572,6.66666666666667,2.5974025974026,-1.31578947368421,0.0,-1.33333333333333,-1.35135135135135,0.0,2.63157894736842,-5.55555555555556,4.0,0.0,-1.35135135135135,3.8961038961039,8.33333333333333,1.1764705882353,1.16279069767442,8.51063829787234,0.0,-2.17391304347825,0.0,-1.0989010989011,-2.24719101123596
0,0,0,-1.19047619047619,0.0,6.66666666666667,0.0,-1.12359550561798,-2.29885057471265,0.0,-1.16279069767442,0.0,2.27272727272727,-3.52941176470589,4.49438202247191,-5.95238095238096,-2.4390243902439,-1.23456790123456,-8.00000000000001,2.5974025974026,3.75,4.76190476190475,-2.4390243902439,10.8695652173913,-4.54545454545455,-4.76190476190477,0.0,8.69565217391305,-2.22222222222222,0.0,0.0,-2.27272727272727,-2.32558139534884,-2.38095238095238,-1.20481927710843,-1.21951219512195,1.20481927710843,-2.46913580246912,3.57142857142856,-6.32911392405062,-1.28205128205128,6.02409638554216,0.0,-1.21951219512195,0.0,-1.23456790123456,2.40963855421686,-1.21951219512195,-2.49999999999999,4.76190476190475,-3.70370370370369,0.0,-1.25,-1.26582278481013,0.0,3.65853658536584,3.52941176470589,3.40909090909091,1.12359550561798,3.26086956521739,-4.54545454545455,0.0,-4.76190476190477,5.61797752808989,-8.53658536585367
0,0,-4.70588235294118,4.49438202247191,1.11111111111111,12.621359223301,5.50458715596331,-2.83018867924529,3.63636363636364,6.77966101694914,-13.4615384615385,-5.05050505050506,-6.4516129032258,2.10526315789473,-7.95454545454545,-1.14942528735632,0.0,-2.35294117647059,-1.19047619047619,-7.69230769230768,4.8780487804878,-2.49999999999999,0.0,-3.8961038961039,-5.47945205479453,5.1948051948052,9.41176470588235,-4.93827160493826,-2.53164556962026,2.46913580246914,-1.25,-3.8961038961039,-2.66666666666667,0.0,3.84615384615385,0.0,3.70370370370371,1.21951219512194,1.20481927710843,-3.74999999999999,-11.1111111111111,-4.34782608695653,-40.8163265306122,-11.3636363636364,18.5185185185185,12.9032258064516,7.46268656716419,2.89855072463767,-7.81249999999999,-10.3448275862069,9.37500000000001,1.53846153846154,7.14285714285713,9.0909090909091,-5.47945205479453,0.0,-2.81690140845071,0.0,-2.89855072463768,6.75675675675676,0.0,3.8961038961039,7.2289156626506,-1.21951219512195,35.9375
0,0,-3.79746835443037,0.0,-11.2676056338028,-5.97014925373133,4.28571428571427,10.2564102564103,-2.63157894736842,-4.10958904109589,3.94736842105263,-5.55555555555556,-1.40845070422535,4.05405405405406,-2.77777777777778,-4.34782608695653,1.42857142857143,-2.94117647058822,0.0,-3.03030303030303,1.49253731343284,0.0,6.94444444444443,-4.34782608695653,-1.4705882352941,-3.03030303030303,-3.125,1.53846153846154,8.4507042253521,8.97435897435898,-8.33333333333334,5.26315789473685,-2.70270270270271,0.0,-2.77777777777778,0.0,4.0,-2.73972602739726,0.0,-1.38888888888889,-4.34782608695653,0.0,-1.4705882352941,13.9240506329114,-1.28205128205128,16.1290322580645,3.12499999999999,-12.9411764705882,4.49438202247191,8.24742268041237,3.0,-6.38297872340426,12.962962962963,0.917431192660551,4.38596491228069,8.06451612903227,3.87596899224807,1.52671755725191,5.07246376811593,0.719424460431655,-13.0081300813008,3.1496062992126,-3.25203252032521,3.90625,3.7593984962406
0,0,0,0,0,2.23880597014926,4.28571428571427,5.40540540540541,-8.8235294117647,0.0,6.20689655172413,-2.11267605633803,3.40136054421769,0.675675675675676,-4.9645390070922,0.704225352112677,-3.64963503649634,0.0,-6.2015503875969,-1.5748031496063,-0.793650793650794,0.0,-0.800000000000001,0.0,0.0,-2.45901639344263,0.813008130081302,-8.8495575221239,-10.7843137254902,1.92307692307692,8.77192982456139,-0.88495575221239,0.0,1.73913043478261,3.36134453781513,-3.47826086956522,4.95867768595042,-4.31034482758621,-1.75438596491228,-2.70270270270268,-2.77777777777778,-0.934579439252337,-11.4583333333333,7.6923076923077,-1.96078431372549,4.67289719626169,7.75862068965516,-6.42201834862384,0.0,0.0,-0.925925925925927,1.81818181818182,0.900900900900902,-5.71428571428572,3.6697247706422,2.67857142857143,3.44827586206895,-1.75438596491228,-8.57142857142856,4.54545454545455,6.77966101694914,-1.72413793103448,4.91803278688525,8.27067669172933,8.90410958904109
0,0,0,-1.43884892086331,0.0,-2.20588235294116,-1.49253731343284,2.18978102189781,5.51724137931033,3.33333333333334,-1.35135135135135,3.26797385620915,-2.0,0.0,3.84615384615385,-1.2987012987013,4.34782608695653,0.617283950617284,-0.621118012422361,-1.89873417721519,0.0,0.0,0.0,-9.72222222222223,0.0,-5.88235294117646,2.15827338129495,-2.20588235294116,8.1081081081081,1.33333333333333,2.5974025974026,4.93827160493828,-2.53164556962026,-6.75675675675676,-1.36986301369863,1.35135135135135,-2.77777777777778,-6.66666666666666,-3.05343511450382,0.757575757575758,-1.53846153846154,5.10948905109489,-5.38461538461539,2.25563909774436,2.20588235294118,0.729927007299271,2.8368794326241,0.704225352112677,2.06896551724138,-0.694444444444445,-0.6993006993007,0.0,-5.1470588235294,-1.49253731343284,0.740740740740741,-1.50375939849624,0.0,-2.30769230769231,1.51515151515152,1.49253731343284,-1.51515151515152,4.34782608695651,5.47945205479453,0.0,35.3982300884956
0,0,0.680272108843538,-0.684931506849316,0.680272108843538,-5.75539568345324,2.11267605633803,0.0,0.0,-3.64963503649634,-0.735294117647059,0.0,-0.740740740740741,-3.84615384615385,2.25563909774436,0.0,-5.55555555555556,5.26315789473685,1.48148148148148,-1.50375939849624,-1.52671755725191,1.50375939849624,-3.90625,-2.4,0.0,2.34375,2.29007633587786,1.50375939849624,-9.01639344262296,6.15384615384616,-0.775193798449613,2.27272727272727,0.751879699248121,0.746268656716419,0.740740740740741,-1.50375939849624,2.91970802919708,1.43884892086329,1.41843971631206,8.44155844155845,-5.47945205479453,2.01342281879195,-4.92957746478874,2.06896551724138,3.97350993377484,5.03144654088051,15.8730158730159,5.50000000000001,-8.69565217391304,14.018691588785,2.28310502283104,6.00858369098713,-0.865800865800866,-11.5942028985507,3.27102803738319,4.46428571428572,0.0,2.6086956521739,-8.49056603773584,-2.41545893719808,8.00000000000001,1.7467248908297,0.0,-1.3274336283186,61.2349914236707
0,0,3.73443983402491,-5.70175438596493,-4.10958904109588,2.23214285714287,-3.22580645161292,2.25225225225226,-2.3041474654378,6.86695278969958,3.7190082644628,-9.50226244343891,1.33928571428573,-1.35746606334843,-2.31481481481481,3.99999999999999,6.6390041493776,-3.8793103448276,5.69105691056911,-3.79746835443037,6.32411067193675,8.66425992779784,-6.13026819923372,10.6164383561644,3.3112582781457,-1.34228187919463,3.55987055016181,3.13479623824452,8.59598853868196,0.28571428571428,-5.1051051051051,2.63157894736842,0.29154518950438,13.3838383838384,2.46305418719211,9.77777777777779,13.9579349904398,-0.576923076923082,-4.41767068273092,-4.62184873949581,1.03950103950104,3.41365461847391,6.21468926553671,-1.52963671128106,0.570342205323182,-0.573613766730389,-5.44354838709678,-4.64135021097046,-4.86725663716816,1.09409190371993,0.218340611353707,4.18410041841005,2.84552845528455,4.65116279069768,1.90114068441064,-0.766283524904215,-0.578034682080912,1.89035916824196,7.19298245614035,-0.706713780918728,2.91595197255575,1.85185185185186,-2.59067357512954,0.686106346483706,29.7590361445783
0,0,0,0,0.954198473282439,-2.34375,-0.78740157480315,0.196463654223964,-4.73251028806583,-2.74841437632135,4.82897384305834,6.22641509433962,0.188323917137472,-1.14285714285714,6.24999999999999,-3.51201478743068,4.92091388400703,-1.60714285714287,16.5424739195231,-6.67726550079491,-3.11475409836066,-4.99139414802065,2.68006700167504,4.48,3.10077519379845,15.0197628458498,4.76787954830615,4.09145607701565,7.25446428571429,-4.42890442890444,12.9817444219067,-2.07039337474119,-1.89873417721519,15.129811996419,6.29194630872483,-4.37828371278459,-1.51111111111111,3.51629502572899,1.60337552742616,10.5660377358491,3.91588107324147,0.144822592324412,2.54057868736767,5.53333333333333,2.21642764015645,-3.64864864864864,-4.15200562983814,3.13565098841172,-4.48717948717949,-3.38733431516936,-23.6794171220401,-5.98455598455599,-3.18725099601594,5.81613508442778,-15.6182212581345,6.10997963340122,10.0732600732601,-4.79846449136276,-1.55945419103314,3.11614730878187,-21.8642117376295,-9.58385876418663,-9.07840440165062,12.4096385542169,43.6141304347826
0,0,0,0,0,9.35754189944134,13.4220072551391,3.61305361305362,-3.7484885126965,1.89798339264532,-1.44404332129963,5.99547511312216,-17.7097203728362,-7.74748923959828,17.1224732461356,10.3411513859275,-4.22222222222223,-12.5,14.7121535181237,9.284332688588,11.7747440273038,0.42480883602378,0.591216216216219,0.420521446593782,0.916666666666662,0.0,5.43735224586288,-2.50403877221324,-2.65339966832504,-4.32525951557093,-0.521739130434787,2.78951817413356,-2.07075064710958,-0.259515570934251,-2.57320319432122,-8.46968238691048,-6.89300411522634,-0.8298755186722,-4.78260869565219,-3.48706411698536,6.42105263157894,-2.48112189859763,5.69684638860631,-6.96409140369968,0.969827586206895,17.2905525846702,-1.44665461121157,6.11205432937181,-8.97317298797409,14.0699523052464,0.866824271079586,3.05576776165012,1.57894736842106,6.07344632768361,4.83870967741936,0.268096514745303,10.0663050030139,-11.7924528301887,5.41746335245379,-8.20689655172413,-7.24852071005918,4.9226441631505,-6.27802690582959,9.10326086956522,1.0752688172043
0,0,0,0,0,-3.76470588235294,5.55555555555556,1.81818181818182,-3.07346326836582,1.62241887905605,-6.52003142183818,0.391236306729256,-4.32653061224489,-3.98981324278439,0.422654268808121,3.66449511400651,-1.57154673283705,-4.67532467532467,-3.21715817694371,4.27715996578272,8.16967792615869,-2.99352750809062,4.77657935285055,2.18538055764883,1.70370370370371,0.0,0.442477876106198,4.84210526315789,1.72413793103448,-6.93215339233038,1.95227765726681,9.31147540983607,-0.926538716082069,-3.42231348391513,2.07774798927614,0.400534045393862,-3.73961218836566,-1.76180408738548,2.74160383824538,0.5453306066803,6.6793893129771,6.65083135391924,2.88350634371396,6.27027027027027,1.01658640984484,-5.1772650534609,-10.3041589075109,4.33491686460808,-5.25,1.53846153846154,-4.03329065300897,6.01684717208184,3.31588132635253,1.77142857142856,-3.67298578199053,-3.3047735618115,-2.7027027027027,-0.823827629911285,8.36236933797909,-8.57503152585119,-6.51443922095365,-8.29090909090909,3.16901408450704,4.56989247311829,-83.2512315270936
0,0,0,0.651701665459811,-4.22641509433963,-10.4166666666667,-1.69491525423728,4.68497576736672,3.88198757763975,1.15118956254796,7.25978647686834,2.70083102493074,10.8641975308642,5.5944055944056,2.22222222222223,3.94088669950738,-7.85123966942148,-4.24615384615385,-0.184956843403213,-0.123456790123454,-4.11311053984575,2.26130653266331,1.05655686761964,2.66182698124623,4.062681369704,4.75400773908236,-4.7481181239143,0.861079219288187,-3.87596899224808,-2.38095238095238,-5.13478818998716,-23.2594936708861,2.91858678955452,9.20502092050209,-5.13196480938416,-4.68150422102841,-3.49483717235901,7.56240822320117,4.0169133192389,5.96421471172962,6.62128712871287,-8.16599732262383,-3.46260387811634,-1.19131044148563,7.93548387096775,-0.193923723335484,10.9896432681243,-9.44584382871535,-5.30503978779841,5.86766541822721,-3.15518351577592,-15.7228017883756,-1.28301886792453,-19.1546762589928,0.625558534405722,0.797872340425531,-7.22433460076045,-14.8471615720524,-6.38792102206737,4.54545454545455,-12.6092384519351,-5.11811023622047,4.15094339622642,2.09359605911329,-29.92
0,0,0,0,-18.4834123222749,-2.59319286871961,-3.69747899159663,-15.3100775193798,17.1749598715891,1.57977883096366,5.94353640416048,-2.12443095599394,-5.94855305466238,7.16417910447762,-2.13414634146342,3.95314787701318,13.3248730964467,2.47524752475248,-15.4285714285714,3.18118948824344,2.42914979757085,1.4627659574468,-8.35734870317002,0.0,-3.73692077727952,-3.24074074074074,6.22286541244573,-3.13432835820895,-0.903614457831333,-0.453857791225406,3.64431486880466,-2.54110612855007,3.18379160636758,-2.06794682422453,-2.42057488653554,1.63690476190475,-2.90964777947932,-8.83333333333334,4.0,6.29685157421289,-3.41085271317829,1.22511485451761,-3.48652931854201,4.96987951807229,-4.40251572327043,2.60336906584992,2.3916292974589,-8.07754442649435,-1.30932896890344,-12.9390018484288,1.09689213893966,-0.366972477064212,-1.11317254174398,-15.4175588865096,9.14396887159533,-2.39043824701195,-2.86885245901639,-3.17124735729386,9.03846153846153,15.9935379644588,-4.03361344537815,4.8,1.72955974842768,-1.76,13.3148404993065
0,0,0,-8.29493087557604,4.82456140350877,2.14592274678113,2.10084033613445,0.418410041841014,-4.82456140350879,6.55737704918033,-2.09205020920501,-0.631578947368426,3.65111561866125,3.71093750000001,-6.44490644490646,-5.71428571428571,-13.4663341645885,5.20094562647756,-11.3157894736842,4.52261306532664,9.95475113122172,-3.03030303030303,-2.87769784172662,-3.7313432835821,4.05727923627687,8.91304347826085,6.69371196754564,1.40000000000001,-4.82180293501049,1.03734439834026,-3.65591397849462,0.214592274678107,4.31211498973306,13.0357142857143,2.60869565217392,4.00667779632722,3.07443365695792,-0.324675324675318,7.78443113772454,4.70756062767475,3.84087791495199,-3.99429386590585,1.12834978843442,7.68229166666667,6.90909090909091,4.51388888888889,-3.72148859543818,1.18623962040332,-2.67965895249694,-3.53089533417404,0.750938673341683,-1.01137800252845,0.75282308657465,-3.23834196891192,0.643500643500641,-0.909090909090901,0.645161290322578,-13.9705882352941,-1.19047619047619,-3.86398763523957,4.57227138643069,-1.49700598802396,4.97866287339972,2.49653259361997,-9.07715582450832
0,0,0,0,0,0,0,-1.85449358059914,-5.41353383458646,6.60112359550561,-2.44604316546762,-8.76369327073553,7.12209302325582,-2.99401197604791,-2.29709035222051,0.305343511450375,4.51895043731779,0.723589001447175,1.4265335235378,2.23152022315202,-7.65765765765765,-6.38977635782748,7.94117647058824,2.15827338129497,-3.42261904761905,-2.59541984732824,4.23976608187135,0.725689404934685,-0.730994152046781,1.2987012987013,-4.05405405405405,-3.57698289269052,0.771604938271616,-0.621118012422361,-3.53697749196143,0.797448165869216,-3.63636363636363,-2.54237288135592,0.505902192242822,-8.80733944954128,-1.11317254174398,13.3440514469453,5.90015128593042,5.30085959885387,-1.45348837209303,1.99430199430199,1.40449438202248,-3.03907380607815,0.575539568345324,1.55807365439093,-2.61627906976744,-0.437956204379566,0.0,1.29682997118157,-10.1587301587302,-4.4776119402985,-6.53710247349824,1.39372822299652,-7.6923076923077,0.559701492537318,9.76430976430976,-0.677966101694916,11.4114114114114,-0.756429652042357,17.1679197994987
0,0,8.08823529411764,-5.9190031152648,-7.17863105175292,2.28384991843393,0.969305331179329,5.06134969325152,4.81751824817518,1.8624641833811,9.35064935064935,4.7029702970297,-8.74831763122477,1.58940397350994,0.657894736842103,-0.929614873837973,-2.72851296043656,-0.548696844993142,9.21544209215441,3.94736842105263,-0.966183574879228,-3.37078651685393,2.67314702308628,4.85549132947977,0.0,5.36105032822757,-0.550055005500558,-0.220507166482906,-0.777777777777781,-2.97482837528604,1.35440180586907,7.03043022035677,-3.02702702702702,0.0,-3.00668151447661,5.27426160337553,-0.530222693531291,-2.3887079261672,3.76175548589341,-2.46252676659529,0.849256900212315,-7.16723549488056,1.12485939257594,-1.94954128440367,-2.95159386068477,-2.54237288135594,3.95348837209302,4.44444444444445,-13.7800252844501,0.503144654088051,-1.4030612244898,-3.84105960264901,2.58064516129033,-0.780234070221061,0.902061855670095,-1.43790849673202,2.29885057471264,-1.953125,0.646830530401044,1.52866242038216,2.24159402241594,2.5485436893204,-0.121506682867555,-3.1328320802005,-28.9176090468498
0,0,0,0,0,0,0,2.74151436031332,-1.72642762284196,-0.534045393858478,-2.74348422496571,-0.413223140495871,-0.973574408901243,-2.71428571428572,3.44827586206897,-4.31654676258993,-2.35640648011782,-5.10835913312694,2.26928895612709,4.61760461760461,-1.61290322580644,-0.441826215022095,-3.34855403348554,-1.70278637770898,4.71976401179941,1.16618075801749,-6.19195046439629,3.58208955223881,-2.60336906584992,-1.87207488299532,8.81934566145092,0.846262341325805,0.839160839160846,1.24309392265193,-4.92753623188405,-2.07100591715977,-4.80620155038759,5.14705882352941,-0.443131462333829,-3.99385560675883,-0.153846153846151,1.81268882175227,0.600600600600601,-2.14723926380369,-0.772797527047911,0.614439324116744,-2.6813880126183,8.64553314121038,-19.2439862542955,-3.55871886120997,3.10344827586206,-2.47349823321554,0.352112676056331,1.38888888888889,1.03092783505155,2.18487394957983,2.29885057471264,-2.35294117647058,4.95207667731629,2.64385692068429,-4.0453074433657,0.643086816720258,-2.13464696223317,1.61550888529888,-61.6187989556136
0,0,-0.490998363338778,-0.163934426229519,-5.17241379310345,1.86125211505923,-2.24913494809688,3.66666666666666,-0.840336134453779,0.0,-1.36286201022147,2.32945091514143,-1.34907251264756,1.33111480865225,-5.06993006993007,-5.5350553505535,0.550458715596335,-3.21969696969697,-6.66666666666667,-2.69709543568464,-2.33545647558387,4.84848484848485,-1.4344262295082,0.408163265306132,-3.15789473684211,-6.0267857142857,1.53846153846153,9.0,-6.38297872340425,-2.17391304347827,3.96659707724427,4.7713717693837,2.51937984496124,-4.03225806451613,5.52380952380952,-5.84677419354839,0.601202404809624,-6.17021276595745,8.203125,-8.24524312896405,1.04602510460251,-5.05494505494506,0.437636761487975,-1.55555555555556,-5.63380281690141,-0.235294117647054,4.06320541760722,-0.681818181818167,2.22222222222221,0.0,-8.43373493975903,-1.46699266503669,0.243902439024385,4.20560747663553,5.09977827050997,-2.26757369614512,-5.50239234449762,-3.98009950248757,0.248138957816394,-3.59897172236504,-5.99455040871935,-1.38121546961325,4.73684210526315,0.783289817232382,9.02612826603325
0,0,-0.611620795107034,3.25443786982248,-1.5015015015015,-3.73831775700935,-11.4583333333333,4.63576158940398,-0.33222591362127,5.64263322884013,9.63172804532578,8.54922279792746,-0.520833333333334,-4.63215258855586,0.810810810810817,-6.62824207492795,5.9620596205962,0.0,1.86170212765957,4.32569974554708,7.52941176470588,0.932400932400933,0.232558139534879,0.0,-7.5,6.54205607476636,-0.705882352941182,7.4074074074074,3.57142857142857,2.05761316872429,-6.57894736842107,5.39419087136931,2.42914979757085,-2.27743271221533,-2.54777070063694,1.05042016806722,2.85714285714287,6.84410646387832,-3.74753451676528,-2.8397565922921,-7.4074074074074,-4.31818181818181,5.17241379310343,-6.91244239631336,-6.89655172413794,6.01851851851853,-6.66666666666668,6.03248259860788,-0.232558139534879,2.0501138952164,2.22717149220491,-3.45622119815669,1.58730158730159,-0.455580865603655,-4.02843601895734,2.31481481481483,-2.36966824644551,1.40186915887852,-5.94059405940595,2.17917675544794,5.70776255707763,-3.7914691943128,-3.68550368550367,3.32541567695961,21.6014897579143
0,0,0.977995110024451,-2.76381909547738,-2.31362467866324,1.26903553299492,-1.80878552971576,4.67980295566501,-2.78481012658226,4.81927710843374,0.479616306954426,1.18483412322274,2.76497695852535,-0.462962962962953,2.48306997742662,3.90455531453363,7.79999999999999,-4.38413361169102,7.35009671179884,6.50994575045209,-1.28205128205129,0.907441016333935,0.541516245487369,5.78231292517007,0.507614213197974,-1.54639175257732,2.3489932885906,-4.1958041958042,-2.14285714285715,-3.70370370370369,4.25531914893616,-1.07526881720429,6.21848739495799,0.998336106489178,-1.34907251264756,-3.85288966725043,4.19463087248322,3.87096774193549,0.799999999999997,-0.160256410256407,-4.34782608695652,2.6058631921824,0.162601626016271,-2.15946843853822,-2.03389830508473,-4.98220640569395,-4.07407407407407,3.74331550802139,-6.0491493383743,-0.570342205323199,4.71014492753623,-1.28440366972476,-1.11317254174398,3.57781753130591,1.06194690265488,-0.713012477718361,-3.125,4.39367311072056,1.04347826086956,-0.700525394045535,-0.175438596491224,-4.58715596330275,-0.925925925925923,-0.5586592178771,17.6380368098159
0,0,0,0,0,-0.180180180180176,2.2887323943662,-2.34234234234234,3.97923875432527,1.86757215619693,1.66944908180301,1.31795716639209,-3.40715502555367,5.47504025764895,-1.8032786885246,-2.52100840336134,1.16279069767441,2.58899676375405,-6.00343053173241,-10.2079395085066,3.11355311355311,0.182815356489941,2.66903914590748,-0.357142857142865,-1.63339382940109,0.0,-1.84842883548983,0.0,3.9076376554174,-1.2589928057554,1.067615658363,-4.07407407407407,-2.85714285714286,1.86915887850467,2.72727272727273,-1.85185185185185,-0.185528756957341,2.17785843920145,-3.18352059925094,0.373134328358218,-0.751879699248121,0.374531835205985,2.37659963436929,2.49554367201427,0.53191489361701,1.91304347826087,3.36134453781513,0.83333333333333,-1.69491525423728,1.00671140939597,0.666666666666667,3.69181380417336,-1.79738562091504,2.85714285714285,3.52220520673814,-0.307219662058379,2.10526315789475,0.150150150150147,-0.756429652042357,-0.76219512195123,-0.768049155145927,4.12371134020619,-0.147492625368728,-3.9877300613497,14.0974967061924
0,0,0,1.54061624649859,-2.73381294964028,-3.26894502228826,-2.43531202435312,-0.921658986175123,1.06382978723405,-4.44444444444445,1.40845070422535,1.23647604327666,-1.88976377952756,0.157232704402526,1.08864696734058,1.83206106870229,2.23880597014926,5.23338048090523,-1.43472022955524,-0.868306801736608,-2.67459138187221,-1.20300751879699,-2.7820710973725,5.9593023255814,0.43415340086831,3.22128851540616,-3.77906976744186,-3.77073906485671,3.3527696793003,2.41820768136558,2.49653259361997,3.35120643431635,4.11311053984576,1.143583227446,-4.93333333333333,-1.35135135135135,-0.817438692098099,3.29380764163373,2.44215938303342,7.0489844683393,-3.71747211895909,-6.1842105263158,3.430749682338,-0.63938618925831,2.00501253132832,0.498753117206972,6.74418604651163,1.03567318757192,-5.20581113801452,1.66666666666667,3.33716915995396,-0.346420323325628,-2.36406619385342,2.30946882217089,1.92525481313703,-4.86935866983373,-7.67263427109974,2.37203495630461,-2.42966751918158,-0.903225806451617,-1.30718954248366,2.91878172588832,-1.02564102564103,-2.76679841897233,29.8521256931608
0,0,0.257069408740366,2.75,1.59901599015991,-0.123152709359625,-2.01005025125627,0.250626566416046,3.62318840579709,-0.242130750605322,-0.121212121212119,-3.90428211586901,1.3664596273292,-1.13065326633167,1.72839506172839,4.81786133960047,-2.40673886883272,4.04157043879907,6.47948164146868,-4.51467268623025,3.38058887677209,-0.218579234972673,-2.0066889632107,-2.51428571428572,-2.94117647058824,-3.78510378510379,2.03349282296651,0.23866348448689,2.78422273781901,2.92792792792795,0.11248593925759,-0.11261261261261,1.11358574610245,3.8543897216274,0.638297872340431,3.98365679264555,1.90380761523047,-2.99277605779155,-0.103305785123965,-0.833333333333334,-0.628930817610068,0.831600831600832,0.0,2.23577235772358,1.79640718562874,4.57142857142858,6.41711229946525,3.52536543422184,1.93929173693085,-4.77031802120141,-1.25223613595707,1.67106420404573,-0.797872340425531,1.91304347826087,1.87713310580205,-0.687285223367698,-1.4821272885789,-0.879507475813557,-1.24666073018699,-3.40699815837938,1.71945701357467,-4.04896421845576,5.43187889581479,-3.78927911275416,3.5650623885918
0,0,0.987432675044894,2.36634531113058,1.29757785467128,-1.85022026431719,0.525854513584579,-1.78412132024977,0.884173297966398,0.0883392226148391,-3.47349177330897,-0.366972477064212,-3.80952380952381,-5.95358224016145,5.70884871550904,-4.68127490039841,2.14424951267057,-1.98807157057653,-0.299102691924239,3.18532818532819,-2.06896551724137,0.196656833824971,2.39923224568138,-1.65853658536585,-1.28458498023716,0.978473581213321,0.292682926829262,-2.3976023976024,-5.47945205479452,-2.37324703344122,6.0790273556231,3.70731707317074,0.966183574879224,-1.66994106090373,-0.0983284169124856,3.60189573459716,0.189214758751179,0.844277673545965,6.49122807017544,-1.15350488021296,0.529567519858786,0.874890638670163,4.03022670025189,-1.62116040955631,-0.600858369098715,-1.21633362293658,-0.261324041811841,-1.50309460654288,-1.80018001800181,-1.92660550458715,3.28305235137533,1.14035087719299,-1.69491525423728,-1.6319129646419,-0.363967242948127,0.452898550724628,-1.5639374425023,-0.184331797235019,1.36363636363637,0.542495479204344,-0.362976406533584,1.25448028673836,0.976042590949418,-0.445632798573966,5.79345088161209
0,0,0,0,-0.735294117647059,-0.184162062615114,3.29474621549422,3.60515021459227,-10.7414448669202,-5.83501006036217,1.58415841584159,0.492610837438431,3.70018975332067,-0.957854406130265,6.11510791366906,-1.73833485818847,0.18264840182648,1.17328519855596,-3.93996247654784,-2.79652844744456,-1.07212475633528,-1.38339920948617,3.06513409961686,-2.15264187866926,-0.491642084562446,1.16618075801749,2.46445497630333,0.938967136150231,-2.20729366602688,0.287081339712913,-2.65225933202357,-1.29353233830845,0.593471810089008,-0.999000999000995,-2.14285714285713,1.20967741935483,0.501504513540629,-0.504032258064523,3.31384015594542,0.581395348837214,-0.682926829268296,1.91387559808612,3.86384544618215,-0.369344413665735,1.63487738419618,0.81081081081081,0.537634408602155,-1.54686078252957,-0.548947849954259,-1.20370370370369,2.70270270270269,-1.18505013673655,1.52603231597846,5.91216216216216,0.837520938023448,-1.10076206604572,-2.9642545771578,-1.14638447971782,0.874125874125871,2.55536626916525,-1.03270223752152,1.1904761904762,0.759493670886075,0.50377833753149,16.7714884696017
0,0,0,0,3.18906605922551,-0.611153552330023,-0.84745762711864,-1.96386488609584,2.82442748091602,-2.5039123630673,0.0781860828772462,1.38781804163455,0.992366412213733,3.39233038348083,-1.87828700225394,1.91599115696389,3.20970042796005,1.47575544624034,4.36827956989248,-2.1978021978022,-12.5193199381762,-0.700389105058365,0.387596899224812,-0.467289719626172,1.23076923076923,4.34142752023547,0.220264317180612,-2.87009063444108,-1.76787086856265,0.0768049155145913,2.98062593144561,3.03468208092485,2.80898876404495,-2.74170274170275,-2.21238938053097,-0.518902891030395,-0.82212257100149,1.61764705882352,0.657414170927684,1.22655122655123,1.5625,0.141843971631203,1.05263157894737,1.79186767746382,-0.48476454293629,-2.1939136588818,3.87755102040815,-3.1578947368421,-0.564573041637262,-3.50620891161432,-1.63325909428358,0.73691967575534,0.804093567251458,1.58273381294964,-0.361010830324915,0.57430007178751,-0.723065798987705,0.789096126255376,3.66275051831376,0.412938747419124,1.15646258503401,-1.37931034482758,-0.207325501036623,-1.11809923130678,1.71703296703297
0,0,-0.56497175141243,-0.568181818181819,-1.58730158730159,1.49253731343284,-0.500000000000002,-1.08303249097473,-1.6140865737344,2.08333333333333,-2.65486725663716,-5.27950310559006,1.9040365575019,-7.71123872026252,4.3921568627451,-0.870253164556957,-2.5974025974026,3.44827586206896,0.623052959501558,2.20868240670222,1.50037509377344,-1.67810831426393,-0.152788388082502,-0.153022188217288,-2.109375,-2.89389067524117,-0.0804505229283973,2.43328100470958,2.74809160305343,-1.55038759689922,-2.95291300877894,2.9434546862897,1.45038167938931,2.96296296296297,0.735294117647056,1.09090909090909,-2.61194029850746,0.0,3.87374461979913,0.853485064011387,1.74703004891684,-3.09798270893372,2.18463706835799,0.838574423480091,0.968858131487881,-1.8322762508809,-0.852878464818758,0.354107648725205,1.32774283717681,0.693962526023592,1.09814687714482,0.137080191912266,-0.690131124913731,-0.276816608996546,2.6936026936027,-0.5416384563304,1.27005347593584,-1.83798502382574,-0.685400959561341,-0.343878954607983,-0.622837370242214,-0.138600138600136,1.23203285420944,-0.343406593406586,-9.80392156862746
0,0,0.839251129761141,1.83776932826362,-3.00261096605744,-0.393184796854525,2.24215246636771,0.0,-1.23216601815823,-1.38067061143984,2.06052801030263,0.830140485312904,-0.902061855670107,0.512820512820513,-7.14285714285714,-3.77761938702781,3.17460317460318,1.89573459715639,1.86046511627908,-2.03389830508475,0.405131667792036,-0.0675675675675661,1.13560454241817,4.95238095238095,-2.60586319218241,-1.0533245556287,-1.13182423435419,2.40415854450943,4.11214953271028,-3.68217054263566,-1.8421052631579,-3.26086956521738,-0.272479564032704,-5.30846484935438,-2.12454212454212,-1.63812360387193,-0.901577761081887,0.967261904761897,1.1764705882353,0.657414170927684,-0.293040293040287,0.437636761487969,2.14132762312633,1.89075630252101,0.139860139860149,-0.775193798449621,-1.79340028694405,2.24403927068724,0.557880055788006,0.554785020804439,1.09739368998628,-0.621118012422359,-2.11416490486258,-2.38095238095238,-2.59067357512953,-3.0511060259344,-0.691244239631335,0.988593155893542,0.904295403165028,0.0,1.55786350148369,-0.597014925373135,-0.149476831091178,-0.904977375565618,22.0916568742656
0,0,0,0,0,1.4095536413469,4.55904334828103,1.68993387215282,4.15492957746479,-0.709219858156026,5.17821116341627,-1.84931506849315,2.21031480241125,-0.538720538720539,-1.02040816326531,-0.892244337680158,-1.32127955493741,-2.78770550393138,1.47887323943661,1.32036136205699,-1.76803394625177,-3.2116788321168,-0.219458668617406,0.942028985507252,0.933237616654695,-2.27606461086638,2.36559139784946,1.96767392832046,-1.93409742120344,-2.94985250737463,0.294117647058817,3.34044065387349,-0.213675213675222,1.47368421052632,0.419287211740045,-3.69565217391304,-0.436681222707427,-0.0728332119446452,0.866425992779778,1.5636105188344,0.141944641589777,-2.99707602339181,2.77185501066098,1.67714884696017,-0.350631136044886,0.557880055788006,15.3482880755608,-2.29468599033818,-0.668693009118538,0.303030303030307,-0.609756097560984,3.47263095938788,-0.354400472533956,-1.86522262334536,0.0,-0.605326876513326,-0.30358227079539,0.0,0.543478260869564,-0.546448087431693,-2.17121588089329,-0.561447286338115,4.58333333333333,1.29259694477085,16.3636363636364
0,0,1.51957919345411,2.67349260523321,5.78778135048233,-2.47116968698517,1.35427952329361,2.68845545598312,-2.65151515151514,-1.20481927710843,1.45709660010793,-0.324851109907971,5.13610683102209,-1.51199165797705,2.88607594936709,1.49625935162095,-0.652610441767063,0.0,-0.555275113579016,-3.82599580712789,-0.686015831134559,0.889121338912143,3.09173846933603,-1.96382428940568,-1.36196961760085,-2.57925846319183,2.30971128608925,-1.49174214171551,1.77917320774464,1.84899845916795,-5.24324324324324,4.29384376616657,1.02406554019459,0.711743772241996,-0.203769740193595,0.405885337392196,-0.663942798774273,3.06930693069307,-0.848726909635537,2.14948705422569,0.631067961165061,2.69248937175248,-2.1225277375784,-0.290275761973869,-3.0922693266833,-0.30015007503753,-0.502765208647551,-0.759878419452898,1.30000000000001,-0.100100100100098,-0.15037593984963,0.0,-0.503778337531475,3.87409200968522,1.90023752969122,0.566839867737369,-2.91686922702966,-4.0991902834008,1.19999999999999,1.67158308751229,-0.643245917862439,0.8341511285574,-0.49309664694279,0.343980343980345,25.0736377025037
0,0,-2.4365987071109,1.32482826300294,3.91324846770392,0.655737704918035,0.0,-0.945626477541385,2.08333333333335,8.55207451312447,-3.14410480349346,-0.17497812773403,4.51127819548873,1.88524590163933,-1.32890365448505,-2.6865671641791,1.22156697556866,-0.423011844331632,1.99004975124378,-0.83612040133779,0.125260960334019,1.68308702791461,-0.661157024793389,-1.0860484544695,-0.800000000000005,-3.08159722222223,1.87393526405452,-0.556745182012844,1.26849894291754,-0.766936514699615,1.30361648444072,-1.79794520547946,-0.47311827956989,-1.17493472584856,0.0,2.50318201103097,0.757894736842104,0.335711288292062,1.52892561983471,0.981996726677586,0.0408997955010144,-1.03305785123967,3.54722997210044,1.6078431372549,0.662251655629146,3.56874530428249,-1.0246679316888,-3.13111545988259,-0.908372827804109,9.05172413793103,-5.25519848771267,3.43190945600585,3.89473684210526,-2.66570605187319,0.107952500899595,-0.542691751085378,-2.4082993701371,0.221811460258788,-2.07547169811321,1.26676602086438,0.813008130081297,-2.42240726722179,1.41791044776119,1.32547864506627,16.1728395061728
0,0,0,-3.84466019417475,-4.71736478243188,0.686591276252026,-2.39867659222499,-1.72486327303324,-3.57298474945534,3.61192776144477,7.89168278529982,-1.01602188354827,-0.510604870384914,2.93556995806328,-3.26771653543308,1.62664601084431,3.36826347305389,0.149476831091191,0.520446096654264,-1.58610271903323,1.59791898922334,4.06417112299465,0.88339222614841,1.87239944521498,1.97144799456153,1.40750670241286,-0.369996636394213,-0.0336473755047159,-0.4393376140588,-1.5442690459849,1.05263157894736,1.669449081803,0.13337779259753,0.596619158104088,1.56606851549754,0.744818652849742,0.290603810138844,1.62007623888183,-0.286715514495062,-0.544522741832164,-2.7311615663047,-1.03058510638299,1.24753775443205,0.131147540983604,-1.66666666666667,0.8592200925314,1.24020887728459,-0.955518945634264,-0.0659413122321237,1.10857515487448,-0.722495894909696,-0.19743336623889,-2.39218328840971,0.469483568075119,-2.50945342041939,-1.927119831815,-0.0350508236943498,2.86006128702758,1.11111111111111,-1.36518771331058,-1.94850382741824,5.52268244575938,6.16903146206046,-0.061728395061738,26.729986431479
0,0,0,0,0.939393939393946,4.12550842533411,4.22927100723427,-3.33525014376077,0.600171477565021,-4.41659206207104,-0.570228091236488,1.82675309369475,-0.0294724432655409,1.0498687664042,-1.96253345227474,0.355555555555548,-0.297176820208028,-0.748502994011976,3.07603017991875,2.51768033946252,-1.02886539011146,1.65823496346261,0.725446428571443,-1.55851516010202,-1.00171722953635,0.171428571428578,-1.3317892298784,0.259890268553287,-0.873871249635899,1.43554407120299,-0.781249999999988,0.460829493087548,0.315819695664655,1.0792388525987,-0.170697012802282,-0.342563516985434,2.47772828507795,0.0,2.8926736955934,3.79713914174252,-1.1842105263158,0.860944429950426,2.64160528321056,1.8449264522563,0.520833333333335,-1.6641452344932,0.701051577366052,-1.96579014551952,-0.564826700898585,0.561654327291291,-0.102223358037309,4.56097560975609,0.654228252968265,1.83158896289247,0.942507068803013,-3.73991689073576,1.25512913347816,-0.290486564996363,1.47865490102551,-1.20685493603669,-0.193470374848847,4.45933456561922,0.688389169343729,1.44730890999548,6.76786843769766
0,0,0,-0.475172249940593,-7.81250000000001,-3.08951676789016,1.71295094731379,-5.30199508062311,2.53063399041022,1.10642781875659,-0.82337317397079,-0.803212851405615,2.81030444964871,-0.234741784037549,-1.42857142857145,5.00125659713496,-1.97334700153766,-3.50132625994695,11.0639301722104,-0.545540796963956,-0.813008130081292,-2.72660280029477,-1.95341848234411,0.622200099552016,5.70288664632715,0.629664179104485,-0.515705578996732,0.513059701492551,-1.32325141776938,-4.21078552080768,-0.395550061804689,3.32217973231358,-8.02995094242191,-0.258866166192064,1.70483460559795,-2.87958115183245,2.74949083503055,-0.0764331210191112,2.94263105835806,2.46020260492041,-2.87841191066998,2.77442702050665,3.55979525360631,2.2737608003638,-5.82290664100095,0.669216061185471,1.3440226361707,0.329024676850765,1.84544405997694,-2.74946669826974,-2.65206812652067,2.2359657469077,4.99435028248588,-1.72413793103448,-2.28074300493769,-0.33026657230479,4.50551926109484,3.07860262008733,0.23959921585711,-0.56955093099671,0.414485165794077,-1.37107474568776,4.25576963794198,0.421674045962477,-9.53810623556583
0,0,0,0.190274841437624,1.96891191709845,-0.835945663531867,0.457665903890158,0.373056994818652,-3.164421637802,-3.74889086069211,0.177147918511954,0.0221385875581251,3.02705023615285,-1.17289313640313,-0.130491518051332,3.40336134453782,2.03745626672155,0.65426293191575,-6.32608695652173,2.06514796678731,1.92106911672583,-2.68010291595197,-0.236406619385342,0.89456869009585,-2.19851980844581,-1.79481497894969,-4.37095282146161,-1.00443821537024,-3.0821093185649,3.41860465116279,0.623988906863885,1.4799635701275,2.4,-0.806451612903225,-2.83344851416725,-1.07101280558788,-2.26190476190477,-1.94174757281553,1.71755725190839,1.61933818352499,0.883926494533618,-0.326721120186699,-0.233918128654974,-5.06266896043254,4.84097287184284,-0.635443633796178,-3.93835616438356,0.656136087484802,0.314922480620161,-0.682926829268296,-0.318081722534873,1.18471953578337,-1.84683575474021,1.38416707139388,2.25492523142654,0.0948541617263437,-2.37921825685847,0.29048656499638,1.64285714285714,-0.502512562814072,0.665557404326126,4.10303168452245,-1.1528706479133,-0.161662817551964,24.7349209108291
0,0,0,4.83037519658503,2.32609172701339,0.480454247652323,1.42088266953714,-0.541125541125541,-0.544069640914037,0.519592985494685,-0.0216543958423517,-0.851714348110942,-0.792427911071978,2.34307824591574,-0.086058519793473,-1.90747643060732,-0.374119718309863,-0.709219858156029,-2.22020842772994,11.0797743755036,1.37095171865686,-0.962888665997988,6.71781437125748,-1.03989411987143,-3.54346123727487,1.10358180058083,1.93658629200684,1.07062359128475,2.882159795695,-2.39073589839373,2.65454545454546,0.0,1.4866559197564,-0.485961123110144,0.430107526881711,0.835258574728996,-1.69889752394723,1.31977884786874,-1.50253439536567,-0.163191296464195,-1.4719411223551,-0.258254934513928,3.14454171877791,-0.430647766014717,0.959658787986505,2.86552736060762,1.64685908319185,-2.29246266064606,-3.99133104569262,0.788389177566753,2.83774373259052,0.173792144595067,-2.11180124223602,1.55485674353599,2.17056913348145,0.459339911534541,1.40892318014089,-0.896936875951928,-0.135570242331817,-2.27036395147313,0.121170157521205,0.276195408251332,-0.485689505637469,-0.208586824265596,-9.66450629050705
0,0,0,0,0,-0.798888502952416,-0.48865619546248,-4.46672743846854,0.723981900452486,1.33928571428571,-0.214745884037218,-0.269154853759206,-0.704734369353078,-0.654783557657342,0.0,-1.49529259737861,-0.426399703374127,2.22947253942361,-2.2992768403486,0.0555967383246871,-0.690427318529572,1.21658986175115,-1.0618479880775,4.31372549019608,-1.24526258798052,-1.02096627164995,-0.255894717601902,0.472985264689827,0.811981234211481,-0.162660401228996,-1.97198673055658,-1.93499906068007,1.33456904541243,0.790731886723059,-1.75898203592815,0.0374111485222655,1.21951219512194,1.36686714051394,2.50533049040512,1.64278224397064,-7.61707729922888,0.243902439024382,-1.93153566647542,-1.92982456140351,-1.4636075949367,1.32708821233411,-1.12492599171107,1.32424537487829,-0.371383893666937,1.36880663196453,-3.34728033472803,3.75838926174497,-1.95503421309873,1.6724336793541,2.38318633890035,-0.718200718200723,3.16617862371889,-0.31209840279053,0.99963649581971,-1.88888888888889,-1.80995475113122,-0.321543408360132,-0.32258064516128,-0.457491422035841,8.49467992325135
0,0,0,-0.234234234234239,4.35981388936757,1.47707979626485,-1.48173673328739,-0.763888888888885,0.689655172413791,-0.0344946533287394,-0.433050407067383,-0.96187478139209,0.435312554414069,4.28333333333333,0.447984071677457,2.66472868217054,0.418140881312316,-0.64745872450631,0.338764316825296,-0.113049095607236,-1.2426422498365,0.407099820876079,2.30671333121222,-2.02889141373154,2.25289544661273,-0.286396181384248,1.2878906863515,1.21024049650892,-2.33407430930455,1.90031152647976,0.665325700139243,-0.874044014359298,0.927787227462515,-0.936475729670686,0.728230554694783,0.707692307692298,1.47036531756859,-0.809902200488999,-2.73155416012558,-2.00160128102482,-1.3634150300276,-0.276692708333336,-0.39215686274509,0.970873786407758,-0.145843461351477,-0.488519785051302,-1.21971320257128,-5.99231306778476,2.10364289379168,2.32208486468426,-3.33160711203176,1.8135593220339,0.95685747859661,0.848868175765643,-2.19425072291206,0.051003060183613,-2.40250696378831,0.811604213434638,-2.677304964539,-0.266666666666664,1.76388403772267,2.40327254133289,-1.48763189759557,-0.83725798011513,19.6045435422802
0,0,0,-0.415584415584419,0.568181818181815,1.6260162601626,-0.871348026652995,1.26518218623482,0.620284995808881,-0.760135135135128,-1.50891632373114,0.477815699658705,1.16377129364142,0.201986197609826,-1.65982203969883,-1.75866271983284,-1.30534485799965,3.50638297872341,2.40863787375416,1.5213479469982,1.00404858299595,-1.96499339498018,-0.899700099966676,0.662032439589538,-1.61453077699294,2.54056712014423,-0.0491964578550363,1.03862382343395,-3.19879417183051,-0.235017626321975,1.34150380920835,-0.315667054327969,0.0332170735758232,-2.31096006796941,0.708621562341828,-0.953840912962021,1.75702811244979,0.217064618467194,0.614005974112176,-0.769230769230771,-0.588730025231277,0.751252086811345,3.07443365695793,3.24095819633631,0.529512536988002,2.49050873196659,-1.15207373271889,2.23757320919058,-2.33594590441065,1.60290337214578,3.79691591504219,0.793765334103061,-0.405738298797277,0.0,-1.85977859778599,2.22254293548854,0.0144300144300013,0.0144279324772834,1.86889423757609,2.17451523545707,-3.49770642201835,2.44721018039435,-0.336747579626784,0.0560931145701953,-54.3172473490586
0,0,-0.629018730779967,1.16054158607349,0.453857791225414,-0.986111111111102,2.10740992522093,2.16812982176112,-4.1995841995842,2.49999999999999,-1.95646183521632,-0.193263390392049,-0.235229002352292,-0.865317515701312,-2.4156660949114,-0.373027259684349,2.06547702683715,-1.41065830721002,-9.28059794456557,3.94854920729883,-0.966475385080037,-1.75169022741242,1.3939393939394,-2.42085661080075,0.769941484447182,-1.38953942232631,2.18387293830178,-3.23190919123444,1.13778054862842,-2.01939895054857,-0.979447655748233,1.36205258156478,0.723270440251574,1.42591444513328,0.585516178736533,-1.40625000000001,0.867410161090462,-3.2299328429805,-0.304731355252603,-3.21138884290681,3.09592556945782,2.22710163111668,-2.016,-1.54346060113729,-2.10683477106834,-2.36033282390898,1.7353579175705,0.282861896838605,-4.7768479776848,-16.6327775518503,2.05138418641705,-0.440088017603518,-0.949111470113083,1.76552271374726,-0.961345884237927,-0.160481444332996,-5.34657650042266,4.38472418670439,-3.10416666666667,0.641689091285453,0.227178851714167,-2.69353128313893,-0.31914893617021,-1.70958666955204,24.6043400228422
0,0,0,0,0,-0.402819738167176,1.66369578134285,-1.77383592017739,3.66990291262136,2.46212121212121,2.70867882808182,-0.537236013338285,-0.93492894540015,2.15879985364069,1.7259978425027,-1.58904109589041,-4.72456006120887,2.46268656716418,-2.89882894989441,-1.20458519525938,4.6498703223416,0.552689756816515,-0.593031875463307,3.83175904473356,6.01340033500838,-4.20666783033689,-3.02103938140622,3.08469850121994,0.98360655737705,0.719547712866189,-0.620582658162385,-2.07636811543199,0.923988842398886,-2.13675213675214,-0.807754442649427,0.695187165775402,-2.24166211044287,-0.568181818181809,-0.552893475856993,3.94760134537087,0.247218788627937,0.614250614250604,0.887110801878596,-1.91455415706436,-0.195381882770869,1.77948360083741,-0.034904013961611,-4.31458219552157,3.22410147991543,-2.49187432286023,3.08015400770038,-1.02545968882602,2.09451272286654,-2.61101243339255,-3.58785648574056,5.87114651887773,-0.104022191400836,0.39716801934035,3.80398671096347,1.85849364199544,0.776447751536714,-1.47734734077478,-2.48990578734859,3.01843693914179,4.03945514325974
0,0,-1.19987369750551,1.50831907945887,-1.83689627870151,-1.16949695610381,-0.628728034821861,2.91125371732665,-1.96297478455155,0.697305863708407,0.142427599303681,2.4544612534733,-0.201082753286923,-0.310318076027933,-0.593101295458108,-1.69841269841269,0.88105726872247,0.188442211055272,-0.903184915227381,1.31352619233777,-1.50793650793651,-1.38397167685871,2.31095739663575,1.16532007458048,1.39420867167151,0.563680682510671,-4.02535657686212,-1.00848407235473,0.0320051208193361,-1.23116798963228,-2.3545017410048,1.1311475409836,-2.88412885815483,2.94647241774432,-1.86760046690012,-1.64406779661017,-3.69068541300528,2.06540447504303,1.29119945633707,0.624683437447235,-1.19596787971979,3.33608587943847,0.509365757476179,0.555555555555561,0.179416082205186,2.41922648416361,0.820836621941599,-3.1927023945268,0.130144786074505,-0.952537362456887,-2.49116310385458,-1.14061967994551,2.53857640617223,2.30183173934186,-1.88274153592073,-0.883038987004322,1.34779750164366,-2.11480362537765,0.267827251422838,0.200467758102234,3.40487332580281,-0.356275303643723,2.49486815095531,0.845467355565992,-0.932364096080904
0,0,-0.742170105388155,2.63043792455556,3.66193260930102,-1.82900893236919,2.89136720363485,-1.35361428970137,-0.88694917640433,2.53841931942919,-1.23628281705793,-0.741673663588023,-0.860973888496823,0.922947839463027,1.02422145328719,-2.55500354861604,3.83565383565384,1.71719881942581,-1.40116990885594,0.325423728813552,0.499190501888835,1.81480990859715,-2.12391774891774,-1.09409190371991,3.87800709872484,0.6400208986416,-3.73983739837399,1.79640718562875,1.01422550052687,-0.436565683291438,0.132117849121409,1.71406310868719,-1.51595043501187,-0.770456960680125,-3.25058291043753,-0.78794581144594,-0.597969684327641,1.54709748083243,-2.22533240027992,0.265214963707423,-1.1150317572336,-1.22874696385198,-0.995670995670992,-1.25657510227937,1.680792989513,-3.1412061046081,-1.93324271258118,-0.65369413195499,1.70352659892409,1.66054371785451,3.70737229375973,0.674631061138445,-2.63993075591462,1.39402560455193,-8.53790335031651,-0.762289981331666,5.40103016924209,-6.15528823621309,-1.21758380771664,1.52600436001245,1.27594158339738,1.84095367436246,-18.3392857142857,11.5044247787611,-14.4717800289436
0,0,0.248097915977503,-8.09940997675666,-0.089477451682171,3.57204486626402,-2.47568523430593,-3.72340425531914,11.2918971688903,-6.33217993079585,-9.65661164864351,6.77396533427662,-2.4646611090975,2.90339609361253,-4.27522935779816,-2.27059485832239,8.19982773471145,-1.00922220288846,-4.58598726114649,9.99180999180998,1.88042430086789,2.76605719643695,0.420168067226896,1.48704583780469,-1.39903621949325,-1.82019626464071,-3.38733431516937,-1.32647985408721,0.0662800331400152,-4.99304105775923,-2.69787386099696,8.04994250041071,-3.41488277268093,-0.512295081967208,-1.71964564877541,-3.24605451936873,-9.24764890282131,-7.45263157894737,5.56660039761431,0.867165944028389,4.22801057002642,-1.68905950095968,-8.95023002927646,5.94020456333596,3.34600760456273,0.341038272072754,2.22304557243423,-2.4677296886864,-4.60683081810961,-2.08797891749443,-4.4021164021164,4.69947559499798,-3.65879155341836,9.29262279537265,0.584464555052795,1.9412090959512,1.06091092006585,-3.60053060451014,1.3275991024682,0.446760982874166,0.536937604147379,-2.91539634146342,3.91797876235811,1.19392185238785,-24.5045045045045
0,0,0,0,0,-7.70754903903309,2.0,-0.763060066523186,-1.67097672568131,-1.2079726192873,1.37013502779984,-3.57877416700947,2.60416666666667,0.656716417910444,-3.97268777157046,2.95180722891566,-1.24008944907501,0.72653884964682,1.56932856575289,1.77560975609755,1.81992337164751,-0.13427968540188,1.54863078375826,0.972507948382263,-0.583145221971411,0.654083348906749,2.85039941902687,0.487804878048786,-1.9524774359919,-3.44893292682927,0.0,1.53846153846154,-1.89256356337219,-0.848274532485068,2.02115602568946,1.00972326103216,0.94461937395815,-2.35071090047394,0.0757719265012297,-2.78426791277259,-5.37546163315551,-8.9649005141963,-6.12099644128113,0.401701323251422,0.282752120640899,-6.23279098873591,2.93974732750241,-3.00300300300299,5.55424249586386,-0.189438787591772,10.4537743850721,2.15767634854773,-3.85692738633916,4.15117719950435,-2.6499894000424,-3.21663019693654,-0.39543057996485,5.24562864279766,-3.89273356401383,-0.674940126279125,1.1194833153929,-0.890529973935716,-1.52149944873208,-2.13963963963965,7.19063545150503
0,0,0,3.27402135231316,0.378161191207761,-4.52075098814231,0.491642084562446,0.294117647058817,0.390625000000009,-4.99871827736479,-0.801033591731254,-0.965301330550495,-0.0783289817232406,-0.762957116548275,0.34084950183535,4.29109159347554,-1.01394169835234,1.02860010035122,2.32786081842686,2.22807858169621,1.5566037735849,0.749063670411986,-8.04248861911988,-1.02197240674501,0.760649087221088,-0.84377397085144,6.43540669856459,-0.917431192660539,0.456621004566205,0.239750659314316,-2.78462296697881,0.294840294840306,-2.28700678562454,0.475237618809399,-1.31779016725797,2.13293650793651,-1.6641452344932,-0.583312198833368,2.52163164400495,1.12441945734538,2.05889394302132,1.11268939393939,0.84507042253521,3.7940379403794,2.20848056537102,-0.376856572821994,-1.71364148816234,-0.772551692797099,0.542372881355937,-2.35947258848023,0.207756232686988,-0.208188757807086,-2.36798484489699,2.06400742115028,4.04984423676013,2.74832287383684,1.55517682147422,-1.03314679294016,0.811272416737836,0.403997448437163,1.95955805711903,0.124921923797631,0.620732464307877,-1.02424749163879,14.4186046511628
0,0,1.24683009298395,-2.3356401384083,-0.0432713111207337,0.580770058077013,-0.84598698481562,2.22693531283138,-2.45545415036939,0.647668393782377,1.53061224489796,-0.448430493273544,0.59435364041605,0.590841949778437,-0.445103857566767,15.7048418795783,-2.43411420204978,0.636479359883618,3.61086765994741,0.471039776692259,0.624133148404992,-1.26404494382022,0.558659217877095,0.882505623810344,-2.28318584070796,-3.1021897810219,0.218499635833949,-3.3301975540922,0.374882849109659,1.03876831756631,-2.21843003412968,0.0,-1.24784027644461,-0.192344681669555,2.01658499811534,-0.817024510735321,0.978363123236117,-0.283018867924526,0.73047387151152,1.25762899944516,-1.00878012329535,-1.53641881638847,-1.05424573509679,-2.35432607416128,0.156709108716941,-0.117670131398304,1.44955546965597,-0.174249757986454,0.366512345679022,-0.660194174757288,0.999615532487511,0.0768344218209741,0.496941896024461,2.53353204172876,-1.22572128983594,-0.932622763608683,4.80159449175575,-1.32182852946576,-1.66106756252333,0.538333023946536,1.22845617895123,2.04741379310345,-1.03429504627109,1.41323792486583,-0.395114942528734
0,0,-1.08573567952078,1.14729829755736,-0.65189048239896,1.55848918225156,0.438116100766707,0.616835994194478,-1.04491292392301,1.42753885074089,2.00106251106782,-0.0886210563629868,0.247524752475249,-1.52575839167116,-2.07035544155369,2.37882310856734,-3.13595277624054,-3.02166476624858,-1.60262598957327,-2.65609514370663,1.59937585332553,-0.430950048971608,-1.67297351125273,0.966469428007893,0.373354293574372,1.81362145475593,2.29971724787936,2.01329885482084,-0.913327120223676,0.389899740066842,-0.241950493206779,-0.467464472700075,0.981299759303835,2.24434389140272,0.0361859960195461,-1.31989000916591,0.655618284465488,1.32973944294699,-0.505689001264225,0.681614349775789,-1.41895579406949,0.865644724977464,1.50976909413853,1.77948360083741,-1.39748805943747,-1.00053600142934,-0.792364487664322,-2.22754050073638,-1.09808300763075,-0.636823375163881,-1.19408642911297,2.07869339272458,-1.91034613202195,-2.10505986867516,-2.29158435401028,9.52636282394996,0.249598858976646,0.355302895718593,0.897887323943659,-0.744945015963098,0.634473034896016,-1.10477548111191,0.531726338177959,-1.32902298850575,10.135571336346
0,0,0,0,0,2.30537329313708,-0.894614421184469,2.40963855421687,0.0,-0.491314265660644,1.19625520110957,0.774126956820923,-1.06050069541029,2.0769492679605,-1.24095139607032,-0.397992732306634,1.33173979853167,-0.445892642771391,-0.777739370895269,0.43021855102392,-2.30633802816902,-0.0352236703064389,0.316011235955056,1.36796536796537,0.960384153661469,-4.44205624216372,-1.21464829586657,-0.712068650721186,1.31531531531531,1.97809961144471,0.962043029560966,-0.492177887150644,1.79527015363369,1.94651320243737,1.35247954583403,0.249833444370417,-0.603217158176943,-0.913087588772403,0.588334173810727,-0.337325012649693,0.386424731182802,2.9037520391517,0.308993332249154,-0.441032342371779,-0.377111001803569,1.48602810531416,-0.519564864426032,0.275259067357504,0.242287191083829,-0.995106035889069,0.114062245396774,0.936238902340606,1.38490926456542,2.92072322670375,0.476776376499542,-1.08830845771145,0.124223602484491,0.0155255395124839,-1.67324388318863,-1.03668261562998,-0.901190859349859,0.544174135723426,0.0160025604096737,-0.855390574564237,-21.9205037386856
0,0,0,2.16088328075709,-0.253004427577477,-0.190114068441072,-1.98739699466795,-2.48385494287134,1.77293428757319,-1.97379333222756,0.544374793797424,0.427069645203688,-0.346134827756718,0.720013091147108,-3.45352971051295,-0.698943061711565,1.92275539207491,-1.35570242331809,-1.06182565507792,2.07949018950193,3.22947095098993,0.596870462977907,-0.161576991436422,-3.47767931783982,0.713811420982735,-3.68330464716007,-1.06105409636458,2.32755691471287,0.355510411376335,1.36917682417766,-1.47407658420874,0.673174015483,0.56894243641231,-3.03448275862069,0.497512437810944,-4.44364809173983,0.605520926090822,-1.42702312138728,-3.67041198501873,-3.36817653890825,3.29464619992513,-1.25094768764216,-1.69622205088665,3.24505781424841,0.0186462800671361,-4.03491755577111,4.21776291341509,-2.33884768967484,-2.17602486885565,1.77480916030534,1.94610778443114,-0.849216833364778,3.37345003646973,0.975081256771396,-0.0180603214737315,-0.0361336946702728,-0.856413994169094,-0.494414942318262,1.39039364391478,-1.07683883920424,2.282860709827,-0.322061191626409,-4.97746055597295,-4.76190476190477,11.7861482381531
0,0,-3.50877192982456,0.929668552950675,1.13886113886114,2.20789370847988,-0.136959499119547,2.3500191058464,-0.402839056205641,2.17676862450741,-2.40199846272098,1.06463878326997,-1.03726469458317,-1.89861029555686,2.38823079862438,0.777251184834117,3.1932464672417,-0.535055350553504,-2.55439924314097,1.5828677839851,2.62919310970081,2.07741477272728,-0.106647707074302,0.583141897861822,-0.981441827266246,1.11169931180519,0.770443004727714,1.21086317246152,-4.14339758602054,0.998751560549317,-0.718519849110829,-0.324382771670571,-0.180538003249687,-0.398767446075764,-2.33722871452422,-0.447177193963098,-0.317757009345798,-4.79921645445642,1.39076685339001,-2.27182931647571,2.35339506172841,-1.9669551534225,1.22401398873129,2.38953157595296,0.565717518385827,0.469219219219219,-0.661250708482905,1.94516487587995,-0.167006865837811,2.81334535617674,-1.48243045387995,-0.589101620029456,1.07448552176288,-0.145905526171801,0.760180995475116,1.37450910389147,1.45998240985048,0.122979620520029,0.192880939856215,2.44611700307903,-1.42262317834837,1.09814687714482,-1.48006268500784,0.312445755945148,2.58708150152181
0,0,2.29904632152589,-1.59169550173011,-0.469320354597594,0.518761888293269,-0.3122289679098,0.397373876986876,0.601064743259478,-0.483175150992224,0.44665864971654,2.49581239530989,-1.66893732970028,-1.03234686854783,1.00493953329927,0.0510725229826373,1.37676292813969,-0.540175557056044,0.269360269360264,2.94117647058824,1.33806222795421,-0.210016155088857,1.6679904686259,-0.703887378019525,-0.304878048780484,-1.79679843188501,-0.426509186351703,-0.444883835887301,1.23677786818552,-0.0977357875875587,-1.80762852404644,0.445765230312041,-1.32151221144195,0.283569641367809,1.30062561738558,-0.214486058406208,1.65503813078047,-1.83410442828817,1.75324675324675,-0.637150792354191,-2.20404074135916,-0.858875042101714,1.70501572587319,0.0826993053258423,0.21455685756726,-8.89647735442129,1.11960191931758,1.00281491907108,0.368098159509192,0.713539853811353,-1.28679710911335,1.86818889465491,0.0345841258862113,1.63293077053921,0.80985321410495,0.0168690958164609,-0.287599390965998,0.571909167367541,0.402077399899472,-0.319327731092433,-0.100942126514136,0.485518165076175,-0.504795557799087,-0.490361853229623,-2.7092740534908
0,0,0,0,1.17864960431049,-0.678081030683164,0.287356321839071,-4.81927710843373,2.6896551724138,-0.155413572785362,-1.15283842794759,0.348128807658839,-0.984355774301287,-1.01207386363636,0.547413031961862,-1.07085489916117,1.05950909411973,-0.998751560549317,0.213561131873994,-2.44302643573381,-7.17076983196561,0.679215990685041,1.35911179173048,1.74910663908219,-7.41414141414142,3.48995905634626,-0.66732090284592,-0.137578616352202,-0.275916436736304,1.87584606459099,0.538565108674747,2.69511510387422,-0.54572826496048,1.44658753709199,-0.54074212194667,-0.299233214886859,-1.09661561731896,-0.341491178144564,0.340328984685195,1.17713004484305,-0.790960451977404,-0.150886457940397,1.3030528667163,0.592153960029608,0.405455215628453,-1.04283054003723,0.68429813205104,-0.782851817334579,-3.33204930662557,2.36931177134261,1.29918337045286,-0.130087344359785,-1.75869894099849,0.620184175906781,-0.434126085315221,0.581722649652847,-0.851627554882657,0.658018424515876,3.0971032975041,0.633598841419264,-0.43636363636364,0.88304198954767,2.20303137116673,1.45883987495658,4.54244031830239
0,0,0,-1.43112701252237,-0.179211469534053,0.870492094510574,-0.66165951359084,-1.01156069364162,-0.0180668473351364,1.03701054890041,0.727724529641469,1.12320112320111,0.436833828411672,-1.50762681802056,0.494175785386506,-0.460992907801415,-0.0887311446317607,2.33968804159446,2.20338983050847,-0.271923861318825,0.0679347826086942,1.50552024088324,0.548993511894857,1.37817883511075,-3.56839422259983,0.758853288364242,1.08423686405339,0.249584026622294,-0.535296085647374,0.664672648720503,-0.400400400400404,-0.705645161290313,1.58730158730158,0.526315789473685,0.114999178577296,-0.628203008761771,-2.12730035455007,0.269405623842404,-1.02058173158701,1.12680793810966,0.701402805611225,1.69101953702183,-1.66917042230012,-0.116978609625657,-1.6649677200136,-0.684228532329796,1.3998988024962,0.0505731625084308,0.436388049681098,-2.19554030874786,0.0,-0.413365483982079,-0.120710467321953,-0.276673007089752,0.0691204423708297,2.88639033394866,0.749500333111252,-0.283948555202943,0.0333945566872652,-1.9057342181385,1.04394679238929,1.88336362134479,-0.631753948462182,0.281830238726793,2.56824422548861
0,0,0.363456137452501,1.86446173800259,0.500080658170676,-1.60629405015572,0.0818866688503181,0.0327439423706549,-0.825354902608122,0.148343497610027,-2.58708150152181,2.31252064750578,-0.281596819612393,1.82143437957392,-0.506701536449824,-0.608452557145202,-1.36689448241374,-0.857431069266989,0.800533689126091,-1.11298482293424,-1.41953138361553,-2.05969628207366,1.69869595058339,-4.99009187533778,0.0180115273775308,-5.97442259973278,4.01245877610846,-5.26518804243008,3.35507921714818,1.43303325372038,2.35019734481522,0.783196867212527,0.266287946032307,-3.26306141154904,0.237746891002199,1.15690527838033,3.23596291761414,1.10707490053624,-2.57274662881477,1.64048865619546,1.68153740562801,2.09978162271124,-0.100891205649911,0.117568021498153,-2.05690778196777,1.50261691710281,1.70925987387986,0.953320184089424,-1.79019575037644,0.911803713527847,0.11591323066733,-0.265648347999342,0.165755014089179,1.16317169069463,0.245138094459877,6.66564978645516,-2.75862068965518,-0.409191060749131,-1.38822403063666,0.681458003169572,1.36001250586212,-2.51602564102564,0.842205625297952,-1.64755289937006,8.41715976331361
0,0,0,4.32272159800249,-1.15232833464877,-0.63542494042891,3.937128032962,1.20609075832956,-1.34453781512604,1.37130801687763,-0.0904977375565645,-2.23592906707788,1.54850463033249,-0.857449088960346,0.970432145564823,1.46421634543554,1.37046861184791,-2.98983153741083,0.872574093576047,-1.8073211824169,1.35972201238857,-2.09779423106586,-1.99811202013845,0.360558081203946,0.545681322107891,-0.643339086772327,0.871053040908399,1.36544952439399,-1.35282226714353,0.0,0.402663775747237,0.69209474007998,0.596239107170158,-0.832434098967153,-0.32477575007734,-2.56979695431472,-2.80495759947815,0.599773058842596,-2.08505709084891,-0.31540504648074,2.91700241740531,-1.33921280418096,2.93278376664553,-0.509878903760357,-2.5322659696128,0.163105529277445,1.44671274714676,0.702314445331201,-2.21895904715288,3.60176156023907,0.125667609173733,0.469043151969988,-1.47548786292242,0.110935023771791,0.926362066258434,1.37813564571075,2.78488634653019,0.180315552216364,0.804888955134903,0.341651812240032,1.01455668284078,-1.81137724550899,1.11028867505551,0.0739644970414159,12.796697626419
0,0,0,0,0.861188147715667,-1.91907170484976,1.48028726366702,2.88926843154,2.5114472041071,1.54371584699455,-0.784799669558044,0.656544932293809,-0.508660984327749,-0.733970364215484,2.20747562296859,-0.558354895819143,0.797081869764914,-0.311695351673655,-1.55518854940822,0.96769796919723,-0.893839383938402,-0.0412711514651274,1.66396103896104,0.323624595469249,-1.29763693484497,0.435196518427863,-0.163465467919908,-0.754872357946743,-1.19444444444444,-0.362419849456377,1.9409513395298,1.32182357701646,0.616621983914201,1.19205298013246,-1.12510045539781,-0.851006348777516,0.817256162915326,0.360432519022822,-0.0267058352249913,-1.09341252699784,-0.433839479392615,-0.600109110747425,0.811688311688323,-0.257697002576967,-0.903243465170399,-1.092971776425,0.385887541345095,2.26293103448275,1.25033253524875,-1.03480714957668,2.27213028631469,-0.171030127614782,0.157625114934967,-0.701058201058203,-0.092678405931409,0.0,0.0793755787802649,0.761454640934749,0.859039437719636,2.12738853503185,-0.589441312147609,-0.141152316181188,-0.528895768833863,0.0,-20.8229426433915
0,0,0,-1.35066902297401,0.539861895794108,-0.504731861198745,-0.0631313131313095,-0.866021395822729,0.0763553066938181,-0.331971399387136,-0.204708290685768,1.27573575849439,-0.367647058823537,-0.36900369003689,0.644753476611872,-2.15678677515173,-0.103425985778943,0.718778077268646,-6.8431157432803,0.626873807576988,-0.617030028794719,-0.482226508680089,-0.847575378629984,-0.798319327731083,-2.27761065749893,0.470487596236097,0.890207715133525,-0.497017892644127,0.325548478414726,0.197768046334229,0.450007031359855,0.126404494382027,-0.678733031674214,-2.38888084551905,-1.42437591776799,1.90146931719966,0.330222541277823,-0.825130283729021,1.18724073809183,-1.46589259796806,-0.218181818181826,0.217706821480415,-0.952380952380961,-4.46961579672432,-0.678070580983199,-0.682699767261439,1.3167968151891,-0.337993547395912,-0.0768757687576832,-2.10361067503925,-0.998890122086575,0.817738638150658,3.51995144894552,0.377871825876663,-0.348854846048824,2.49926057379473,-0.684931506849327,-12.968881412952,3.53723835794256,-0.653274538624866,3.19367588932807,0.378012285399279,-2.32070910556004,3.28865336658354,16.020942408377
0,0,0,-0.689021589343137,-0.833719314497462,0.277136258660519,-1.35767790262173,-1.20025268477574,-0.587768069896739,3.55446606404166,1.33030990173849,1.00269380425021,0.772200772200787,0.941453368637835,-2.34869015356821,-0.972940103374887,-2.78125,1.96078431372549,3.27455919395465,4.40509915014164,-1.72910662824206,-1.37306456324863,-0.454878943506952,0.0879636416947487,1.57287157287158,2.4905023216547,0.517917133258685,0.459802145743344,-0.729824561403503,0.959132610508754,-0.125260960334034,-1.02643419572552,-0.296150049358353,-0.953872437357633,-1.63507451888293,2.40079084875018,0.729006028319075,0.377094972067034,-0.181894501189304,0.791227096057756,-0.488213139907949,0.458206053873922,-0.544464609800364,-1.12946491599604,1.67962243198224,0.0416261967531385,-1.56426155580609,4.73889112632568,1.2592788971368,-2.52786083174776,0.0543330616680335,0.500067576699541,1.46490877613532,1.54713517765831,0.70303345918501,0.143005720228808,0.0909208988180195,0.116761805915936,0.245891031448166,-0.468079573527499,-1.01129498292618,-0.0788643533123058,0.860046911649722,-0.445026178010457,2.63795080922645
