0,0,0,0.928792569659437,-0.937499999999994,0.0,4.33482810164425,-1.36363636363638,-3.12499999999999,0.0,0.928792569659437,1.67427701674277,-0.766871165644183,-2.67716535433071,0.0,0.0,8.1041968162084,4.68965517241379,3.84615384615385,0.658761528326743,3.68020304568528,1.37672090112641,-5.27009222661397,0.0,-2.98507462686567,-1.6551724137931,-1.5406162464986,-2.4390243902439,0.0,0.0,3.19444444444445,-3.29985652797705,-2.95420974889217,1.31195335276969,4.72222222222222,-2.41820768136558,-1.73661360347323,-1.61764705882353,0.0,-4.29447852760737,0.0,-2.67716535433071,2.60736196319018,-0.462249614791978,1.21765601217656,0.904977375565605,0.896860986547093,-5.35433070866143,-3.75816993464051,1.76565008025683,-0.809061488673151,-6.92041522491349,-6.25,-3.22580645161292,3.12500000000001,1.98198198198197,-2.0220588235294,4.05643738977072,-3.09090909090909,-4.36432637571158,-4.56349206349205,1.17647058823529,12.6712328767123,3.63036303630363,-6.87830687830687
0,0,0,-6.7911714770798,-3.88007054673721,0.0,1.90311418685122,-3.03030303030303,-1.44665461121157,2.46913580246913,-1.06951871657753,3.93835616438355,4.57516339869281,0.0,5.26315789473684,3.43796711509717,-1.82648401826484,0.0,-0.766871165644183,5.643994211288,2.40112994350282,5.22088353413654,0.928381962864725,-4.0,2.2911051212938,-5.54765291607396,-2.03193033381713,-3.92156862745098,-1.68711656441718,0.761035007610361,2.52225519287834,-0.747384155455902,-6.35930047694754,2.63157894736842,-0.937499999999994,-1.26582278481013,3.51145038167938,-3.1496062992126,0.0,4.22322775263952,-1.68711656441718,-0.928792569659437,-3.69181380417335,0.953895071542124,-1.77993527508091,3.43750000000001,0.0,-0.787401574803161,-8.73287671232876,-7.35294117647058,1.98198198198197,1.06951871657755,7.42574257425741,-2.88624787775891,0.0,-2.43478260869565,-0.524475524475529,-0.881834215167545,0.0,-3.65630712979891,1.44144144144144,0.537634408602155,-1.45454545454546,2.99823633156966,1.90311418685122
0,0,0.0,3.03030303030303,-3.125,-10.3448275862069,-6.02150537634407,-2.64900662251656,1.30718954248365,-15.6171284634761,-1.53452685421995,5.55555555555554,10.9677419354839,9.88372093023255,-9.78723404255319,-9.04872389791185,-4.10628019323671,2.58823529411765,5.13392857142858,-5.41176470588236,-3.40632603406325,1.90930787589499,-1.20772946859905,1.19331742243438,-4.22885572139306,2.89855072463768,0.0,0.0,5.69476082004556,-1.85614849187935,0.0,-2.86396181384246,13.9630390143737,6.52591170825336,-5.67951318458418,-5.34188034188034,-3.76940133037694,13.4357005758157,-8.09128630705393,4.36507936507936,1.17647058823529,0.0,1.16279069767443,-3.40681362725451,0.992063492063489,3.26295585412668,-0.385356454720608,2.0754716981132,-0.569259962049341,-1.15163147792706,4.75319926873857,2.49554367201427,-1.08108108108109,-2.58780036968576,-2.65654648956358,6.06060606060607,0.0,2.43478260869565,0.519031141868516,-4.14414414414415,5.77249575551782,-1.9031141868512,-1.04895104895106,1.03806228373703,-1.04895104895106
0,0,-0.881834215167545,0.0,3.73514431239388,-0.856164383561641,0.0,1.84873949579832,1.81518151815181,0.980392156862753,-0.492610837438428,-0.495049504950499,-2.88624787775891,-2.43478260869565,-0.524475524475529,2.88624787775891,7.24409448818898,3.34855403348555,-2.17729393468119,-1.25984251968504,-3.75816993464051,-4.79452054794521,-4.09982174688056,1.92307692307691,1.03806228373703,8.10810810810811,5.12820512820513,2.5,-5.26315789473684,0.0,-4.53074433656958,0.802568218298567,2.65625,-8.65874363327675,-2.97202797202797,-8.53889943074004,-2.13178294573642,4.08921933085501,-1.31826741996234,-1.9193857965451,-5.67951318458418,9.87202925045704,5.36332179930797,-1.94003527336861,-3.65630712979891,-2.62664165103189,3.96396396396396,1.06951871657755,3.44234079173837,-0.519031141868501,0.0,-6.25,-1.11524163568774,-0.938086303939959,-0.566037735849061,-1.72744721689059,0.0,9.86159169550173,-1.04895104895106,-3.06306306306306,1.06951871657755,1.05820105820105,0.0,0.874125874125871,26.8542199488491
0,0,0,0,0,2.40963855421686,2.84280936454851,3.23624595469255,-0.980392156862739,-1.32450331125828,-4.13793103448276,0.684931506849316,0.0,11.1111111111111,4.92040520984081,-2.82738095238096,2.74963820549928,8.35543766578249,4.31472081218274,3.43137254901961,-5.15463917525774,1.89633375474084,0.252206809583853,5.48271752085817,3.89461626575028,3.10765815760266,-5.25700934579438,-5.67901234567902,-0.621118012422347,4.05244338498212,4.44191343963552,-4.64839094159712,8.00438596491227,1.93548387096776,-4.14333706606944,-2.99884659746251,6.16883116883117,10.2040816326531,-6.7427385892116,-1.26050420168068,3.44827586206896,-8.71003307607496,-7.46445497630333,-2.67639902676398,-2.87859824780977,1.72201722017221,3.09892729439809,-1.4510278113664,-2.73291925465837,1.58924205378972,1.80072028811525,-2.46002460024599,-12.1379310344828,2.55376344086022,0.13422818791946,-1.91518467852258,0.272851296043662,-3.09423347398031,1.25,-0.418410041841008,11.4814814814815,3.45649582836711,9.1991341991342,-18.1585677749361,-27.7777777777778
0,0,8.54816824966078,-6.65701881331404,0.432276657060522,-0.43415340086831,-2.52225519287834,-1.65912518853696,-1.68711656441718,0.761035007610361,-15.2631578947368,-1.60427807486631,-3.125,-10.3448275862069,1.20240480961925,3.29457364341085,10.2608695652174,2.37691001697792,-3.33333333333332,-3.63636363636364,1.4336917562724,1.06382978723404,-1.9891500904159,1.95035460992907,6.93069306930693,-2.36486486486486,-1.36986301369863,-4.6594982078853,-4.10447761194029,3.42342342342341,8.41584158415841,-6.87830687830687,0.0,3.40715502555367,-3.5273368606702,1.39130434782609,3.84615384615385,-0.504201680672273,2.77777777777778,-1.83028286189684,1.79738562091504,-4.25894378194208,2.32945091514143,-1.00840336134453,1.81518151815181,-0.331125827814562,3.04975922953452,6.31578947368421,-8.13008130081301,1.59999999999999,0.159744408945684,1.10584518167457,0.314960629921253,3.34855403348555,0.904977375565605,1.33928571428571,0.0,-5.32915360501567,0.312500000000007,0.4665629860031,-3.21027287319421,-1.30081300813008,1.28410914927769,-1.79738562091504,-4.08163265306123
0,0,2.3972602739726,-2.99823633156966,0.0,-2.16216216216216,0.359066427289057,0.713012477718361,1.05820105820105,1.39130434782609,4.3261231281198,-8.28828828828829,-0.180505415162451,-0.727272727272728,0.542495479204344,-1.65441176470588,1.98198198198197,0.359066427289057,1.76366843033509,-2.16216216216216,4.47504302925989,0.513698630136991,0.511073253833054,-2.08695652173913,5.11551155115511,-4.84429065743944,1.02739726027397,-2.27670753064798,-1.24113475177305,-1.62162162162162,0.537634408602155,2.44755244755244,-1.41843971631206,-1.07526881720429,-0.90415913200723,1.24999999999999,-1.26582278481012,0.0,-1.65441176470588,-0.554528650646955,-1.50093808630394,3.61663652802894,-2.78810408921934,0.0,0.0,-0.373134328358201,-1.13207547169812,2.03327171903882,-0.557620817843871,0.920810313075503,-1.30597014925372,0.924214417744914,-0.932835820895519,-2.87907869481766,6.63082437275986,6.21848739495799,0.0,4.49438202247191,0.0,-1.79738562091504,0.0,-1.32450331125828,-2.54668930390493,-0.170068027210881,-6.90909090909091
0,0,-2.85714285714286,2.29885057471264,4.54545454545455,2.14723926380368,-3.65659777424483,3.08166409861325,1.21765601217656,1.79372197309417,0.0,-4.858934169279,-2.73752012882448,3.72093023255814,-1.09717868338558,-1.43084260731319,-0.96308186195826,-2.4671052631579,-16.6986564299424,11.5449915110356,-0.856164383561641,-5.22522522522523,5.77249575551782,0.506756756756761,1.00334448160536,-0.504201680672273,1.81518151815181,1.46341463414635,-0.490196078431377,-0.990099009900998,-2.88624787775891,1.99667221297837,-2.03735144312394,0.338409475465321,-2.78260869565218,3.68509212730318,5.98425196850394,-0.315955766192726,-2.42718446601942,-0.651465798045603,-0.82101806239737,2.24719101123596,-5.23648648648649,2.31023102310231,-0.331125827814562,-2.02702702702703,0.504201680672273,-0.506756756756761,-2.95652173913043,-2.49554367201425,-1.44665461121157,0.360360360360353,0.0,0.0,-3.15985130111524,-2.08728652751424,-1.15163147792706,-0.968992248062012,-1.1764705882353,1.73410404624279,0.954198473282439,0.0,1.68855534709193,3.09090909090909,-8.48126232741617
0,0,0,0,0,-2.868068833652,-0.38387715930903,3.51851851851853,-1.8867924528302,-1.72744721689059,0.0,-1.55945419103314,0.0,8.55614973262033,1.92307692307691,-1.96078431372548,-2.00000000000001,-2.23048327137547,-0.938086303939959,-5.75396825396825,0.0,0.0,0.0,2.89017341040463,-3.38645418326695,-1.20967741935483,-2.90456431535269,3.98406374501991,0.0,1.56862745098039,-5.80912863070538,-1.26050420168068,-1.70940170940171,-1.07991360691144,-3.81165919282511,0.446428571428582,-0.448430493273553,-2.29357798165137,-1.16009280742461,0.0,-3.35731414868105,4.35779816513762,6.83760683760683,-1.29870129870129,0.215982721382285,5.89430894308943,2.95857988165681,2.68714011516314,4.75319926873857,-3.20754716981132,-0.569259962049341,-1.54142581888245,-2.97619047619048,-0.398406374502001,-1.00603621730382,-2.47422680412371,1.62271805273834,-2.28215767634854,-4.32900432900433,6.28803245436105,6.45161290322581,-1.34615384615383,-1.5625,-0.986193293885598,-52.710843373494
0,0,0,0,-1.89075630252101,-4.38596491228071,10.0591715976331,1.16959064327485,2.09923664122138,-3.35305719921104,-1.60320641282565,0.992063492063489,-1.61290322580645,3.31384015594542,-0.588235294117652,-1.19047619047618,1.75438596491228,-5.33880903490759,-1.88284518828452,-3.23974082073435,2.73109243697479,3.44827586206896,-4.89361702127659,0.423728813559313,0.840336134453782,-0.63424947145876,-3.95604395604397,2.15053763440861,4.12371134020617,-1.89075630252101,-3.7037037037037,-0.657894736842111,0.0,0.0,0.0,2.14592274678113,-2.86975717439293,-0.443458980044356,0.44150110375277,0.0,1.30718954248365,-0.657894736842111,-1.10864745011086,-2.73348519362187,-4.02843601895734,-0.956937799043063,0.0,-3.20987654320987,-3.84615384615384,-7.14285714285714,-6.12244897959184,2.27920227920227,-5.08982035928144,-1.21212121212121,2.94117647058824,-3.3434650455927,2.37388724035609,5.60224089635854,3.77358490566038,-2.2038567493113,-3.41880341880342,0.0,-3.23529411764705,-2.40963855421687,-23.8805970149254
0,0,-1.87499999999999,-1.26582278481013,-1.28205128205128,6.58682634730538,0.0,-1.51975683890577,-1.85758513931889,2.71084337349397,-0.911854103343459,-11.5254237288136,4.53074433656957,0.961538461538469,1.57728706624605,-0.634920634920636,1.25391849529781,-4.24836601307189,1.92307692307692,0.319488817891367,1.88087774294671,-11.5384615384615,3.05084745762713,-8.45588235294118,-6.25000000000001,-0.392156862745107,9.25266903914592,-10.1960784313726,-8.51063829787233,5.24193548387096,-2.47933884297521,12.9496402877698,-6.51340996168582,1.87969924812031,2.20588235294118,3.20284697508896,-7.66283524904215,-1.16279069767441,0.0,-5.73770491803279,-7.48898678414097,-24.0437158469945,-7.64705882352942,0.0,10.5263157894737,-9.82658959537572,3.35195530726257,7.25388601036269,5.85365853658536,-9.62566844919785,0.53191489361701,-0.534759358288759,0.0,-1.6304347826087,-1.65745856353591,1.6304347826087,0.0,11.1111111111111,32.3529411764706,-3.72881355932203,-0.682593856655291,-0.342465753424665,-10.6060606060606,1.49253731343284,-18.0616740088106
0,0,-12.5,13.1782945736434,-3.6144578313253,-7.32758620689657,12.7819548872181,-6.82730923694779,-4.62184873949581,-1.70940170940171,-1.73913043478261,-4.54545454545453,0.0,5.17241379310343,-7.90697674418604,5.28634361233481,9.92063492063492,-4.56431535269709,3.21285140562249,0.0,-2.04918032786886,-7.48898678414097,4.62184873949579,0.0,-3.47826086956522,2.1276595744681,11.6541353383459,2.20588235294118,-6.66666666666668,1.16279069767443,0.0,-3.6144578313253,2.35294117647057,0.0,-2.40963855421685,1.19047619047618,-1.20481927710843,-0.403225806451622,-0.404858299595133,1.98412698412698,0.0,0.0,-2.0242914979757,0.0,-5.10638297872341,-2.17391304347827,-6.97674418604651,6.52173913043478,0.862068965517242,-1.75438596491228,-4.58715596330274,-1.39534883720931,1.37614678899084,-1.39534883720931,0.0,1.37614678899084,-1.39534883720931,1.37614678899084,-5.31400966183576,0.0,-12.5,9.35960591133004,5.58139534883721,5.28634361233481,-11.2745098039216
0,0,0,0,0,2.42914979757085,-3.78151260504203,0.0,0.0,-11.7370892018779,2.29357798165139,3.9647577092511,-2.71493212669683,2.6431718061674,2.1551724137931,-3.57142857142855,2.6086956521739,0.862068965517242,0.0,1.27659574468086,0.843881856540085,-2.15517241379312,0.0,4.13223140495868,0.0,-4.31034482758621,-3.57142857142855,-2.75229357798165,-3.80952380952381,-1.44927536231885,6.33484162895928,-3.75586854460094,0.0,0.467289719626179,4.46428571428572,2.6086956521739,-6.97674418604651,2.27272727272728,-2.32558139534885,-3.86473429951691,2.81690140845071,-2.89855072463768,1.42857142857144,-2.94117647058824,-1.49253731343285,1.47058823529413,1.44927536231883,1.8957345971564,-3.4313725490196,5.11627906976744,-5.39215686274509,7.69230769230769,-3.75586854460094,0.0,-2.40384615384615,-0.483091787439625,3.27102803738319,0.465116279069758,0.0,-2.38095238095237,0.0,0.0,-4.47761194029852,1.47058823529413,0.0
0,0,0,-2.94117647058824,0.0,0.0,4.67289719626169,0.465116279069758,-5.39215686274509,7.69230769230769,-1.37614678899082,-3.80952380952381,1.40845070422534,-1.42857142857142,0.0,1.40845070422534,-0.9478672985782,-0.476190476190466,2.32558139534883,1.37614678899084,0.90909090909091,0.452488687782796,4.74137931034482,4.91803278688525,-2.52100840336135,-1.27659574468084,1.26050420168066,2.45901639344263,8.27067669172933,-4.31372549019609,-1.19047619047618,3.44827586206896,0.0,0.0,-3.57142857142857,-4.56431535269709,-3.8793103448276,-2.20264317180616,2.1551724137931,0.854700854700855,0.425531914893627,0.0,-2.17391304347827,-1.32158590308369,-2.25225225225224,3.4782608695652,-2.67857142857141,-0.900900900900902,0.892857142857143,-2.75229357798165,0.0,-0.460829493087568,0.0,0.0,-1.87793427230047,-1.42857142857142,0.473933649289089,0.0,-5.49999999999999,1.47783251231526,0.490196078431384,1.44927536231883,1.42857142857144,-2.94117647058824,47.012987012987
0,0,3.36538461538463,-6.12244897959184,0.0,12.5,-4.18604651162792,1.37614678899084,-0.460829493087568,3.12500000000001,4.68085106382978,1.26050420168066,1.24481327800831,-7.58928571428571,1.32158590308369,2.1551724137931,-0.869565217391305,0.0,-2.67857142857141,1.32158590308369,3.40425531914894,-2.17391304347827,-1.32158590308369,0.0,0.0,-2.71493212669683,3.91304347826086,-3.60360360360359,3.4782608695652,2.1276595744681,3.68852459016393,3.17460317460318,0.0,8.36363636363636,6.77966101694916,7.52351097178683,5.05952380952381,-6.66666666666667,-1.94174757281554,-9.96441281138789,-3.30882352941176,1.09090909090908,-3.38345864661654,3.27272727272727,-2.23048327137547,0.0,1.46520146520147,7.45762711864407,6.94006309148264,-1.6025641025641,-9.47368421052632,0.349650349650342,2.05479452054795,-2.0979020979021,6.53594771241831,2.85714285714285,0.0,0.630914826498423,27.7904328018223,-14.025974025974,-2.66666666666667,1.31578947368421,-0.795755968169756,2.07792207792208,63.0872483221477
0,0,0.0,4.22885572139302,-1.2594458438287,0.0,0.749999999999995,1.96078431372549,0.0,1.44927536231883,-1.47058823529411,2.15827338129496,5.4421768707483,-0.455580865603655,-3.29411764705882,-4.93827160493828,0.0,3.34128878281624,0.0,-2.44498777506114,-0.987654320987655,1.45985401459855,3.06603773584905,-2.41545893719808,-1.47058823529411,6.20689655172413,1.58371040723983,4.32900432900433,-6.45161290322581,4.19426048565122,4.22832980972516,-0.638297872340431,1.87891440501044,4.00801603206413,18.4640522875817,0.970873786407761,-3.86554621848739,2.77777777777778,5.55555555555556,4.98533724340176,9.18774966711051,0.0,-3.58620689655172,3.84615384615385,4.91803278688524,4.11124546553809,1.78147268408551,-14.7138964577657,2.65251989389921,1.0498687664042,2.18228498074454,-4.56375838926174,0.401069518716581,1.44927536231883,-1.47058823529411,2.98313878080414,3.5043804755945,7.20092915214865,13.7274549098196,3.76084860173576,1.33206470028545,1.40712945590995,-3.89863547758285,1.62991371045062,23.6456808199122
0,0,0,0,2.12373037857803,4.4973544973545,16.6176470588235,4.76190476190476,0.970873786407771,-0.347947112038975,-0.419287211740033,-6.63189269746647,12.6302083333333,-3.15648085963733,4.79539641943734,1.44927536231883,2.75735294117648,-1.9362898188632,1.41625615763545,1.21654501216547,-0.797057020233002,-11.5595075239398,6.04113110539847,5.006105006105,9.10099889012209,13.614573346117,15.5807365439094,1.78855325914149,5.0566037735849,8.93470790378007,1.35593220338983,-11.954459203036,1.49532710280373,9.13722826086957,16.2208309618668,-7.72532188841203,-12.9501385041551,11.5196078431373,5.28148578061521,-3.32833583208396,4.79588923779617,-2.24751897256276,-6.23255813953488,5.23067881281223,8.12634989200864,0.0,5.82252733282481,24.5250431778929,-14.9316277018085,-21.947283485745,-1.19760479041916,-12.1147390906317,1.50285542530809,5.32157085941946,-29.1911764705882,-54.457694491766,10.381679389313,-11.2054329371816,-3.57561547479486,-6.55840099937537,-10.1100412654746,-12.800620636152,-15.1921358355675,18.0819912152269,59.3089067619899
0,0,0,0,0,14.9632052330335,27.1156138259833,-9.67320261437909,-22.6944667201283,-0.483481063658344,-6.06837606837608,2.6622296173045,-19.4831013916501,-6.90754516471839,18.809318377912,-2.02464788732395,-0.0881057268722448,-5.38532961931291,7.07506471095772,1.696352841391,3.9119804400978,15.9013022618232,21.5169445938677,-1.58469945355191,-3.68271954674222,6.36604774535811,5.3714859437751,-6.92431561996781,-8.82009345794391,-16.3834126444596,7.30938878386893,9.82954545454547,7.70844257996853,7.56180319922442,-2.89276807980049,-2.19164118246687,-12.6938541068352,-4.31396045536249,-9.94729907773387,8.88355342136855,-7.55326016785023,-3.5427807486631,9.38824954572986,7.662192393736,0.167504187604696,13.3107454017425,17.0947030497592,0.280112044817914,3.62514462013113,7.29352878083661,-3.28655834564254,-0.445103857566756,-1.58251695553882,13.4377038486628,6.49588289112534,-3.30812854442344,2.18798151001542,-6.81369321922319,-5.19390581717452,3.41137123745819,-1.94340265939311,8.79975124378109,2.9278599456686,1.31069407208817,14.2747701736466
0,0,0,0,0,2.48554913294798,-1.3177159590044,3.44925077749505,1.28384035724254,5.26176626123745,-7.9337899543379,-5.95706078016329,8.26629680998612,3.55805243445694,-7.16743119266055,2.62423227247347,-4.03717688062736,0.977854472246199,-5.23607748184021,5.05747126436781,-2.11267605633802,-9.4412331406551,-3.42079043507141,3.46264828470664,2.71366188396756,6.58508158508158,1.54905335628227,5.37459283387623,-3.28006728343146,-4.85008818342151,-4.8382126348228,1.45763741269358,2.08147487362475,-1.93998181267051,1.02010201020101,0.626118067978536,-8.36833602584814,-0.748697916666668,-0.75434568711053,-1.29568106312291,1.73032974208292,-1.72700099634673,1.53695225637671,3.56354462314728,8.59037186509079,-5.66554980201035,-5.32563362207249,-6.63701676359905,-0.827871679889624,-0.694685654741227,-5.61261922230373,-0.220588235294126,1.01892285298399,-6.55292749127569,-5.22235822113422,4.96316401706087,-0.781555295037121,11.2998266897747,8.12101910828025,-1.84884852416478,5.40042957962567,9.01730876605248,14.7751605995717,-7.32890704800818,-4.37100213219614
0,0,0,-0.570012391573722,-0.124069478908199,-2.51844314423809,-3.52910192257046,-0.502911593435674,6.11332007952286,-0.0248570718369503,3.54830975785184,12.7588370633759,1.90808370947887,-3.41608317419902,3.75740249132121,6.98955365622032,3.34128878281623,-2.94840294840295,-0.532015960478803,-8.60503508047875,-5.05094298721005,2.18405428329091,13.3247564785885,0.256645279560038,-1.46949404761905,7.18232044198896,0.583590799862678,-1.87095646091974,-5.4971407489393,0.477326968973743,2.43596632634784,-26.2836462338837,-1.84289334254781,3.61900532859681,-6.25147440434064,-9.59152016546019,-16.5762507534659,-2.88372093023256,-3.00223570744172,7.22962962962963,13.5723431498079,-8.83500557413599,-5.77830188679246,-6.66666666666667,12.4690338563171,-5.0911194677466,10.440414507772,1.58082610912799,7.8044193700047,13.7294666396269,-3.70136698212409,-11.2020579981291,-1.6884661117717,-5.09872531867033,1.96030384709631,0.0,-2.56345815531541,-6.36193531141407,-8.02772162864566,4.83649354218191,7.42813533452048,6.53827864954826,0.260848944747449,-12.3933901918976,-104.023926046765
0,0,0,0,-15.2308752584424,-8.48598130841121,-19.9551569506726,-5.4872280037843,5.32915360501566,-3.42751273737841,14.9665222528555,2.30858022316275,-6.03835169318644,-3.81194409148667,3.35652885796152,9.45144551519644,11.424819435325,1.58319870759289,-2.24644862900562,-3.69989722507707,10.8157653528872,6.56580074222097,-7.12538226299694,-9.36454849498329,-3.03239145416953,4.66491458607096,6.10734114743985,-4.37862202189312,-1.47010780790591,-2.47740207566119,8.65443425076453,-2.83018867924529,-7.07070707070708,2.23831468071099,-8.07541800071149,0.425079702444212,-4.0929203539823,-13.6630343671417,3.86784850926672,7.0063694267516,-12.0016785564415,5.09757068896854,-0.119617224880387,2.63975155279504,-3.08123249299721,-4.34237995824634,-7.64044943820224,-5.80123632905373,-1.74165457184325,-20.947922761849,12.133676092545,-6.98569856985698,-1.0561423012785,-10.9808760024676,16.3570691434468,-3.74732334047109,-10.7947805456702,-10.5573770491803,7.68765133171913,9.03083700440529,6.63239074550128,-9.45413618458075,0.448179271708694,2.93637846655791,35.9456635318704
0,0,0,-10.5376344086022,13.7824474660074,-7.72303595206392,7.73955773955775,12.5201504567437,-4.5505617977528,13.717886572952,-5.25510204081631,7.80809031044214,12.3660346248969,-3.41005967604433,-8.26026765113059,-7.81094527363184,-5.62270099842354,6.71568627450979,3.81895332390383,4.24379232505642,7.74677217825907,4.38072481083233,-1.7010935601458,-2.91788245102127,6.36221701795473,1.72612197928653,0.572082379862695,0.832072617246605,-4.13548641197322,-0.157790927021693,-3.80835380835381,2.04572803850781,8.44656628718326,1.23322451940515,-1.7718715393134,9.85024958402663,0.430748840291581,-8.75675675675676,7.89910388317291,1.1158516573679,-3.18320352184219,-4.86505681818182,-0.106647707074302,6.26457847384206,6.18943419818692,8.3643655113148,-3.74442793462109,3.71959942775395,-3.89417360285375,-7.99357945425362,0.28809218950064,-4.02930402930402,-4.59770114942529,3.49579831932773,-0.95011876484561,-0.855578370978782,8.17096165933376,1.4860681114551,-11.0347198349948,-9.89799773328297,-1.96456086286594,3.92301998519615,3.6376604850214,2.33368164402648,-106.695464362851
0,0,0,0,0,0,0,-7.42725880551301,-5.11066398390342,2.04966495861253,-6.23953098827472,-9.04109589041096,-1.76579925650557,2.31502496595552,-17.4307036247335,0.845665961945032,1.25260960334028,-1.59066808059385,4.79555779909137,-6.21983914209115,-6.81557846506299,8.10526315789473,8.521906596052,2.44246124941287,-4.10757946210269,1.68269230769231,-1.21654501216545,-2.34063745019922,1.27826941986235,-2.77918140474988,-0.405885337392178,-4.34092112228693,-1.28686327077749,1.1134676564157,3.77551020408164,-0.667693888032884,-8.28698553948831,6.40291514836023,-10.5929763960852,-1.99647680563711,-1.91502094554159,8.73839432004368,9.17658730158731,2.3728813559322,-0.437743190661478,-4.47154471544715,2.95857988165681,-1.19760479041917,-1.36570561456752,-1.38461538461538,1.01522842639594,-2.92580982236154,-1.216287678477,1.45909327774883,-17.5857843137255,-7.93650793650794,-13.6842105263158,-6.57051282051282,-5.4945054945055,-0.595238095238098,8.41121495327103,1.38248847926267,9.64607911172797,-3.74370050395968,41.8098031001257
0,0,5.86781964175418,-7.21854304635763,6.90505548705302,-2.85351934051997,10.7021517553794,2.64608599779493,7.16479017400204,-1.98329853862212,5.28917449332674,4.3498817966903,-10.2711157455683,4.24363454817774,1.71736997055936,3.04471931493816,-3.54679802955664,2.12150433944068,3.80333951762523,3.75,-3.94431554524361,-6.20995564317399,2.73250239693193,0.0,-3.62642821659215,3.40690978886757,4.2279411764706,6.40860215053763,1.39949109414758,-4.19796730004419,0.39612676056338,3.15430520034101,-3.53045013239188,4.74989491382934,-0.210614995787703,8.12693498452013,-4.57304734925131,-0.0404858299595205,2.94695481335953,3.04761904761905,-3.34645669291339,-5.08895324782787,4.80504135486412,1.55098875533152,-2.74900398406374,5.74539992489672,3.09315866084426,2.51862362539908,-4.71768202080237,-0.0371609067261299,-2.28050171037629,-4.778972520908,1.21951219512196,-2.00642054574639,1.88976377952755,3.75142099280031,-0.265957446808512,-9.52975447357469,4.52920143027414,1.29411764705882,-0.51241623965313,-2.62944983818771,2.13776722090262,-5.8232090490155,-57.1428571428572
0,0,0,0,0,0,0,3.88612742882964,-4.83183325438181,-3.48039215686275,-7.99364743250396,8.21185617103983,2.74102079395086,-7.84913353720693,0.355510411376335,-1.18191161356629,0.0,-3.73134328358209,-1.95652173913045,6.12244897959185,1.30916414904329,-0.863382427628228,-7.71334792122538,0.163844893500806,4.0356394129979,0.728407908428723,-2.72581507215392,4.4920877998979,-6.75749318801089,-2.05784204671858,6.4516129032258,0.569063631660628,10.0511865984179,-0.0931532370749864,-8.32492431886982,1.39303482587065,-14.2045454545455,0.452488687782796,-9.06847624922886,1.75757575757575,-7.14285714285714,3.62953692115144,-4.92449113591596,-2.55892255892256,2.1094264996704,4.8306148055207,-2.83870967741935,9.19742237844171,-5.89330024813895,2.89156626506024,-1.52905198776758,-3.41555977229602,0.566037735849056,-2.58064516129033,2.69930947897049,3.97830018083183,-2.66089108910891,-3.06122448979592,6.94362017804155,-1.50602409638554,-6.75241157556271,1.76879343019583,-1.02105934907467,-3.15997366688611,-64.7505422993492
0,0,-4.09722222222222,-0.699300699300697,-5.0698016164585,-7.41910023677979,-4.97100248550124,7.36761320030698,3.05059523809524,0.222717149220498,0.883002207505513,2.72011453113816,-3.48148148148149,3.70898716119828,-4.4709388971684,-5.66929133858268,-3.58890701468189,-2.16666666666667,-5.82010582010582,1.47697654213727,-6.77179962894249,-0.0928505106778068,-1.98863636363635,-3.02439024390244,-1.18460019743336,-7.65143464399576,-3.29308452250275,8.07265388496469,-1.64102564102564,0.408580183861074,1.4098690835851,11.2600536193029,-2.37877401646843,-1.20370370370369,4.92957746478872,-3.17892824704813,-6.58276863504356,-0.584225900681602,10.695652173913,-6.08856088560886,2.34234234234234,-4.61828463713478,-1.5311004784689,-3.36300692383778,-10.6126914660831,0.109289617486336,-0.328947368421065,-7.29411764705881,1.16279069767441,1.03567318757192,-9.58385876418663,-1.14795918367347,2.24438902743142,4.97630331753554,10.4984093319194,-0.963597430406851,-5.29875986471252,-8.43520782396087,0.12210012210012,4.76744186046512,-5.65110565110564,3.8961038961039,7.73420479302831,0.433839479392635,-28.4122562674095
0,0,1.98757763975157,2.54237288135592,-0.121212121212119,-3.38345864661654,-6.25832223701732,6.35910224438903,4.29594272076374,1.41176470588234,5.23968784838351,5.57894736842105,-8.44748858447489,-3.05882352941176,-0.117785630153119,-2.66021765417171,4.61361014994233,3.12849162011172,1.10497237569062,7.93489318413021,6.02294455066922,0.190839694656484,-1.15830115830117,-7.91666666666667,-9.96563573883161,11.9071644803229,-1.74537987679671,9.47955390334572,4.9469964664311,3.74149659863945,-12.4282982791587,10.445205479452,-4.84739676840215,0.446827524575504,-3.6111111111111,1.18938700823421,-1.29749768303986,-5.7843137254902,-7.93650793650794,-1.94174757281553,-12.5,-0.243309002433085,4.19580419580419,-10.1412066752246,-8.04438280166436,4.24966799468792,-7.87965616045845,4.90463215258855,1.60857908847185,-0.26881720430107,1.19521912350597,-3.86206896551725,5.47588005215124,-2.95302013422818,-0.948509485094855,3.78096479791395,-5.06849315068493,-8.63095238095238,-11.0743801652893,3.66242038216561,10.7954545454545,1.53846153846154,-4.68521229868229,4.87465181058495,-8.45921450151057
0,0,-1.44300144300145,-6.77966101694914,0.307219662058365,1.21396054628225,-5.27156549520767,5.29500756429653,4.47976878612716,9.4240837696335,4.1405269761606,0.747198007471975,3.25301204819279,-2.46913580246915,0.369003690036914,-3.17258883248732,-0.382165605095545,-4.80640854472629,4.21994884910486,-1.55844155844156,5.28905289052891,4.12735849056603,-3.54090354090355,0.121951219512193,1.79640718562875,2.22482435597189,-2.2754491017964,0.238948626045395,-3.2059186189889,-1.62907268170425,1.48148148148147,-1.50375939849623,5.56213017751478,1.51515151515152,3.7037037037037,-0.112359550561795,6.21707060063224,2.16494845360824,-14.3867924528302,1.73812282734647,-4.47941888619856,4.50867052023122,-0.348027842227391,1.1467889908257,-0.576701268742799,-7.97011207970113,-2.6854219948849,-1.16429495472186,-1.44356955380578,-4.38356164383562,0.949796472184536,0.940860215053767,-2.76243093922652,-1.40056022408964,-0.421940928270033,-1.86246418338109,-1.01302460202605,0.432276657060522,0.143884892086328,-1.01744186046512,-1.47492625368731,-2.41691842900302,-2.31839258114375,2.26586102719034,-44.5414847161572
0,0,0,0,0,4.47552447552448,-1.13154172560113,-2.91120815138283,1.15107913669065,0.143678160919537,1.55586987270156,-1.58045977011495,-1.90336749633968,4.20757363253857,-2.00286123032904,-3.09734513274336,1.88133140376266,-0.875912408759131,-3.47432024169184,-8.16993464052288,-4.61538461538462,0.510204081632657,-2.08333333333334,0.173310225303289,-2.48667850799289,-5.62851782363977,-6.3872255489022,1.95694716242662,-0.392927308447946,-3.24543610547668,0.804828973843059,-2.05338809034907,-1.88284518828452,0.8298755186722,1.63265306122449,-2.72536687631029,-0.63291139240505,1.04384133611691,-5.97345132743364,0.440528634361244,-0.88888888888889,-1.35135135135134,-0.225733634311528,-1.14155251141552,-3.30188679245282,-0.47393364928911,-2.17917675544794,-0.48661800486617,-1.48148148148149,-3.84615384615384,0.76335877862596,5.75539568345323,0.71428571428572,3.44827586206895,6.45161290322582,-0.215517241379325,1.90274841437634,4.63709677419354,-8.29694323144104,1.07991360691144,0.215517241379306,4.32989690721649,-2.97239915074309,-2.83842794759825,25.6493506493506
0,0,0,7.09219858156027,-2.35934664246824,-2.03703703703703,0.552486187845292,-4.62427745664739,-5.06072874493927,-1.8556701030928,2.61044176706829,-1.21951219512196,-3.79746835443037,-0.423728813559332,2.47933884297521,2.22222222222223,6.95488721804511,-2.11132437619962,-4.61847389558232,5.50284629981023,0.378071833648402,2.03703703703704,0.552486187845292,5.40069686411151,-3.23741007194246,8.09917355371901,-0.331674958540623,-3.60824742268041,5.67260940032414,2.6813880126183,2.90964777947933,0.0,-2.51177394034537,-3.74592833876222,-4.95726495726496,-0.515463917525762,1.18845500848895,3.28407224958949,6.59509202453987,8.29817158931084,1.11265646731572,-3.75180375180376,0.144092219020183,1.69971671388101,-0.713266761768899,2.63888888888889,6.12777053455019,-2.13049267643143,-5.47752808988764,0.140252454417949,6.91906005221932,5.78105781057811,-5.72171651495449,0.129870129870127,-0.522193211488251,-4.21768707482994,-10.6927710843373,3.20699708454811,-7.1875,0.0,2.58751902587519,1.79372197309417,-3.72093023255814,-4.70779220779221,-19.3798449612403
0,0,0.0,4.87444608567207,3.56125356125356,2.09205020920503,-1.99146514935988,1.54061624649859,1.92307692307693,-1.25173852573018,-2.27596017069701,-3.38235294117648,0.439238653001468,-2.70676691729323,1.33531157270029,-0.148588410104009,-3.6979969183359,2.69865067466266,5.39007092198581,0.282885431400289,-2.76162790697675,0.145137880986935,-3.45345345345345,-1.36986301369863,-7.17781402936379,-3.72250423011844,2.31404958677685,-3.5958904109589,2.99003322259136,6.81114551083592,-2.7027027027027,2.48062015503876,-2.38095238095239,6.66666666666667,0.295420974889211,-0.445103857566756,-0.148588410104009,-3.3794162826421,0.153374233128831,-16.4285714285714,1.40845070422535,1.0452961672474,-1.05633802816902,0.350877192982464,-0.352112676056346,-1.42857142857143,-2.75229357798164,4.21792618629174,6.72131147540982,-6.27177700348431,-0.878734622144109,-1.97132616487456,-1.63934426229508,3.00353356890459,1.39372822299652,2.54668930390491,-1.20274914089346,-4.1144901610018,4.28082191780822,-6.18181818181818,-3.18949343339587,-3.49514563106796,-0.585937500000005,0.775193798449613,11.4922813036021
0,0,-0.191938579654506,2.25140712945591,3.61663652802894,-1.65441176470588,2.33393177737881,0.535714285714274,4.27350427350427,-2.27272727272727,0.17452006980804,0.865051903114184,-2.12014134275619,-1.07142857142858,7.59075907590759,-6.69014084507042,1.0452961672474,2.71186440677966,-0.511073253833054,2.32945091514143,-2.03735144312394,-1.72711571675302,-0.871080139372819,-1.5929203539823,-5.80524344569289,2.90909090909091,2.13523131672598,-2.18181818181818,-6.79611650485436,-1.17878192534382,12.991452991453,0.0,-7.33944954128439,-3.61216730038024,0.378787878787887,-0.380228136882138,-2.13592233009708,-1.98019801980199,4.71698113207547,-0.378787878787871,-0.380228136882138,1.49812734082397,4.98220640569395,2.93609671848014,-0.520833333333338,-1.58730158730158,2.07253886010363,0.0,-4.70162748643761,-2.2181146025878,5.2539404553415,1.21107266435987,-2.30088495575221,0.0,0.528169014084496,0.0,-1.7921146953405,2.27670753064798,0.522648083623698,-0.174520069808024,-0.350262697022775,3.70994940978077,-0.67911714770798,-1.02915951972555,20.4638472032742
0,0,0,0,-1.49501661129569,10.4166666666667,1.03092783505155,-3.34855403348554,6.27674750356633,-0.286123032904143,-1.45137880986938,1.85185185185185,1.26582278481014,4.04858299595141,-0.679347826086954,-2.79329608938548,2.71739130434783,3.53866317169069,-4.8076923076923,-2.10378681626929,4.29530201342282,4.36456996148909,0.764331210191078,-5.65275908479139,-1.50273224043715,-0.411522633744859,3.31564986737401,2.83505154639175,2.1437578814628,-0.252844500632106,0.252206809583853,-3.25520833333333,-0.39215686274509,0.520156046814045,-3.49932705248992,0.134408602150547,-3.62116991643455,-0.279329608938542,2.71739130434783,1.20805369127517,-0.134408602150535,3.37662337662337,0.0,3.50877192982456,0.622665006226637,3.01932367149758,-5.88235294117646,-4.96644295302014,0.267737617135202,-3.03448275862069,5.22875816993465,-5.80912863070539,-2.55319148936171,5.87449933244326,-1.62822252374491,-1.79558011049724,-5.69343065693432,1.8624641833811,-1.89781021897811,4.7287899860918,-2.27596017069701,1.54061624649859,1.51724137931035,1.09140518417463,-8.4319526627219
0,0,0,0,3.6082474226804,-5.8663028649386,2.13618157543391,-0.943396226415098,1.85185185185185,-2.30040595399188,1.20320855614974,-0.80862533692723,1.59151193633952,4.91803278688524,-5.73333333333333,5.42244640605296,3.99515738498789,-2.3543990086741,7.02764976958525,-0.813008130081304,-5.38555691554467,0.729040097205352,-5.37772087067863,4.52322738386308,1.20772946859903,-0.485436893203873,0.483091787439603,-4.81012658227847,-5.61497326203208,2.60416666666666,3.27455919395467,-1.14649681528663,-2.08062418725617,-1.3175230566535,-1.87919463087248,-2.05479452054795,-2.24089635854342,0.83333333333334,3.87182910547397,3.22997416020672,1.65184243964422,-2.3407022106632,-2.26063829787235,1.82767624020888,-0.789473684210533,-4.6831955922865,-4.01146131805157,-0.287356321839087,-0.578034682080925,-5.00758725341427,-0.304414003044134,-0.152439024390254,0.15220700152208,2.37741456166419,-3.22085889570553,-0.772797527047911,-1.88976377952756,-0.474683544303787,0.784929356357925,0.778816199376944,2.28310502283106,-0.612557427258806,1.80451127819549,1.62721893491123,12.7741935483871
0,0,-3.68589743589743,2.34741784037558,-4.24143556280587,0.648298217179903,-1.14754098360656,2.08667736757626,1.57977883096366,-0.95693779904307,-4.3261231281198,-2.38500851788756,7.55905511811023,-7.26351351351351,3.4257748776509,-4.07470288624788,-0.683760683760684,5.03246753246754,-1.65016501650166,2.25806451612904,0.161030595813201,-2.98507462686567,-1.68634064080945,2.30642504118617,-3.93835616438357,-1.74216027874564,-3.79746835443038,6.9023569023569,2.14168039538715,-2.88135593220339,0.0,4.53074433656957,0.802568218298567,10.4885057471264,1.83356840620592,2.20689655172414,-3.12944523470839,-1.00574712643679,1.13636363636364,1.94986072423398,1.10192837465565,-1.11420612813371,2.44565217391305,0.94212651413189,2.62123197903015,-3.66847826086956,2.38726790450928,0.658761528326743,-0.796812749003979,2.08062418725618,3.14861460957179,-2.98313878080416,-0.521512385919166,5.19159456118665,-2.01765447667087,-0.126262626262624,-0.25316455696202,-2.99869621903521,0.0,-0.524246395806029,-1.86915887850467,2.60078023407022,2.53485424588085,-1.80645161290322,24.0940254652302
0,0,0.35971223021582,0.595947556615026,-5.80075662042876,-2.4547803617571,2.76381909547738,-2.18228498074454,-2.09698558322412,-2.14190093708166,3.36351875808539,2.76729559748427,-4.19397116644823,3.17258883248731,0.630517023959645,-3.52480417754569,1.41570141570141,0.384615384615388,2.62172284644195,0.988875154511744,-0.747198007471986,-0.249687890137323,-4.02597402597402,5.17241379310344,0.490196078431384,0.366300366300359,2.1505376344086,4.45205479452055,0.904977375565612,2.75027502750275,-1.67785234899329,-1.36054421768707,0.451467268623015,-2.1914648212226,1.14025085518814,-3.6643026004728,0.587544065804923,-1.79425837320575,1.29870129870131,0.352941176470581,2.29885057471264,0.229357798165153,2.46085011185681,1.97368421052631,-0.219780219780215,5.69948186528498,-2.33297985153765,3.08324768756424,2.2110552763819,-0.302419354838703,2.45821042281219,6.18081180811808,-0.55658627087199,-0.0928505106778068,-2.37642585551331,0.0949667616334263,-5.61685055165495,2.15897939156034,-0.39408866995073,0.684931506849318,2.75927687916269,-1.84108527131782,-0.486854917234671,-0.587659157688528,-22.4220623501199
0,0,0,0,0,1.71890798786653,1.68986083499006,-0.499500499500507,3.19148936170213,-4.0241448692153,12.1131741821397,-4.81927710843375,3.05480682839175,5.11508951406649,-1.03359173126616,-0.606585788561528,-0.962379702537178,-1.87165775401069,0.79575596816976,2.66781411359724,-0.258843830888692,-6.0384263494968,2.67141585040072,2.00698080279233,-2.23015165031222,-0.0892857142857282,3.03030303030304,-2.48447204968945,-4.73977695167286,-2.76981852913084,-2.14634146341464,0.48543689320389,-3.41365461847389,1.48367952522254,-0.797607178464607,-2.13849287169042,-1.86721991701245,0.823045267489713,-0.413223140495877,2.41935483870968,0.601202404809624,-1.62932790224033,2.09371884346958,0.0996015936254959,-0.702106318956856,1.87007874015748,-0.893743793445877,-3.17622950819673,-2.84510010537407,-1.60599571734476,-1.41150922909879,3.45911949685533,-1.59744408945685,-2.51091703056769,-1.10375275938189,-0.110497237569058,2.68817204301075,1.58730158730157,2.27507755946226,-0.311203319502068,-4.21621621621622,-7.55813953488373,1.14942528735632,-4.31654676258992,-17.4647887323944
0,0,1.75438596491229,2.20588235294117,-1.6189290161893,-0.500625782227774,1.11386138613861,-2.27848101265822,-1.54241645244216,-3.18302387267905,2.96010296010295,-1.43603133159268,0.648508430609596,-1.71503957783641,2.82051282051282,-2.49671484888304,3.05732484076432,1.00882723833544,-2.85343709468223,-5.9065934065934,0.682128240109138,-0.136612021857921,-2.37762237762238,1.10650069156293,4.49141347424042,5.25657071339174,1.84275184275185,2.04572803850782,-0.362318840579724,-0.485436893203873,-1.98019801980198,-1.0,-2.04081632653061,1.13493064312736,0.0,-0.890585241730272,-1.55038759689923,0.0,-2.51655629139073,1.43603133159269,-0.261780104712048,-2.41286863270777,-1.22116689280868,0.405405405405409,-3.4965034965035,-0.988700564971756,-2.01729106628242,-0.725689404934698,1.57142857142858,1.26939351198871,1.39082058414465,-2.42165242165243,-1.88679245283019,1.00574712643679,0.995732574679947,2.08913649025069,3.10391363022943,0.134770889487868,-2.62793914246196,-1.11888111888112,-1.27478753541078,3.41997264021888,0.136612021857933,-3.09859154929578,28.3551967709385
0,0,1.21130551816958,2.87581699346406,4.13533834586466,0.374531835205985,-1.6497461928934,0.37926675094817,-0.12658227848101,-0.253807106598991,0.37926675094817,-0.12658227848101,4.00972053462941,-0.121654501216542,-0.488997555012236,-4.60358056265984,1.75879396984924,-0.505050505050506,0.751879699248126,0.0,-0.503778337531487,1.48883374689826,0.73891625615762,-2.1383647798742,-0.252206809583865,-4.6174142480211,0.785340314136121,-0.658761528326743,1.42857142857143,-1.58311345646438,1.0443864229765,-1.72642762284196,0.0,-0.534045393858478,2.85343709468223,-1.18110236220472,7.41190765492102,0.603864734299504,1.19331742243438,-2.19512195121953,3.30188679245284,3.19634703196346,2.23214285714287,0.0,-2.51716247139589,2.88888888888889,1.63934426229509,2.65957446808511,1.26050420168066,-1.06157112526539,-1.07296137339055,-0.431034482758631,0.535905680600222,1.16525423728813,-2.16450216450216,-1.53846153846154,-1.67597765363129,-0.33632286995515,1.21816168327796,1.63398692810458,-1.32450331125827,2.58064516129032,3.82626680455015,2.42179616548941,-5.09013785790032
0,0,0,-3.15040650406505,-3.90707497360084,3.26864147088865,-0.616649537512834,-2.96296296296298,-3.61842105263158,0.653594771241836,2.65111346765642,-1.18025751072961,-1.1943539630836,3.96246089676746,0.724637681159423,0.923076923076922,0.0,-1.45681581685745,-0.839454354669466,-2.69396551724138,-5.33484676503971,-0.227531285551779,-2.20930232558139,0.921658986175116,-1.04772991850989,-1.89798339264532,2.65588914549654,-1.05017502917153,0.464576074332162,1.60000000000001,-0.922722029988467,-2.24056603773584,0.58616647127783,-1.78997613365153,3.56731875719216,1.13765642775881,-0.457142857142847,1.79573512906846,1.10987791342952,-0.44593088071348,-3.22209436133488,0.685714285714291,-0.459242250287017,2.24466891133557,0.112107623318383,-0.790960451977404,0.673400673400679,0.223964165733478,1.32596685082874,0.220507166482906,3.51063829787234,1.46750524109013,0.104712041884833,-2.02991452991454,-3.1973539140022,-0.55432372505544,-0.333704115684086,2.9157667386609,1.90677966101695,1.76899063475546,-2.01698513800424,0.842105263157895,0.210084033613441,-0.954400848356308,20.2874049027895
0,0,0,0,0.205338809034903,1.51668351870577,-0.30425963488845,-0.407331975560073,2.19123505976095,-0.0997008973080737,1.76297747306564,-1.69322709163348,0.495540138751246,-0.498007968127497,-1.51668351870575,-1.02145045965272,0.406917599186174,0.304259634888432,1.20240480961925,3.4816247582205,-3.1936127744511,-3.08641975308641,-0.102986611740472,-0.830737279335411,-0.521920668058463,-0.209205020920498,6.27450980392156,0.195694716242675,7.42753623188405,0.630063006300633,-3.9289055191768,1.2014787430684,2.16998191681736,0.0903342366756982,-1.46654445462878,-0.645756457564578,0.550458715596335,-0.0918273645546353,1.17967332123411,5.48885077186964,-0.171821305841921,0.512820512820502,1.59798149705636,-0.252951096121426,-0.338409475465306,-0.424808836023795,0.423011844331647,-0.0846740050804385,1.33667502088555,2.76198212835093,1.44115292233787,-0.240770465489561,0.558659217877083,0.476568705321688,0.86614173228346,-2.75080906148867,-6.09442060085836,-0.431034482758627,1.27659574468085,-0.255972696245728,-1.3840830449827,1.36518771331058,0.762066045723961,0.169061707523242,-3.31877729257643
0,0,0,0.0859106529209604,-3.74331550802139,-1.63043478260871,-1.09890109890109,-3.60531309297914,3.83211678832118,1.61579892280072,0.0,3.46620450606585,1.28314798973482,-0.949913644214157,0.515463917525777,-0.258397932816547,0.343347639484986,0.256849315068488,0.0855431993156526,-0.602409638554219,-1.21951219512194,5.7471264367816,1.61550888529888,2.82574568288854,1.31680867544539,-2.29793977812996,-5.16666666666666,0.66225165562914,0.739523418241576,-3.04826418289585,-0.0847457627118626,-0.682593856655291,-3.53356890459364,-3.1905195989061,2.05357142857142,-0.538599640933561,-2.67281105990784,1.00364963503651,3.69068541300527,4.20875420875421,-0.763358778625968,0.422297297297303,1.33333333333333,0.66225165562914,-5.3182214472537,-0.702370500438982,0.95652173913043,-0.174216027874561,-1.95381882770871,-5.62851782363977,-2.8957528957529,1.42721217887726,3.40073529411766,-2.25563909774436,-2.20941402497599,0.0,2.61927034611786,-0.849056603773584,0.562851782363982,1.56971375807941,-3.43839541547277,-0.383509108341332,5.86642599277979,3.23144104803493,-2.41502683363148
0,0,0,2.53940455341505,0.262008733624449,-1.77777777777777,-0.626118067978536,-2.19378427787934,-4.68899521531101,-3.05719921104535,-0.495540138751246,0.591133004926113,5.14018691588784,1.47329650092081,-2.9383886255924,3.21100917431192,2.50447227191413,-0.449236298292892,-1.27388535031848,0.542986425339371,0.985663082437271,-3.33333333333333,2.17391304347825,2.98769771529,0.437445319335074,-0.439367311072047,-0.176056338028181,0.438212094653819,0.696257615317668,-0.437062937062943,-0.792951541850219,3.40425531914894,0.760135135135134,1.49750415973377,-0.0832639467110723,-0.0833333333333316,-6.2887511071745,-0.177462289263528,-0.0888099467140301,-0.53571428571429,-0.991884580703331,1.33451957295374,1.57618213660245,0.435919790758507,0.174064403829413,0.862812769628987,-4.13297394429469,-3.05555555555556,0.552486187845292,1.0928961748634,1.9642857142857,0.621118012422363,0.177147918511954,-2.07956600361662,0.180505415162451,-0.63578564940963,1.43240823634736,-1.54545454545454,-3.09278350515464,0.836431226765798,1.82481751824818,-0.182815356489958,1.79533213644525,0.357781753130583,21.2121212121212
0,0,0,2.61096605744126,1.28865979381444,-0.172117039586931,0.085984522785912,-2.5573192239859,0.0,3.32480818414323,0.0851788756388397,2.16666666666667,0.66225165562914,0.902378999179651,4.83996877439501,-1.99044585987261,-1.29032258064516,-1.39002452984464,0.244698205546487,1.36765888978278,-1.96882690730107,1.05519480519481,-1.06644790812142,-2.17937971500419,2.5326797385621,0.729927007299269,5.15384615384615,-0.386100386100392,-5.37021969080554,-1.73841059602648,3.89817024661894,2.55813953488372,1.82648401826484,2.01342281879194,1.32450331125828,0.220264317180612,0.438596491228074,0.218818380743991,0.435729847494544,0.433839479392628,-2.97840655249442,0.370919881305643,1.60583941605839,0.580551523947751,-0.145348837209299,1.85449358059914,-1.81554103122731,1.78316690442225,0.0,1.68302945301543,0.349406009783373,-2.43378668575519,-0.575953923686106,1.13879003558719,-1.15190784737221,0.572655690765927,0.710732054015634,0.635593220338982,-0.711237553342814,-0.21382751247328,1.26671358198453,-0.353107344632773,0.0,0.211416490486253,9.15492957746479
0,0,0,0,0,-0.908455625436751,-0.421052631578951,3.12712440516656,1.14247311827957,4.37017994858612,2.75,0.311526479750783,1.4732965009208,-1.49532710280373,1.41277641277642,-0.99255583126551,0.309214594928885,1.22174709835064,-0.367872470876777,0.0,-0.122774708410065,-0.246153846153841,-0.246761258482413,-0.433705080545231,-1.82965299684543,0.251730648206425,2.27552275522756,3.38680926916219,-2.68456375838925,0.726832222895221,-1.22624156958923,-1.61993769470404,-1.19798234552334,-0.316255534471847,-1.28122998078156,0.573248407643311,-0.576553491351697,1.0145846544071,-1.41479099678456,0.765794511805994,-2.88903479973736,-0.395517468688204,-3.19727891156463,-3.81355932203389,4.25963488843813,-0.203252032520321,1.6655562958028,1.70268500327439,-0.328515111695131,0.587851077726975,-3.37609723160027,-0.679809653297074,-0.89163237311386,0.477815699658705,0.543109300746776,2.3209549071618,2.45795601552394,0.064641241111828,1.65289256198347,1.06918238993711,-1.4030612244898,-1.48867313915858,-0.064766839378237,1.15236875800256,7.35468564650059
0,0,0,0.311720698254357,1.04873534855029,0.368776889981553,0.913520097442157,-1.42063001852996,-0.496585971446318,0.678175092478418,1.09756097560975,0.606060606060615,-0.548446069469835,-1.86219739292365,0.800492610837432,0.184388444990788,-0.993171942892614,1.10497237569061,1.09289617486339,-0.0607533414337668,0.663850331925163,2.2995283018868,3.36182336182336,2.17391304347826,0.277932184546955,-1.86862967157417,-1.20343839541548,-1.10081112398608,-1.94920259893681,0.820152314001175,-0.886524822695027,-0.236966824644566,1.57434402332361,-0.527549824150058,0.986651189785268,3.09336332958381,0.61486864169927,0.831485587583141,-3.02684180468302,0.0570776255707649,0.511073253833049,0.620767494356656,-2.6651216685979,-0.465657741559964,-1.83758150563129,-0.897129186602884,2.16500877706262,-3.01386377335744,0.836820083682012,1.06445890005913,-2.48484848484849,1.43369175627239,0.946745562130178,1.97215777262181,0.461893764434191,-0.697674418604657,-2.80932456664674,-0.420168067226892,-1.33819951338199,-0.12180267965895,0.54512416717141,2.0759193357058,0.998238402818565,-1.00830367734283,28.7103594080338
0,0,0,1.25071063104036,1.23526108927568,-1.25071063104036,0.509049773755655,0.0565291124929427,2.31916068470457,-0.443704936217406,-1.17845117845118,-0.224971878515181,0.781250000000003,-1.07163000564017,-0.396375990939979,0.674915635545562,-1.19521912350598,2.22593210907067,-0.503355704697986,-2.5229357798165,-2.40751614797416,-0.471976401179952,-1.55781905332533,1.76574455562094,0.990675990676001,5.2457205963556,7.31832139201638,3.50617283950618,-0.0988630746416192,-7.37791932059448,-1.78282009724472,0.483870967741935,-1.36239782016349,0.271739130434767,2.85110876451955,3.12020460358056,-2.57082896117525,1.44777662874871,0.769625448948171,-0.67148760330578,-0.623700623700629,-2.66808964781217,3.55120946989193,1.11959287531806,1.40491721023583,0.796416127426581,0.936883629191328,1.16959064327485,1.20365912373616,-0.532429816069697,1.75939134569663,1.4526710402999,0.0936329588014961,0.0,-2.44604316546762,-0.192215281114862,2.02448210922787,-1.48112756808408,0.428163653663177,6.32798573975045,1.01455668284076,2.11571675302245,1.82280627384485,0.253699788583504,-12.3515439429929
0,0,0.922583233052549,1.50138285262742,3.3969465648855,1.76227971503563,-0.946252838758516,0.0378357926598487,-5.55111821086262,-1.1308562197092,0.959999999999994,-0.725221595487509,-2.68928423665701,-2.37187632359171,-2.25205716760502,1.70285227756492,1.46812080536913,-0.803382663847786,-1.76419965576592,2.1885521885522,4.65489566613162,-1.96399345335516,2.62948207171315,-5.37363560033586,1.73267326732673,-1.16861435726209,0.249791840133217,-7.6647243388615,0.932504440497339,-1.94658216387506,-0.867579908675805,0.49977283053159,-1.61588180978763,-2.60540028422549,-3.02586627623231,-0.539744847890086,2.62780697563307,-0.23946360153257,1.69491525423729,-1.33587786259541,2.1931871208586,3.64208633093525,-1.97157267308574,0.183066361556076,-0.275355667737505,-0.183908045977008,1.76151761517615,4.52781371280725,-0.738488271068643,-1.54389060432288,-2.95186194368757,-2.4662633783155,-2.2359657469077,0.473484848484855,-2.57406508013599,0.962000962000959,3.57142857142857,2.22222222222223,-0.455580865603651,-0.182565038795067,0.273099681383699,-2.47201492537312,-0.421545667447306,-1.42517814726841,-15.216201423098
0,0,0,0,0,-1.56862745098039,0.970873786407781,-0.0485672656629508,1.15218434949591,5.70393843368041,-0.409090909090908,-0.54844606946984,-2.33863423760524,-2.05250596658711,-2.34489496824622,-1.68902136115251,-2.39064089521871,-1.91809227579057,-0.62597809076681,-1.85972369819342,2.48704663212435,0.924024640657083,-0.0513610683102289,0.15384615384616,-2.4697845507094,1.80598555211557,-2.75715800636267,-3.91184573002755,-1.68067226890755,0.888395335924487,-2.79680365296805,-0.863557858376503,0.57240984544933,0.0,-2.34329232571763,0.640279394644933,-0.29188558085231,-2.5748502994012,0.11961722488038,1.76263219741481,0.234466588511132,0.117096018735361,-0.293599530240735,-1.4294222751638,-0.358637178720853,0.238521168753722,1.00354191263283,-3.16686967113276,-0.244200244200261,-3.86810399492707,1.5605493133583,0.4968944099379,2.42424242424242,-1.91476219888819,-2.14511041009465,1.67493796526055,0.0619962802231743,2.65540132770067,3.38192419825072,2.27920227920229,1.62556053811659,3.77562028047465,-1.53340635268345,0.0547345374931473,11.4825581395349
0,0,-0.161899622234202,-0.488069414316702,0.43196544276457,0.376546530392686,-1.58469945355191,3.2258064516129,-1.72135556750942,-0.0538213132400515,1.74510840824961,1.40771637122002,-1.91285866099893,0.317796610169485,-0.693333333333328,-0.590128755364804,0.851063829787235,-0.106496272630456,-0.320512820512833,0.266382525306344,0.740349021681653,-0.424853956452479,3.78129790495658,-1.55682407887909,1.58324821246169,-4.76190476190475,-1.63132137030995,1.07584722969338,0.0537634408602235,1.58730158730157,-1.06951871657754,4.68909276248727,3.9647577092511,0.92143549951504,1.33971291866028,0.947867298578213,-1.00526567735759,4.3060009161704,0.952813067150639,2.39149689991142,-3.625516291877,1.35808057944772,-0.637813211845105,1.43691064211944,-2.01557489693083,0.319634703196348,-0.550964187327812,-1.39664804469274,-1.32075471698114,-1.77628420547288,-1.16561437591063,-0.145914396887165,-0.0486618004866083,0.436046511627906,2.36518448438978,4.38715513342379,3.19614711033275,-0.705467372134039,-4.3718361711919,-1.87529301453353,1.65975103734441,-0.27739251040223,0.460193281178101,-5.28100775193798,29.8436437797417
0,0,-0.125104253544625,-2.21653878942881,3.21782178217821,-0.372670807453416,8.10502283105024,-0.420328620557888,0.190694126620889,2.05453866268211,0.0,2.0848573518654,-0.183217295712718,2.01077199281868,1.52050919377652,-2.46376811594203,-1.28440366972478,6.09924190213646,-1.25610607117934,-1.12914608327452,2.17466344494304,3.91376451077944,-0.433044636908724,0.13306719893546,0.364600596619168,-1.1737089201878,-1.46308268118408,2.13120213120213,3.03519535033903,-0.486696950032442,-0.883797054009819,-2.24230254350737,-0.606060606060605,-0.0673854447439339,-4.91339696005656,4.74747474747475,-3.08920513710517,0.449205252246035,1.96476964769647,-0.203665987780036,3.02830809743252,0.718954248366021,1.03492884864166,0.225879315908347,-3.0938123752495,-3.12178387650086,-0.969864911673009,1.13013698630136,-1.88415910676901,2.5832766825289,1.83516850183516,-1.24999999999999,-1.54373927958835,2.76851234156105,-3.41497067954468,-1.89806678383128,3.68991198375085,-3.35899230230931,-0.562983814215329,4.75871313672922,3.55526826115062,0.129115558424787,-5.48178413346952,0.169952413324272,2.06391478029293
0,0,-4.93209435310936,-3.78338278931751,-0.260319821494981,2.57246376811595,-5.42398777692896,-3.19274733937721,5.93251761216165,-3.29375718115664,-6.44109253974724,7.81661029688087,-2.26748654880861,2.69259536275243,4.56816559600286,-2.97684674751929,-0.852483320978504,-4.73602484472049,-6.57840297889946,5.2156862745098,1.65831083686849,4.56385719543615,5.03320517301642,-1.56194533191337,11.4985862393968,1.11835973904939,-0.0310752019888067,-0.0621890547263779,0.15523129462901,-4.57792207792208,-6.09714088873579,7.22275487376158,-4.3695797198132,1.51116951379764,-1.56823490156824,-6.16365568544101,-3.55832721936903,0.0,1.37481910274963,-1.06032906764168,0.797968806673917,-2.56696428571429,-4.3883495145631,3.9179104477612,1.14348948727406,1.20262390670555,3.07311903920875,2.21070811744387,-2.33297985153765,-3.81651376146789,0.547445255474447,2.42165242165242,-0.862068965517236,4.29700928154005,1.58998646820027,1.10404817664771,-1.25338753387534,-0.339904826648531,0.809170600134856,-1.22866894197952,1.94109772423025,-1.56356220258327,1.53949129852743,0.532623169107857,27.1404317244725
0,0,0,0,0,-5.8670988654781,0.194111937884176,-1.51067323481117,-1.43237841439041,1.70268500327439,3.07838781339258,-2.07321023647554,2.89399182132746,4.62046204620462,-4.67964824120603,2.77862595419847,-0.398528510116501,-0.0613496932515215,-0.12285012285012,2.04572803850782,1.39424503114802,-0.988615937687233,1.27181307305531,-3.58455882352942,14.5326001571092,-1.35350318471337,0.606700079134785,0.78513478147083,2.35113723485817,0.204029584289718,-0.153256704980849,1.11139176559739,0.201663725737329,-1.14737378888323,-1.52731038053325,-0.782676754500402,-0.70940620073567,-4.13132694938442,1.95815450643778,-1.05719707237734,0.054185857491184,-3.24475524475524,-4.25780110819481,1.6915137614679,3.53982300884954,-3.19634703196346,0.53931308543854,0.311262026032842,4.58963282937364,-4.10342889263632,5.06937033084311,-0.509519978546521,-1.33152173913044,1.55163188871055,-0.700431034482772,-2.25895316804408,-1.82328190743338,2.94037571467465,0.271517784414883,8.81406288685319,1.94221898519057,-2.87212787212787,2.38907849829352,0.50933786078097,-21.622418879056
0,0,0,-0.126518218623475,-0.25367833587012,-0.663942798774273,3.42786683107275,1.67313288069836,1.12682809877727,-2.30561687515329,-1.26676602086439,2.32896652110626,-0.365230094959821,-4.66360856269113,-6.14011360562619,-7.2215777262181,-0.0290107339715637,0.0,-0.378567268491542,3.91717963066592,0.139703827884876,-1.73393973848778,-1.67630057803468,-1.1104617182934,-11.9764397905759,-4.33595083646296,-0.618344211611129,-4.78761699064074,5.89430894308943,0.739744451916607,-1.25978890023833,-0.0681431005110718,1.51006711409396,-0.675675675675673,3.98962049951345,-2.08609271523178,-1.64927633793335,-0.643631436314367,4.46601941747573,-1.04643557880968,3.98744113029828,2.86672766087221,1.9730941704036,2.16437554840595,1.15640358485113,-3.16134804652551,0.178624590651987,-2.75313551544817,2.65038713519953,-0.599161174355889,2.34055002925687,0.146070698217929,-1.45228215767633,-1.90274841437633,5.02008032128514,-0.432152117545372,2.05981941309254,-1.54727793696275,-3.68389780154487,1.92307692307693,3.75771172181715,-8.38905775075987,4.30482838859803,-1.41592920353983,-23.6774899671653
0,0,-2.2816679779701,-2.54134731746673,-0.73140999593661,0.364372469635627,1.671974522293,-0.721732157177224,1.8882769472856,-0.913060738388251,-0.800320128051232,1.34228187919463,2.72657450076805,1.28885519332828,-0.725467735777005,2.67558528428093,3.30578512396694,1.38199858256556,-0.498575498575501,-1.07991360691144,-1.34987230937614,0.0364697301240028,-1.36783733826248,-1.08370702541106,-2.52873563218391,-1.47744945567653,2.72314674735251,-0.685453160700684,0.830815709969784,0.150829562594265,-2.51256281407035,-0.271317829457365,-5.91133004926109,1.33657351154314,1.00240577385726,1.0710035700119,-0.678913738019176,3.46954510408636,-0.231839258114383,16.2188410488831,-2.04823257350512,1.2720156555773,-0.29440628066732,-0.857802705377768,-1.03333333333333,1.92873488067996,1.22699386503067,1.52623211446741,0.726010101010102,-2.62390670553935,-0.162232316677484,-1.0160603080957,-0.560316413974956,-1.33600534402137,1.61025303976339,-1.63660654642618,-2.7806385169928,-1.42757660167131,-2.42510699001426,-4.00593471810088,-1.2012012012012,0.634091756807155,2.15328467153285,0.03648303538855,-5.05940973553086
0,0,1.43721633888049,1.52700186219739,-0.750469043151981,1.62421557770395,-1.38473053892216,-1.13550340651021,-3.40508806262231,4.01953418482344,0.930405656866394,0.555144337527752,1.24269005847953,-3.16742081447964,-1.2987012987013,-0.925212027756355,0.574932924492137,-4.11013567438149,-1.45748987854251,-2.87380258225738,2.63584752635847,-1.56507413509061,1.97819943480016,3.39313572542902,-3.42880193626463,-1.59836065573771,-0.082034454470876,-6.69584245076585,4.19287211740042,-0.210084033613448,0.91590341382181,-3.0901287553648,0.171379605826903,-0.560103403705295,-1.08885017421603,2.13128729752771,0.593220338983053,0.881982360352782,-0.548986486486482,1.78349232683534,-0.668058455114823,-3.58996539792387,3.86694386694387,1.87678498572012,-1.36476426799008,-0.58236272878536,0.372979693327807,1.06601066010661,-0.246609124537617,0.490797546012274,-0.575894693541755,0.937245313773433,0.848484848484852,-0.855745721271397,-1.15416323165704,0.0,-0.413907284768218,3.04975922953452,4.59418070444104,0.419367136866182,1.53903903903904,-1.64059519267455,0.569044006069797,-1.03487926408586,-8.48232848232848
0,0,0,0,0,1.30014858841011,-1.58490566037737,-1.18365788468881,-2.42471646460696,-5.22633744855967,1.49979732468586,-0.693877551020415,-2.76845637583893,-1.31746706332341,-0.857265323617672,-2.14535901926444,-0.219394471259327,-1.87751452838622,2.9079861111111,-2.62806236080178,-0.898876404494379,5.31914893617021,1.17746005046258,0.834028356964134,2.95426952650749,-6.96969696969697,-4.57220461747398,-1.93816335948315,-1.02564102564104,0.923787528868357,-3.58851674641148,2.10772833723655,-1.08901515151515,2.31267345050879,-0.138953219082914,3.05343511450382,0.447027268663395,-1.68181818181819,1.52193375111907,0.223313979455117,2.65217391304348,0.130264871906214,3.31654072208228,-3.07226308957162,-0.697167755991286,-1.90941385435169,0.661667401852678,1.30605137135393,-0.525164113785547,3.34179357021996,2.95566502463054,3.52475247524753,0.941545704197719,-1.67530913442361,-0.360288230584467,0.199760287654817,-0.401123144805461,1.26732673267327,-0.677830940988843,-0.48076923076922,0.676482292081171,-0.923694779116468,-5.0632911392405,1.45530145530146,-60.8695652173913
0,0,0,-2.85836177474402,-1.3840830449827,0.687285223367698,0.171526586620923,-1.47954743255004,-0.349344978165947,2.47018739352641,-0.945829750644879,-0.736249458640111,-1.36084284460052,0.0877192982456122,-2.10479175996418,0.667259786476878,2.17580504786771,1.41570141570141,2.46861924686192,-1.1426153195091,0.922431865828102,0.624999999999994,1.76013098649202,-1.45348837209303,-30.2325581395349,-5.41619156214367,-0.228571428571424,2.66963292547275,0.111111111111109,1.85387131952017,3.16789862724394,-1.82795698924731,1.06382978723404,-1.02095647501344,-0.0537634408602044,-1.86199342825849,1.35062128579146,-0.162337662337668,-0.983606557377047,1.08108108108108,-0.65288356909685,-0.712328767123282,-2.29820627802691,3.35861321776815,-0.819224467504108,-2.17633928571427,-0.111731843575436,-1.07284020327497,-0.113058224985865,1.99445983379501,-2.61512222853895,2.49445676274944,0.606060606060603,-10.5359317904994,2.78271166370633,-2.05438066465257,-1.97165742452249,-1.56445556946183,0.621890547263668,-2.42038216560509,0.443880786303109,3.01353013530137,-5.5158987670344,-3.07692307692308,8.897014015844
0,0,-1.55932203389831,1.73217854763491,4.39490445859872,-4.24966799468791,-0.803212851405629,4.29212043561819,0.319284802043427,0.38167938931298,-1.55038759689923,-0.584795321637426,-1.71844018506279,-2.71554650373388,-1.65631469979296,3.01204819277108,0.994035785288273,-0.332446808510643,-2.80246069719753,-0.896551724137936,0.0689179875947608,1.82679296346414,0.672043010752698,3.18802862719583,-1.38522427440633,1.49447693307343,-0.456919060052221,1.73187940987812,-4.00266844563042,5.12658227848102,1.43480973175297,1.47510755992624,1.33414190418435,0.302297460701334,-2.2881880024737,-1.25234815278648,-0.125391849529789,-2.44059087989723,0.44757033248082,-3.57615894039736,4.12698412698413,-0.832266325224077,0.0639795265515135,2.3125,0.621118012422369,0.062073246430776,-2.48091603053434,1.00755667506297,1.30515848353014,0.18610421836229,1.82704019488429,0.0,0.665456745311551,-2.16316440049445,1.64133738601823,1.37889688249401,-2.8360049321825,1.09756097560975,-1.80012414649286,1.76829268292682,-0.367197062423493,-1.87032418952619,-0.753768844221101,2.98598415600244,28.1523642732049
0,0,2.70588235294118,-2.843315184513,-0.303398058252431,2.77286135693215,-0.177304964538993,9.32475884244372,6.41925777331997,-0.70707070707071,-2.37849017580145,0.0,-1.41583639223912,3.73548712771327,-0.101061141990902,-0.610066090493124,1.35406218655968,-0.402819738167179,1.63447251114414,-0.148809523809529,-1.51057401812689,-0.455235204855842,-0.35532994923858,4.60048426150121,0.625601539942264,-0.338000965717046,0.0482625482625387,0.908656145384989,0.570613409415126,-0.238322211630127,-1.4016433059449,1.0047846889952,-2.75319567354965,3.14285714285714,0.473933649289106,1.30963517305892,-0.65913370998117,3.27868852459017,0.362976406533568,-0.777320530406942,-0.644270593649335,-0.928936367858798,-0.560485754320416,0.833719314497451,0.323176361957527,-0.138696255201115,-1.12201963534361,2.94918330308529,-0.364298724954455,3.76862401402278,0.739451935624176,-0.921861281826151,0.6108202443281,0.217675228558978,3.12104597216365,-3.71828521434821,1.03896103896105,0.129701686121909,-0.129870129870119,-0.216919739696315,-1.27416520210896,-0.308505949757604,1.04666375926733,-0.394045534150612,-13.3498759305211
0,0,0,0,-0.508788159111931,-1.50234741784038,-4.92610837438424,2.45074483421431,2.71154745208042,2.81690140845071,-1.94534506716073,-0.558919422449935,-3.51976856316297,-1.17073170731707,1.58425348055688,0.0,1.74528301886793,1.57845868152275,1.55393053016453,2.36501561802767,-16.1139896373057,3.30661322645291,-0.604838709677424,-0.100908173562056,0.551931761164071,-1.16751269035533,-1.12936344969199,0.0,-2.74261603375527,0.62893081761005,-0.368227248816395,1.19542619542618,0.773594636410532,0.103039670273053,-1.62303664921465,-0.157315154693241,-1.92410475681453,-3.94444444444445,3.06946688206785,-0.541418516513272,0.269978401727866,-0.108108108108106,3.74609781477627,2.08863983698421,-0.563524590163932,-2.5748817656332,-0.687830687830701,0.578642819568664,-2.53505933117585,1.06723585912486,0.530785562632704,-0.748663101604281,-0.321888412017161,1.21886592474828,1.87207488299532,0.103896103896102,-0.208224882873499,0.672182006204752,0.309278350515457,1.47282884713054,0.455005055611728,0.201816347124113,0.651629072681699,0.992555831265505,11.2725671510348
0,0,0,0.546991546494279,0.0497017892644213,-0.650325162581303,1.47856086742238,0.147637795275596,0.829673011224979,-2.86144578313251,0.8955223880597,2.14216163583251,-1.68316831683168,-0.848726909635537,1.81372549019607,0.681596884128532,-1.48221343873518,1.55642023346304,-0.146127618119813,4.19972001866542,0.0466417910447834,0.371747211895903,-0.843486410496718,4.64700625558534,0.753880266075396,0.617011899515207,2.19827586206896,2.27464195450716,1.98183319570603,1.06209150326798,-1.19884249689954,-0.248653128885215,0.16549441456352,2.89272800321414,1.0731319554849,-0.720576461168934,-1.75152749490835,0.284321689683186,1.0847730012053,1.93065405831363,0.587544065804944,-0.472255017709567,-0.833333333333337,-0.679184978026361,-0.360866078588612,-1.79591836734694,0.284900284900286,0.32454361054766,0.884599919581835,-2.81107895824721,0.493624023035777,-0.496072757337732,-5.31127557683937,0.217202432667249,-1.40969162995595,0.263620386643244,1.04347826086956,-0.568430257979882,0.521966072205296,-2.08703374777975,1.44420131291029,-0.263273365511199,0.175208059570737,-0.528401585204744,-21.1846318036286
0,0,0.817204301075274,1.14795918367347,-1.11779879621667,-0.0430107526881788,1.940109658372,-0.807823129251706,-1.07434464976364,1.23089983022071,-0.985855122160311,2.22129086336966,-1.66169578184917,0.212585034013608,-0.814402057436782,-0.690548122572277,-6.52873563218392,-2.01688555347092,0.0468823253633287,-0.282087447108598,-1.96548418024928,-2.25490196078432,-2.61569416498994,-1.68797953964193,-1.08583247156153,-7.98436627582356,5.63751317175975,-4.22844590884129,-1.95968645016798,3.92684238838085,3.32813312532502,1.18191161356629,2.35825388861013,-4.7293746715712,-1.11583421891605,-1.18279569892473,3.97521941146102,1.1734693877551,-2.03019260801666,0.363070539419089,4.22255340288126,-0.851703406813618,-0.655572365103392,-2.11122554067969,-4.29645542427498,-0.648648648648654,3.59562272016676,-1.21308016877637,-4.17582417582418,1.78089584457637,4.82794042116075,2.20994475138122,-0.0502512562814149,1.58259149357072,-4.71258415328845,2.12873796249367,-3.95152792413066,-2.98426478567553,0.216567406605301,-0.162689804772221,2.58848388800844,-2.82455187398153,1.12781954887218,0.640341515474906,10.5062082139446
0,0,0,2.95767465578785,1.70426065162907,-2.04603580562659,3.31355093966369,0.785083415112857,-0.295275590551175,0.684261974584558,-0.146842878120417,-2.92191435768261,0.948103792415158,-4.26638917793965,1.43589743589744,2.93678446988551,1.56785889269966,0.195599022004886,2.01245807379014,4.09007352941177,-0.322729368372523,-1.92669172932331,-4.6728971962617,3.83159886471146,-0.332225913621264,-2.2319262493935,-0.438596491228069,1.53550863723609,-2.00685266764562,-0.491883915395974,1.73997100048334,-0.877620672842514,0.533462657613964,-1.5263417035943,-1.95783132530119,0.300300300300294,-2.09504343382729,1.55935613682092,-0.252143217347457,-1.58811475409835,6.60287081339712,0.947867298578213,0.70588235294117,0.375058602906696,-0.187881634570217,0.420954162768942,-0.849056603773584,-2.91262135922329,-3.41365461847389,2.25711481844945,-1.84907546226885,-0.603318250377079,-3.43213728549142,1.08024691358025,2.60521042084168,0.548081714000994,2.62008733624454,-1.62721893491123,0.245941957697969,-0.0984736582964036,2.68327743172018,-1.65611300535801,1.77033492822965,0.191021967526278,11.4961961115807
0,0,0,0,1.35658914728683,2.5955639452572,0.0471698113207453,-0.952380952380949,-0.0953288846520475,-1.10843373493976,-0.338491295938106,1.28878281622912,1.78152836380684,2.4245196706313,1.62016201620162,-0.452079566003607,1.46993318485523,1.66447656592203,1.08318890814558,0.901674538428514,-0.128976784178837,1.69061707523245,1.29328327075511,-1.31022823330515,0.755033557046979,0.666666666666667,-0.250626566416035,-1.52671755725192,-0.898587933247742,-0.386597938144329,0.809544098849586,-2.04347826086956,1.6673792218897,2.17482225010456,-0.462184873949577,-1.97086546700943,-1.12651646447141,3.71297455152274,-0.418935902806862,0.748440748440747,1.63599182004089,-1.03305785123967,1.22448979591837,-0.533442757488712,-0.577796120511765,-1.97811447811447,0.917431192660546,2.08248264597794,0.76985413290114,0.363342753330641,0.362027353177795,0.240770465489576,0.120240480961914,1.65549862041782,1.05304212168487,-5.47099958864665,-4.24528301886792,-1.52372659991294,-0.834064969271281,2.39931448157669,0.299017513882957,0.636672325976225,0.0424268137462943,0.380388841927303,0.462768195204036
0,0,0,-2.15827338129497,0.168990283058736,-0.89514066496164,-1.55844155844156,1.9108280254777,1.9158683881716,-1.3507809202195,0.754084625052366,0.872093023255803,-1.26156433978132,2.58090946333469,5.60711523588553,-1.93141505715411,-0.634668782229275,2.88906009244992,0.840336134453777,1.98427555222763,-2.69127258746636,-0.154023873700434,1.81474480151229,0.0,-1.34099616858237,-0.153491941673073,-0.346553715825952,-1.40570089808668,0.543689320388352,0.579150579150574,-0.309837335398909,0.0387146728610066,0.231749710312871,-4.39516129032258,-1.05949470252649,4.47644998053718,0.349107835531419,-1.37632717263076,0.547516621040284,-0.156678417547979,-1.30952380952382,-0.880704563650916,-3.52258599254041,-5.00435161009573,-0.745287154756693,1.25541125541127,-1.71730515191546,-0.176444640494041,1.34899912967798,-0.833698990785438,2.18884120171674,-1.39251523063534,1.24623979372582,1.73141891891892,-0.424088210347758,-1.37575236457436,-1.3949433304272,-2.13713268032057,0.751215201060531,-0.22143489813995,-0.26642984014209,2.80535174794994,0.344086021505369,2.18763146823727,11.7996289424861
0,0,0,0.0,0.62015503875969,-0.27205596579868,-0.98116169544741,0.234925606891146,0.506427736657587,-0.351837372947629,-1.10671936758892,1.05592491200626,1.27413127413127,0.231124807396003,-1.28755364806868,-1.06466876971609,0.236034618410709,1.66344294003868,0.76775431861804,0.610454025181229,-1.19691119691121,-4.22535211267604,-2.13727907932595,0.327734535026636,1.09400324149108,1.20096076861489,0.199760287654817,-0.120000000000005,0.793650793650791,0.552486187845306,-0.396196513470687,0.903023164507265,-1.92076830732293,-3.26446280991735,4.64933018124507,3.93641180923544,-3.203125,-2.76997189883581,0.200320512820516,-0.483091787439618,-1.0989010989011,0.646987464617874,1.47410358565737,0.357284636760619,-0.800320128051232,2.03841630733047,3.29795299469294,1.16148370176097,0.521803950801331,0.629629629629636,-0.596125186289121,0.849649057997785,0.0369276218611448,1.63458045768254,0.792792792792789,-0.54347826086956,-0.583090379008747,0.109210047324345,-0.328707085463842,-1.21996303142328,-2.50094732853354,0.415094339622639,1.11940298507463,0.55658627087198,1.10091743119266
