0,0,-1.52284263959391,1.5,3.03030303030303,0.0,0.0,-3.125,-10.3448275862069,-3.57142857142857,0.0,11.1675126903553,-3.27653997378768,13.9797068771139,1.44444444444445,-2.85714285714286,0.0,-2.94117647058824,-6.25,-3.2258064516129,0.0,3.125,0.0,1.47783251231526,3.10262529832937,-3.20197044334977,-1.49999999999999,5.88235294117647,0.0,0.0,-1.43198090692123,-1.57575757575759,2.94117647058824,5.55555555555556,-1.46561443066517,0.782997762863538,-0.789177001127399,-1.37142857142856,2.77777777777778,-2.85714285714286,-1.50812064965198,-2.86396181384246,2.78422273781901,-1.41176470588234,0.0,-1.43198090692123,0.710900473933634,-0.715990453460605,4.22857142857142,-4.41527446300715,1.41176470588234,1.3921113689095,0.80552359033372,0.685714285714291,5.40540540540541,10.8003857280617,3.53488372093024,1.73674588665447,-0.551470588235282,-2.35183443085607,0.0,0.0,3.36363636363636,3.33919156414763,-13.8
0,0,4.16666666666667,3.53697749196141,4.30769230769231,-5.00807754442649,-12.5454545454546,7.32940185341196,-3.21739130434782,-2.22222222222222,-1.16906474820145,-3.44186046511627,1.73674588665447,-1.76744186046511,3.3273381294964,-2.20588235294116,2.15827338129495,0.0,0.0,-1.6453382084095,-6.73170731707317,1.15718418514946,5.72727272727273,-2.32558139534884,1.19485294117648,-1.2093023255814,2.27272727272727,1.07913669064748,2.28471001757471,-2.33812949640289,-0.542495479204328,-6.65380906460946,-2.4703557312253,4.79774223894639,1.11627906976743,-3.66441658630666,-2.4703557312253,-2.42914979757083,-2.70270270270272,3.80000000000001,5.9266227657573,-5.66600397614314,-0.600000000000005,8.08823529411765,-3.61904761904763,-1.2536162005786,-2.4703557312253,2.41080038572806,0.0,-2.4703557312253,-2.42914979757083,-1.33333333333334,1.31578947368422,-1.33333333333334,0.611620795107039,1.9,-3.19917440660475,-1.99999999999999,-2.7027027027027,5.12820512820513,-1.35135135135136,4.94071146245059,-3.79487179487179,2.5,-11.1111111111111
0,0,0,0,0,0,-2.55863539445627,2.49480249480248,-1.26315789473683,7.31707317073171,-1.28458498023716,-3.79487179487179,3.65612648221343,0.0,-2.42914979757083,-1.33333333333334,1.31578947368422,0.0,0.0,0.0,-2.70270270270272,2.63157894736844,-2.70270270270272,-1.26315789473683,-2.7027027027027,5.12820512820513,9.30232558139535,1.19485294117648,0.0,0.0,7.40425531914893,3.13272877164057,-5.47826086956522,-3.41726618705037,2.28471001757471,0.0,1.04347826086956,1.03270223752151,4.20445177246498,2.01938610662359,0.959999999999994,5.66037735849057,-6.0,-8.69565217391304,-1.05448154657293,-1.15555555555556,-3.40073529411764,-3.61904761904763,-3.75494071146246,8.00000000000001,-1.10294117647058,3.28888888888888,-9.75609756097561,5.79044117647059,-2.35183443085607,-3.70731707317074,-2.5,-1.21457489878542,0.0,2.37154150197627,-3.79487179487179,-5.40540540540541,2.63157894736842,-5.55555555555556,0.0
0,0,1.48571428571429,7.89473684210526,-1.27931769722814,-5.74971815107104,-1.37142857142856,-1.50812064965198,-2.86396181384246,-6.34517766497463,2.95566502463053,-8.26666666666666,6.25,9.80834272829762,-2.90023201856149,0.0,0.0,0.0,-7.74999999999999,-12.3595505617978,3.3921302578019,0.0,0.0,5.6338028169014,8.11764705882353,2.85714285714286,-1.50812064965198,2.8184892897407,0.0,1.44444444444445,4.05117270788913,2.49480249480248,-1.26315789473683,5.0,-3.95010395010396,-3.99999999999999,-1.3143483023001,2.66524520255864,3.79487179487179,4.8780487804878,-2.5,-3.95010395010396,1.33333333333334,-1.98744769874476,3.23886639676114,0.0,0.0,-1.33333333333334,-2.63157894736842,0.0,-1.27931769722814,6.19999999999999,-1.21457489878542,1.19999999999999,2.4390243902439,-1.28458498023716,-3.16004077471966,-0.615384615384621,-3.94456289978677,-2.73822562979189,-1.44444444444445,-0.671140939597321,0.0,0.666666666666672,5.85774058577406
0,0,-1.44444444444445,-2.85714285714286,2.77777777777778,0.0,1.42387732749179,-1.44444444444445,-3.56731875719218,2.0293122886133,1.44444444444445,-2.85714285714286,0.0,0.0,0.0,-0.69044879171462,11.4169215086646,-7.44797371303395,0.0,1.29729729729729,1.3859275053305,-2.73822562979189,1.29729729729729,-2.77777777777778,-1.46561443066517,-4.35294117647058,6.90032858707558,-1.44444444444445,-0.671140939597321,0.666666666666672,-4.40835266821347,0.80552359033372,0.685714285714291,-6.06060606060606,1.55131264916469,0.0,-1.57575757575759,5.71428571428571,0.0,-1.50812064965198,1.48571428571429,-2.94117647058824,-4.67980295566503,1.57575757575759,2.94117647058824,-4.67980295566503,0.0,0.0,0.0,-0.744416873449116,3.81861575178998,0.0,11.7894736842105,6.77134445534838,0.0,0.0,2.95238095238096,0.0,0.568181818181823,-3.63101079489697,-1.29224652087474,0.592885375494059,-3.79487179487179,-1.98744769874476,-21.3197969543147
0,0,-5.1975051975052,6.14634146341464,3.57478833490123,3.36363636363636,2.22222222222222,0.530503978779845,2.16262975778547,-0.521739130434787,-2.22222222222222,-3.40073529411764,0.0,1.62748643761302,0.53956834532373,0.0,-5.9047619047619,0.0,-23.5294117647059,12.8205128205128,-0.619195046439634,-4.75675675675675,2.63157894736842,2.56410256410256,-1.98744769874476,0.0,-3.35135135135136,-2.77777777777778,0.662251655629145,0.766703176341734,-8.94988066825776,2.78422273781901,2.8184892897407,0.0,-2.90023201856149,8.10234541577827,-5.74971815107104,1.44444444444445,-4.40835266821347,1.48571428571429,0.681044267877418,0.0,1.12233445566779,-2.53164556962026,-1.51869158878504,-5.41871921182268,0.854700854700858,1.44404332129965,-2.33990147783253,-2.26700251889167,-0.761421319796961,-3.27653997378768,0.0,4.625,0.0,0.0,-1.52284263959391,0.0,0.0,-1.67741935483871,1.6497461928934,1.5,0.0,-1.52284263959391,2.95566502463053
0,0,0,0,0,-1.57575757575759,0.0,2.94117647058824,-3.03030303030303,0.722021660649825,4.37284234752588,2.0293122886133,0.782997762863538,1.32450331125829,2.05405405405405,0.0,-5.71428571428571,0.0,-4.41527446300715,0.356718192627816,-1.93939393939394,6.35641316685585,-3.64705882352942,-4.67980295566503,0.611995104039176,0.969696969696971,-2.35732009925558,0.73891625615762,-3.96927016645326,2.375,0.0,4.53460620525061,-1.57575757575759,6.98985343855693,4.10810810810812,-4.99432463110102,2.11111111111111,-2.85714285714286,-4.41527446300715,0.0,-4.75000000000001,3.03030303030303,1.55131264916469,4.22857142857142,-2.21962616822429,0.696055684454742,-2.13270142180094,0.0,0.0,-3.94088669950739,0.0,-1.49999999999999,0.744416873449138,0.0,-1.12923462986199,0.0,0.375000000000003,1.47783251231526,-1.12079701120797,-4.42132639791936,0.774193548387092,0.768245838668369,1.63727959697734,2.21674876847289,-2.26700251889167
0,0,0,0,3.10262529832937,-0.842358604091459,-0.727272727272733,0.0,-0.732600732600739,-0.862068965517245,0.854700854700858,0.0,-5.6774193548387,6.06060606060606,0.722021660649825,3.59628770301623,-1.41176470588234,-0.710900473933655,-4.71464019851115,-6.61375661375663,6.20347394540944,-2.28426395939087,-0.896286811779773,-2.35910878112713,-1.73333333333333,4.82233502538071,2.95566502463053,-0.744416873449116,0.0,-0.750000000000006,3.03030303030303,5.71428571428571,0.0,1.35287485907553,-1.37142857142856,2.12527964205816,-0.789177001127399,-4.35294117647058,1.3921113689095,-3.73044524669072,0.0,0.835322195704061,-1.57575757575759,0.722021660649825,1.54028436018956,-1.56438026474126,-1.46520146520148,0.0,-0.862068965517245,-1.49999999999999,3.03030303030303,-3.125,0.0,-1.52284263959391,0.0,1.5,-0.755667506297224,-0.761421319796961,2.95566502463053,-2.26700251889167,-1.66453265044815,0.0,-0.774193548387092,2.39294710327456,-35.2640545144804
0,0,2.49017038007863,-2.55376344086021,0.0,4.0,3.125,-10.3448275862069,4.98034076015727,0.0,-1.73333333333333,4.82233502538071,-8.68965517241379,4.98034076015727,-3.52781546811397,1.73333333333333,0.0,1.70380078636959,-2.55376344086021,-2.62068965517242,-1.82584269662921,-1.71428571428572,-0.864553314121032,-6.76923076923077,0.914634146341457,6.28571428571429,0.0,-5.74018126888217,-9.24092409240925,-4.30292598967298,4.12541254125412,-3.23679727427597,11.3293051359517,1.04633781763827,-2.92307692307693,-8.33333333333333,-4.34782608695652,-6.87732342007435,-10.2459016393443,3.55731225296442,-10.9649122807018,10.9375,-28.0,5.88235294117647,0.0,4.27927927927929,0.0,9.01639344262294,-1.45530145530146,-1.26315789473683,13.6363636363636,-4.76190476190476,4.54545454545455,4.34782608695652,-5.6985294117647,-3.61904761904763,3.49264705882354,11.2561174551387,9.98531571218795,-11.0929853181077,0.969305331179329,-7.65217391304348,1.03270223752151,1.02214650766611,14.6802325581395
0,0,-8.69565217391305,1.17187500000001,-10.5831533477322,21.1243611584327,-4.44839857651246,2.26086956521739,0.0,-6.87732342007435,0.0,4.27046263345196,2.26086956521739,-15.0,2.34375,8.89679715302491,-3.30882352941176,5.39130434782608,4.16666666666667,5.95611285266458,-6.33333333333333,12.7906976744186,-5.84615384615384,5.52325581395349,-3.92749244712991,4.61095100864554,6.72043010752688,4.0,-5.15603799185889,-0.820793433652538,0.814111261872463,-1.6551724137931,-1.82584269662921,-3.48837209302326,1.71428571428572,-3.7037037037037,8.41248303934871,-4.39093484419264,-1.72910662824206,0.0,4.27586206896551,-6.4610866372981,0.0,-2.87009063444108,-0.914634146341471,0.0,0.90634441087614,-3.76175548589342,3.62537764350453,3.77906976744186,1.71428571428572,-9.717868338558,3.62537764350453,0.0,1.04633781763827,-1.98170731707318,-3.96196513470682,2.01863354037268,2.2761760242792,0.45317220543807,-2.79503105590062,6.3953488372093,-15.2428810720268,13.2267441860465,-32.5626204238921
0,0,0,0,0,-4.91283676703646,-2.93637846655791,0.969305331179329,8.29629629629629,3.57142857142857,-7.69230769230769,1.81268882175227,3.77906976744186,0.0,-1.02790014684288,-3.8109756097561,4.65116279069768,0.0,-1.02790014684288,2.71428571428572,-4.6337817638266,0.888888888888883,0.0,-5.79937304075235,3.62537764350453,-3.76175548589342,0.0,-2.08,2.03761755485893,-5.28052805280529,-3.23679727427597,4.24143556280587,-3.19865319865319,6.89655172413792,0.0,1.84615384615385,-9.42760942760942,0.999999999999993,-6.76156583629893,4.25894378194208,-5.57553956834533,1.067615658363,-4.46096654275093,-5.078125,-3.64372469635627,3.51562499999999,0.0,-2.4,0.0,3.66088631984586,0.0,17.7496038034865,-1.44694533762058,-1.46818923327895,-4.42930153321976,-2.08695652173913,4.16666666666667,-7.91366906474821,1.067615658363,-2.18181818181818,-8.69565217391305,2.50481695568402,-3.80000000000001,3.66088631984586,0.0
0,0,0,0.0,2.34375,0.0,-3.64372469635627,1.19999999999999,-3.95010395010396,0.0,-3.8876889848812,-2.88888888888889,2.80777537796976,-7.42459396751741,-1.41176470588234,-5.45905707196029,2.18446601941747,3.05882352941176,1.3921113689095,-2.86396181384246,2.78422273781901,1.37299771167049,-2.82352941176471,0.0,-3.15533980582524,11.0151187904968,6.27530364372471,3.51562499999999,-2.4,0.0,-1.21457489878542,1.19999999999999,1.18577075098813,-1.19999999999999,0.0,7.0631970260223,-2.47619047619047,3.49264705882354,2.15827338129495,-3.34572490706319,6.43478260869565,-8.28625235404897,-8.81147540983606,2.4,0.0,-1.21457489878542,-4.00000000000001,5.56660039761432,-0.600000000000005,-1.21457489878542,1.19999999999999,-1.21457489878542,1.19999999999999,-3.95010395010396,0.0,0.0,2.63157894736844,-2.70270270270272,1.4344262295082,-4.05117270788911,1.26315789473683,-1.931330472103,6.8,3.66088631984586,9.7391304347826
0,0,-2.42914979757083,4.26356589147286,-5.73770491803279,2.4,1.18577075098813,-8.58369098712445,0.639658848614078,6.19999999999999,-3.95010395010396,3.80000000000001,-16.0092807424594,-1.41176470588234,-7.86802030456853,1.5,0.0,4.53460620525061,0.0,-3.20197044334977,1.45631067961166,3.05882352941176,-1.43198090692123,0.0,1.41176470588234,2.74599542334096,-4.29594272076372,0.710900473933634,5.59284116331096,-5.17647058823529,0.0,-3.15533980582524,3.05882352941176,-3.15533980582524,3.05882352941176,0.0,0.0,-4.67980295566503,4.47058823529413,1.3921113689095,2.92792792792795,-7.76699029126214,1.67064439140812,-1.6990291262136,9.64912280701753,0.0,2.771855010661,4.48065173116089,0.607287449392718,0.0,-3.34728033472804,-0.631578947368426,2.66393442622951,0.0,2.4,-1.21457489878542,9.19117647058823,4.39367311072056,-11.1328125,3.57815442561204,-0.759013282732449,0.566037735849061,0.188323917137472,7.65217391304348,76.7676767676768
0,0,-3.19865319865319,-1.19250425894379,4.24143556280587,-2.16666666666667,2.12071778140293,-3.19865319865319,-6.83453237410073,7.33333333333334,-4.34782608695652,4.16666666666667,0.0,2.12071778140293,0.0,4.8136645962733,7.99999999999999,-1.74418604651163,1.71428571428572,-0.864553314121032,0.0,0.857142857142852,-3.7037037037037,1.88953488372093,0.0,0.0,1.71428571428572,0.0,3.44827586206897,1.62822252374491,10.6666666666667,0.0,4.29234338747099,5.58598028477548,9.78260869565216,9.562109025916,24.442943956786,-5.78571428571429,-4.16666666666667,10.4,-3.87811634349031,-8.98113207547169,11.6666666666667,14.2857142857143,-4.47761194029851,-1.51515151515152,-5.63380281690141,-3.23859881031063,-12.0740740740741,13.5723431498079,21.1509338717819,-4.26315789473684,-2.7027027027027,2.01271186440677,12.6734505087882,1.72727272727272,-7.00389105058366,0.290979631425811,9.36263736263736,-3.69188696444849,16.0030627871363,7.53982300884955,-14.7441104792851,0.525252525252521,-6.45161290322581
0,0,0,0,5.4020618556701,-5.98776223776224,12.4042879019908,12.2016806722689,2.07373271889401,-6.11246943765281,-2.69010043041607,4.68376068376069,-0.862068965517241,1.05765950187649,-2.37513098148795,13.8947368421053,-15.411315515446,6.3089430894309,-1.65289256198347,-3.8804945054945,-18.8571428571429,-3.15789473684211,0.502723083368249,11.3956941351151,-4.09582689335395,0.461538461538465,12.221471978393,0.637370010063729,0.633333333333338,6.25,-0.78740157480315,-5.37670096249586,1.40706806282722,12.6857142857143,7.89473684210526,-8.57142857142857,-1.44927536231884,1.08944954128441,-0.374100719424468,1.25035521454958,4.8918918918919,4.81090815538975,0.33333333333334,14.1725352112676,-2.11235955056179,-16.1576611850692,-3.20581896551725,13.6744186046512,-7.5,-11.1728738187882,-15.136,-6.83760683760684,2.30460921843688,14.1628440366972,-21.8302479916172,-2.25,14.1630901287554,-1.14728682170542,-8.87913571910871,-2.13793103448276,-0.869565217391304,-15.0,-6.92899914456801,-0.559139784946232,34.6175478065242
0,0,0,0,0,2.80748663101605,-15.4320987654321,5.17073170731707,-0.293542074363986,-2.81690140845072,-6.76691729323307,3.27272727272727,-15.7546602525556,0.359496704613555,14.4102564102564,11.3636363636364,-11.3924050632911,-7.45375408052231,6.9367088607595,0.302877334679448,-7.08108108108107,12.9411764705882,2.29885057471264,1.13636363636364,-12.8205128205128,0.662251655629134,9.20444033302499,-5.46341463414635,1.20481927710843,-2.77365032194155,1.51219512195121,1.48966842864007,5.40909090909091,3.55107409031126,-8.30959164292498,0.89411764705883,1.16279069767442,-6.17283950617284,0.929549902152648,0.292682926829262,2.38095238095238,-1.84287099903006,2.96470588235294,0.0,7.36704446381866,6.3673469387755,8.41121495327103,2.72727272727273,-4.0090771558245,10.7359891964889,-6.73873873873874,-0.470673425054305,-0.217706821480415,-2.07407407407407,7.28021978021978,-0.413793103448279,-1.3277428371768,-6.0,10.0,14.1385231825987,-1.27536231884057,1.42857142857143,7.89473684210526,-6.86164229471315,20.9777777777778
0,0,0,0,0,6.38910709609845,5.42347696879645,-0.950000000000006,-2.56410256410256,-1.96078431372549,-6.60535117056855,2.86951813752029,4.05194805194806,-1.63674762407602,0.811730819586266,4.52500000000001,2.4390243902439,-3.30057949105569,-9.48965517241379,-1.3986013986014,-4.56273764258556,-11.4043662430759,3.91358797745773,0.187499999999996,1.53846153846154,0.0,-0.370599135268676,-1.18750000000001,1.53846153846154,9.42028985507247,-1.7872340425532,0.0,-0.887235260446486,-3.09825907347299,-4.27692307692308,0.944833892106072,-4.99200000000001,0.191632066432446,4.7749391727494,5.54438379775926,1.94366197183098,8.07871569135163,-1.79230363732209,8.31319478008701,-0.779347296639065,0.773320444659256,0.0,1.47619047619047,-2.28933268387725,0.315610585093458,1.92857142857143,0.896649362907038,5.29608938547485,-1.12994350282486,-1.86464088397791,0.412654745529573,2.65565721937069,-1.26553672316385,-0.568181818181818,-2.32558139534884,-4.57198443579767,2.0952380952381,5.08474576271187,1.66666666666667,-35.8695652173913
0,0,0,-0.468994267847837,1.58974358974358,-1.61542470036477,-3.39439655172415,0.188222640494757,-0.840563991323197,-2.10409745293468,1.87449062754688,4.53838174273859,-0.155844155844162,-5.82737768004397,6.26127286781757,0.128667009778685,0.842051543761159,-0.487179487179481,-11.4285714285714,9.09090909090909,-5.65312843029638,-2.64788732394366,8.38709677419355,-3.16826411075612,10.0359281437126,1.76470588235294,0.140977443609028,-1.04463437796772,-7.99999999999999,6.02409638554217,-4.06218655967903,-13.9428571428572,1.24153498871331,3.56462585034014,-1.01704233095106,0.164654226125124,-2.99604296212548,-6.82367149758456,-0.729927007299254,0.934016269960817,3.62950058072009,-3.57894736842105,-8.62463247304803,-5.3337921541638,7.39324410452518,-7.06243602865916,3.10743801652893,-4.74376731301939,-2.7027027027027,5.0641458474004,8.32559579077685,-1.34880803011293,-0.599558220258749,-2.85621551444337,2.77690123067214,0.188976377952752,-0.411132194813406,-8.10256410256411,5.0632911392405,4.07845579078455,1.16923076923078,7.14285714285714,3.28820116054158,-9.26932367149758,-60.6207565470417
0,0,0,0,-9.29697766097241,-22.0529270248597,-2.04582651391162,8.63551401869158,7.75862068965517,3.94170255051342,1.4686684073107,13.8357705286839,-16.1332462442848,5.05426356589147,-2.57633587786259,-8.41379310344828,8.83370009430996,6.44117647058824,-1.58350761876307,2.98550724637682,4.00667779632721,-5.89275191514437,-4.04659717964439,-5.2258064516129,-6.71256454388984,-11.4735226400614,4.15593968370725,-4.33614735226402,-0.695517774343121,0.231303006939099,1.40630938806536,-2.93427230046948,-5.97014925373133,3.52,-4.16666666666667,-3.80622837370242,-5.66727605118831,-0.597701149425283,5.68083261058109,10.4466019417476,-10.752688172043,-6.60247592847318,-2.0112254443405,2.28519195612431,-5.7515708071532,-1.52109911678117,-13.2222222222222,-2.85714285714286,-2.94117647058824,-10.5331599479844,3.875,-2.43277848911652,4.98783454987836,-2.75000000000001,7.94016110471806,-9.03387703889586,-1.2063492063492,0.379506641366227,9.34633027522936,6.33727175080558,5.43423057389538,-0.974358974358981,-0.619195046439634,6.01357904946655,48.4371092773193
0,0,0,2.73972602739726,10.9756097560976,-10.0966702470462,6.33802816901407,7.66372503483512,-3.11302681992338,6.78571428571428,-2.47026532479414,6.26072041166381,4.15125359638306,-3.04955527318932,-4.70066518847006,-5.42309490416082,1.42857142857142,5.73414422241529,3.80275804429586,0.992966487381059,4.65483234714004,3.2811903853491,4.16819012797075,-5.1923076923077,5.5575735561206,2.7208480565371,5.16085790884718,-3.79130434782609,3.52348993288591,-2.79406691962747,-5.03623188405796,5.64102564102564,1.94435132417029,8.80464689697341,-4.03944020356234,17.3284249276887,-5.93314763231198,-2.16277746158224,5.41049798115746,-1.22615803814713,-1.0184420589045,-4.60696803915923,4.58791208791209,-1.02692200943657,0.606896551724135,4.73061760840998,-2.50538793103448,-0.432900432900424,-1.81818181818183,-5.76923076923076,-2.17326585293241,2.18404193360512,-6.08588198949647,5.9558396281232,4.1225626740947,0.965517241379314,5.69719042663891,-1.2644889357218,-4.22844590884129,0.273822562979193,-0.0547945205479538,1.03036876355749,2.43386243386242,5.47636909227308,-24.8906933166771
0,0,0,0,0,0,0,-3.73333333333333,-2.45901639344262,1.48048452220726,1.97889182058048,-5.27777777777777,0.249376558603501,-0.110957004160905,0.825309491059159,3.70860927152318,-0.106072659771942,-4.31535269709544,-0.836820083682,-4.06386066763425,-5.12664021971315,3.90029325513196,1.38808559861191,-0.523255813953488,-2.65592360489406,0.857988165680471,-3.04878048780488,1.41268409978962,0.269784172661859,0.773349196906597,-0.991288675277856,1.50887573964496,-2.1456633423995,1.22388059701492,-0.0597371565113594,2.95652173913044,-3.9156626506024,4.21234852856317,-1.04956268221574,1.94396798170383,-1.74520069808026,3.83216783216782,1.78571428571428,2.80373831775702,1.96335078534031,1.3939081053175,0.488055484202409,-0.0514006682086947,1.06788710907704,1.00679587213692,-4.00523560209423,-0.262467191601054,0.104876769795488,-0.712965407974658,-11.0557184750733,-11.437908496732,-1.8641810918775,2.7831715210356,-2.89710289710289,-0.200200200200208,0.266222961730455,-2.38500851788756,5.68766066838046,2.8107432854466,37.5950107191581
0,0,3.10850439882699,-6.19744627841794,2.6969696969697,-4.52961672473868,-0.31776294884017,6.61721068249259,4.96333897349125,2.31404958677685,1.8918918918919,4.51612903225806,-4.64488252768026,3.36638830897703,2.93819655521782,4.2909090909091,-4.69543147208122,-1.02564102564102,3.46534653465346,9.4170403587444,-5.91308477796248,-0.238038562247087,0.142619443784175,3.10916628281898,-8.76753507014028,0.844510680576245,2.28155339805826,-1.22850122850123,1.11758989310008,-0.66030814380043,5.23754345307068,-0.817757009345798,-0.919594435274701,-1.02429728442115,-0.913461538461528,4.60903462508599,4.11169744942832,5.1314142678348,-0.083507306889351,0.270664168228196,-6.80453635757172,1.91930207197383,4.47916666666666,-0.861525530573643,-0.528094634558513,4.74849094567404,-0.0201247735963073,1.40873015873016,-2.10696920583468,-3.80651945320716,2.91955900367497,-6.29340277777778,-0.0651465798045627,7.0635721493441,6.20859360212001,-0.724499523355568,-1.54888673765732,-3.32066413282656,5.67924528301886,0.860456416011973,-0.131110694886683,-1.34776006074412,0.622524052065645,-3.31319430910153,-26.410445922641
0,0,0,0,0,0,0,-1.78748758689175,-4.43891308857084,4.61020973486347,-3.69306524415264,3.13990461049284,1.13948919449901,-4.30327868852459,-3.82978723404255,0.550148116800673,0.651671221358003,-6.82685829777678,-3.92065344224037,4.9678420935906,0.813902331720188,-1.42793395805444,-7.68861124459395,-1.26520681265206,0.411921492609648,0.817111271328999,-4.1551939924906,4.44869648409471,-10.4915433403805,-2.85403642294103,4.26749934946656,-2.20744680851063,6.60705414803775,-0.32394717169199,-8.43015401242909,0.0540102619497789,-6.31639391329315,2.84518828451884,-2.83993115318417,-0.0861326442721824,-0.722961249277039,5.7765667574932,0.837611456363132,-4.28289659058889,-5.15555555555556,4.14654927577393,-0.600000000000002,6.44212777332263,-2.4931506849315,-2.47052217855138,2.27709190672155,0.0548395941869921,1.16531165311653,-0.0813669650122081,3.0247238295634,0.471204188481675,0.779220779220772,-3.35570469798658,4.95024240877774,1.55739763878424,-2.60309278350517,1.8715225088518,1.00150225338007,1.60137965016015,-41.6753926701571
0,0,-3.75224877923413,-0.594622543950354,-2.59946949602121,0.527704485488115,-4.46527012127893,5.02617801047121,-3.04828702454816,5.094726062468,4.02948402948403,5.45876887340301,-4.79552093476144,5.17082179132041,-2.07351555136664,-3.13487241798299,-1.35467980295566,-2.24124905565349,-4.91413474240423,-5.84451901565996,-9.69325153374232,0.881726968683488,2.17132659131468,-3.03401777505362,0.971168437025798,-10.6075864384022,-2.72413793103448,13.1476489967056,-5.63112938943373,-4.22024398285526,3.56120826709062,9.80785775738457,1.35785007072137,-4.58579881656806,3.29041487839773,-5.87700696758559,-0.517661388550532,-4.48615972001274,10.3792415169661,0.227596017069696,1.89785096288027,-5.28945048486629,-2.49999999999999,-2.37434474252237,-7.56218905472637,0.59347181008902,-1.71026156941649,-7.18907260963336,-2.27941176470589,1.44927536231885,-11.0663983903421,2.96759078484966,1.57571099154497,3.23540349572332,5.94613501224204,3.05188199389623,-4.3524416135881,-4.9777117384844,0.627537836840156,0.587155963302753,-3.80952380952381,3.10077519379845,3.93617021276596,1.57068062827225,30.1219512195122
0,0,0.575594781273978,2.39700374531835,1.11111111111111,-0.896860986547079,-9.09090909090909,5.14307811291569,5.72366022602989,3.14265536723164,4.0,10.6331414722811,0.302023557837516,-5.98591549295775,0.159795461808887,-0.127999999999997,10.0719424460432,6.08108108108108,-11.9177253478524,5.94594594594594,-2.35876528829352,6.45600653772813,-1.07378854625551,-0.220750551876375,-6.58823529411765,7.60869565217391,0.915455035002702,4.79364265572929,-0.0256410256410205,2.76738967838444,-4.67118997912317,5.96319018404908,-1.59561206681626,-0.425638457686534,-3.39114677711622,-1.6044187269858,5.18703241895261,4.86358244365361,-5.11221945137156,-1.51898734177216,-2.75754422476588,-1.93582604083797,0.789265982636141,-6.50042028579434,-5.71682464454976,5.96100278551532,0.0,5.15191545574637,3.61599185128597,0.58227848101265,-1.17827868852459,-4.44087747458533,2.9090909090909,-0.996852046169996,-0.315789473684204,2.6888604353393,-1.03492884864165,-0.155480694480423,-4.26911645501217,3.26711970726607,5.32046523137837,0.639291861322855,1.31036156272749,-0.512195121951222,10.2058694699956
0,0,2.72124940842404,-0.859188544152743,-2.5703794369645,-0.938967136150241,-2.14538112064614,0.999500249875077,-0.075018754688675,2.72439795670153,-1.30606209955643,0.782396088019561,1.68269230769231,1.77095631641086,0.0943618778013662,-1.29032258064516,-1.67638483965016,-1.83077684314694,3.11601150527324,1.97368421052632,0.931098696461822,2.9810298102981,1.38084632516703,2.8348842241939,0.623655913978493,1.79514255543823,2.79203448983781,-2.43953732912724,-3.03358613217768,-0.41340295909486,0.948275862068961,-0.237632317995246,3.5625,-2.89389067524116,-2.10111621799081,0.327225130890065,1.94652406417112,2.80665280665281,0.269541778975732,0.0828672053035141,-4.41271901362753,0.879073756432255,-1.21527777777778,0.151679306608885,-1.9438922023415,-0.332446808510651,0.551024906325766,1.15468409586057,-2.75352585627937,0.73333333333333,2.0461471484545,-1.2117206433135,-2.50677506775068,-0.865603644646931,-0.297007082476572,-2.8672150411281,0.723285114325717,3.14124293785311,5.56978233034571,0.741368354162257,3.90799918583351,-3.97883597883598,-2.38353196099675,-1.07314936487079,-9.60153624579933
0,0,0,0,0,0.24352446313925,1.26775956284153,-3.29645518175661,3.88454861111111,0.238146785018401,1.21899059024808,2.05278592375367,-1.72597485616877,1.63487738419619,-1.42431972789116,-1.70810810810811,0.942385949882197,-0.3438641736514,-2.78330019880715,-3.35616438356166,1.03931314957072,-1.1888431641518,-0.459347726228762,-0.391976020290527,-6.5340211250307,-4.38461538461539,0.204708290685768,-2.57217847769028,2.78132176575656,2.26932668329178,2.7171276079573,-0.316378680944258,-0.21951219512196,1.25240847784201,2.62664165103189,0.233972859148342,-2.05348615090735,1.59774436090225,-1.91570881226055,-0.432900432900432,-0.120394895256434,1.47093712930011,-0.0474721101352861,-2.45622568093386,-0.710262062209158,0.43891733723482,-2.11653386454184,1.85728250244381,-1.91780821917809,0.0995272455834764,0.98546440009856,3.35714285714285,-0.0953288846520475,5.64425455363166,0.246747420367877,-0.473292765382017,2.52636203866434,-0.93126385809313,-2.61660978384528,0.340136054421765,-2.15427380125087,-0.325354403904254,-1.72576832151301,-1.53624579932789,16.5965965965966
0,0,0,3.14087759815242,-0.115606936416178,-0.698486612339923,0.116279069767435,-0.279850746268651,-0.775558166862527,-1.91616766467065,0.453028135431563,0.545411429926497,-0.981800766283534,2.52100840336136,0.764419735927724,1.09965635738831,3.98152221733393,-0.375358798851847,-1.31991051454138,0.842945874001765,1.78649237472767,-1.45888594164455,1.41643059490085,3.2060746677916,0.566275167785241,-1.01694915254237,-0.74706510138741,-0.106837606837616,0.0853970964987324,-0.817907877744302,1.63031971204742,4.72059713536414,-0.731558626295467,-0.0406586704614823,-2.75746814288699,-0.885142255005257,1.26924677486475,0.927643784786633,0.512715340442986,4.74702090252002,-3.16404675534059,0.181050090525052,1.95266272189349,2.25563909774435,-0.0578703703703589,0.0385653682992596,9.03350289422908,-0.299085151301891,-6.52173913043479,-2.32023010546501,2.06572769953052,0.467289719626168,2.83327279331639,4.47605829285218,-3.24198459609529,-3.46553002223869,-7.85528682790326,1.22408687068114,-1.72725446876883,-0.993914807302235,2.51137037769429,3.19678407350689,-1.81251218086143,-2.72272272272272,-0.92948070317236
0,0,3.15217391304348,2.79978869519281,-0.335689045936392,0.369653230065131,-2.82352941176471,-0.254037379785884,0.666906993511171,0.0180212650928187,-1.96618890113929,-2.06301575393849,0.707635009310992,-1.97493353589063,-0.342987804878048,1.53846153846154,-2.63816676295012,-0.444874274661503,1.86028853454821,1.2743628185907,-0.679245283018867,1.2299664554603,-2.4241267417446,-2.12475633528266,-2.64105642256903,-1.54408776919951,1.63868904876099,-0.361010830324909,-0.686591276252012,1.43312101910828,-1.45395799676898,-0.548223350253814,0.545234248788375,4.36461954422557,-0.739299610894947,0.194174757281556,3.10442144873001,-1.50878533231474,-0.576258163657313,-0.3082851637765,0.345622119815668,1.41964792731403,1.34453781512605,0.0559910414333728,-0.355871886120992,1.7120765832106,1.07448552176288,1.04523337538296,0.269590222861248,-2.09174311926606,-0.757995932704745,-1.5012197410396,-0.0939143501126919,0.485981308411211,0.130670151204033,-0.506566604127586,-1.52380952380952,-1.19506553585196,3.00990839409235,-2.98421255294571,-1.03092783505155,-2.71728271728272,-0.947962888261394,-0.181854920185889,9.25925925925925
0,0,0.591603053435105,-1.74757281553398,-0.370298187487815,-0.410958904109591,-0.531182372614604,-2.83228808415941,0.742971887550196,0.4995004995005,-2.85655569256063,-0.309214594928878,-2.92807129217058,-3.92502756339581,6.10766045548653,-3.1830805383465,0.404255319148931,1.44684420213881,-2.33905579399141,1.85341196293175,-0.168776371308013,-2.5752001731227,1.42918088737202,-0.342465753424665,-0.733074601121165,-0.172786177105843,1.48936170212767,3.11276025561739,-0.726744186046515,-2.05552023733842,3.10061601642711,4.26577550619224,-3.14274128142741,-1.71169313260466,-2.49418727541746,0.85917854149203,1.62853019995877,2.98,5.3209619390267,-0.361079437476254,1.16453794139745,-0.776074200265008,4.74215650919582,-0.726480203414454,-1.02752293577982,-1.66013803394889,0.149003538834044,0.574074074074078,-1.88679245283019,1.5418911387702,3.09630963096309,-0.470247784409474,-2.7122422441018,-0.616822429906539,1.2368469632638,0.477677751240121,-0.814965734395254,-1.52312899586311,2.77879341864717,0.0182781941144179,0.364232380258597,0.344827586206905,0.126880551024108,-1.15511551155116,7.70011846336098
0,0,0,0,-2.21814848762603,-2.26846644169478,-0.0375093773443419,0.910611410518495,-1.01370377323071,-0.60434372049103,0.376293508936963,0.0,0.931966449207829,2.25906358170888,4.70486111111111,-0.822685104148431,2.00686106346483,1.25338753387534,-2.660406885759,-0.244029980826217,0.312771503040834,-1.93057031526744,0.423280423280427,0.0352609308885684,-4.1307141545805,1.42960550126674,0.144560896277567,4.13996189156417,-0.592437706917575,-0.595968448729191,-0.404787046814496,0.31578947368421,-4.07157202848274,-1.57640949554896,-1.04947526236882,-2.71414821944176,-1.68330397338031,-0.314156685646974,1.16437026974578,2.01559231793117,5.4136690647482,-0.815956482320948,4.51869806094183,0.960219478738001,2.32791827164629,0.300551010185339,-0.943873251306257,-1.41880341880342,-1.49201943095073,-1.78350697510153,4.04947475432057,-2.18144044321331,-0.943725969940579,2.45482441186498,1.61019792016102,0.682991837414632,-1.74576271186441,1.05651517692437,1.1930405965203,-0.600100016669444,-0.401673640167367,-0.487722838883281,0.234899328859061,-0.86309020138771,-13.9633558341369
0,0,0,0,3.07840307840307,-2.21238938053096,-0.61005770816159,0.0494396835860269,0.703649157257404,-0.741839762611281,0.833742030407071,0.0490196078431391,2.94957183634634,0.473484848484844,0.141843971631211,1.79538771088066,0.600000000000001,3.27380952380953,1.23456790123457,1.41987829614603,-1.7094017094017,-2.95857988165681,-0.411334552102371,-3.9265357821406,-4.29326287978863,1.72022070756247,-0.933660933660934,-4.10982264665757,-2.87719298245614,0.471451021477219,0.899809655649759,-0.943231441048033,-3.77016494471633,0.126719768283853,1.10991765127103,1.06269925611052,-2.15306676316265,-0.144953795977542,1.00448430493274,3.54671280276816,-0.504260128673273,-1.26782884310618,0.872752661895619,0.19163763066202,-0.861008610086105,-2.54054054054053,0.197806149973025,1.64485320127343,-0.390624999999998,-5.42867839760389,-1.94656488549619,1.20663650075415,-0.855675984027373,0.773584905660371,-2.65349602944024,-3.88329979879276,-1.55292194523908,-1.66181969256335,5.64484515876127,1.58179012345679,0.192529842125519,-2.24409448818898,0.431203449627609,1.60077145612343,-9.9448685326548
0,0,1.1303839407523,-0.214843749999999,-2.37952409518097,0.338780390593865,-0.359999999999999,-0.583383625025144,-3.5625,7.13871154962275,-5.70552147239264,-1.68434185901434,0.455392258331606,-5.66491688538933,1.03896103896105,-3.35570469798658,0.930851063829775,3.63092695429304,0.0640341515474944,0.909475465313028,-1.52458664376208,-2.87165893527722,-2.39764759104276,0.293188994136226,-5.4458977407848,-1.84063937999515,-1.07711138310893,1.20918984280532,5.658224960073,0.612244897959191,-0.341296928327642,3.72398685651697,2.83099191145168,2.20649458784347,0.682241058507336,0.534649393378583,-3.27033340411977,1.977518734388,1.53720024595204,-1.16110304789551,4.75908372827805,-2.3030303030303,0.542495479204346,3.19004084808402,1.72051233033838,-2.87118977384464,-0.513935560387424,1.40323523679594,-5.07884497235307,3.68836291913216,0.99589923842999,-1.10562685093781,0.491159135559921,-0.19685039370079,0.313971742543178,-0.453380642617788,-1.82657567242071,-2.65814959818669,0.267159884915733,-1.18527760449156,-3.5529715762274,0.214868929952732,0.70407510134414,0.614927905004239,4.34077079107505
0,0,0.465017966603253,0.942211055276373,-1.94236926360725,-4.62259937472086,1.66886253842775,1.12896222318715,-0.458015267175574,-1.32596685082873,3.68241805023414,0.381679389312977,-2.92448712352684,-1.73179396092363,-0.603082421264231,-1.10659439927733,-0.865603644646931,-1.22204288678811,3.62222222222223,3.94877267876201,-0.644468313641255,-0.801212646167166,0.55986218776916,3.25,0.887879413586619,1.78462786453053,-1.54448105436573,0.938392492860059,0.869565217391304,1.47439729029686,1.25909895730868,-1.70068027210885,-0.888171174808231,-1.01957585644372,0.325203252032528,-2.71398747390398,-2.85591582563882,-1.12920738327905,2.02127659574469,-0.191856746962275,-0.881720430107519,-1.08695652173913,2.27321011259826,0.338767732373484,-0.0635593220338857,-2.47503256621798,-1.52082874145912,1.09003706126008,1.90333618477331,0.362241636479867,3.594905505341,-2.39798064787547,2.60192583486991,1.86972255729795,-0.729040097205345,1.35836995605274,-2.89825282631039,-1.14345114345114,0.166044001660436,-0.584551148225472,2.24489795918368,0.749442981567748,-0.365928034153283,0.22312373225152,-29.5323173935891
0,0,0,0,0,-1.88439551132755,-0.0847637211273557,-1.00599315068493,0.722481937951558,-1.35688132672841,-2.76671093404161,-1.75675675675676,1.53027278775783,1.22672508214676,-1.67037861915367,-0.447427293064867,-0.156845171409367,-1.33969118982744,2.8029132641801,2.37017884076706,-0.694293773052708,-1.07456140350878,0.327868852459013,-2.1661456007146,-0.516273849607192,-1.45752675928035,2.85398230088497,-0.0664157626743439,-5.61140986672901,-3.06024096385543,-5.19645120405576,4.64104423495285,3.29593267882189,-1.44652596632677,-0.428673493688973,-2.79069767441861,-1.13889576627878,-1.48241206030152,0.150526843953844,0.722291407222912,1.44820814923909,-1.77366974768924,1.06277805239743,0.442913385826771,-0.868701911144208,-0.724999999999998,-0.755667506297222,-1.09498344792462,-2.10608424336974,-1.31717597471022,-2.26293103448277,1.06609808102347,2.4187256176853,-0.156290700703314,1.71530977982591,4.42867629067775,0.14659174199854,0.799806107610272,-1.10267091399166,-1.61852589641436,-0.955253896430356,-2.44656193664693,-1.8091242789722,-0.210194429847605,9.51022349025202
0,0,2.49270750464067,2.83432105127545,-0.622245268343277,0.181159420289856,-2.54777070063694,0.422832980972526,1.20104438642296,-1.99733688415446,-0.913732867508724,-2.84687672747375,1.17454247473368,-0.881785615872142,1.91891891891892,0.242653006201142,-1.11777535441659,-1.04683195592287,-1.255230125523,-3.76266280752534,1.17276887871855,-2.76308054085831,1.5625,4.10654827968923,-0.0277546489036858,0.13858093126385,1.36686714051394,3.76216785056564,0.88657105606259,0.981151562096554,-1.81388012618296,-1.25099813681128,-1.29414936640603,-0.297458085451613,-1.45404663923181,0.164338537387004,2.1441972661485,2.12486883525707,-2.00695745250201,-0.322147651006705,3.39730290456432,-2.33545647558387,-2.05850487540628,1.36254341437349,-0.835129310344834,-1.39306200491668,-1.69444444444444,0.689655172413793,3.10077519379844,1.86253934942288,2.20625962031811,0.713194090677537,0.733249051833121,7.65818351622695,-0.445590994371477,-0.566037735849061,1.87456607266837,1.00801832760595,-2.10526315789473,-1.20738636363636,-1.44092219020173,-0.0480538202787197,0.715648854961842,0.332857822158822,14.4948160195162
0,0,-0.281096275474361,0.489510489510492,6.31142170779646,0.456521739130437,0.173611111111107,-0.633326053723519,2.92558829764681,1.54456272176997,2.46335504885994,-1.63459548934409,3.22386864237084,4.43934175277459,-0.88803088803089,-1.25097732603597,-2.79284709664455,-0.545454545454552,0.94056433860316,-0.786607503025415,1.62698412698413,0.0793021411578096,-0.53817022124775,-3.91466445733223,-2.07188160676534,-3.139991277802,0.692940666955393,-1.62852112676057,1.15292582118773,-1.90645089780536,1.9560965007607,0.151909722222223,-0.743331875819843,0.974236847802546,1.9528762470813,-0.404944586530259,-0.686695278969958,-1.28232992827647,-1.70203359858531,-0.399467376830891,1.31406044678054,-1.51178301467319,1.79039301310044,1.73782450118001,-1.56896927435171,5.24468304769771,3.73683164380839,-0.841852074564044,0.279832100739557,0.358494323839872,-0.159585078795129,-0.460921843687383,0.0,0.160064025610241,-2.16680294358135,-2.17209690893901,-1.16205366575112,-1.32733889959323,-1.72038327526132,1.75438596491228,2.34015879648976,-1.11979716881471,1.6825924387204,2.13458019922748,21.5845687868643
0,0,0,-3.81951731374607,-3.58695652173913,0.108577633007594,-0.436205016357679,-2.96429373456097,-1.75959780621573,1.92738682205289,4.06364222747796,-0.150732127476314,-0.302375809935206,0.150959672201855,0.236660929432013,0.150375939849625,4.96120865659453,2.11830535571543,2.3609756097561,-0.490196078431373,0.720264745960672,2.74517228322606,2.43812338381973,3.35594430560515,3.18008987210507,-1.63358510451432,-2.72464814146517,0.520552863040745,-1.45692952103443,0.362910542551266,1.67707404103479,0.160313501959393,-0.753768844221109,0.161261422684113,2.73614499825723,3.83777442600972,2.1482453263365,1.59754720025819,0.0806191551112613,-0.14532536735024,-3.06207355633216,-0.585872112487448,-0.0502428403952456,-0.420450723175244,2.1878598453693,1.88831504196256,-2.02535814259839,1.28413524057218,1.70953826489855,-0.935333010804718,-0.16152479405589,1.10223642172525,-2.20408163265306,0.889967637540449,0.802568218298556,-1.31728736379898,1.41093474426807,2.8958430639888,-0.0467289719626186,0.0778210116731473,-0.32792004996876,-0.156396621832982,-1.39549635267998,-0.526064084170262,2.80446234893091
0,0,0,0,-0.952380952380955,1.65469871995005,1.08091414453367,-0.418669561172291,-2.43011435832274,-2.50732660371214,-0.688524590163937,-3.14507947243828,0.353833192923338,2.62510254306809,-1.63415040853761,0.596718050721033,1.56632403328439,-1.72614107883817,0.446133509583614,1.57749227516669,-0.852878464818769,-0.329109758104321,0.311679790026243,-1.26245847176079,-1.29564193168434,1.42643887875269,1.29338572364113,1.95826645264847,-0.662465664889314,-1.97726149283243,-0.165043736590187,2.55709231264071,2.84375,1.12776147072455,0.400061547930437,-0.355157504632473,1.7298937784522,1.31775980832584,0.772659732540856,2.60492040520984,-5.31931108062795,2.16224276767075,3.02241503976862,0.874426605504586,-0.316364682197295,-1.22270742358079,0.865800865800858,-1.68745414526778,-0.545883741516678,0.761346998535865,2.07885304659499,2.61100251326446,-0.209878270603058,-1.50546797329925,-1.10568638713383,0.0143575017946951,-0.100603621730393,-0.825967251123016,-0.729820464165815,-1.36114809883119,-1.79216867469879,-1.12701797136767,-1.01538461538461,-0.712736287573588,-508.867924528302
0,0,0,0.425733207190166,-4.65346534653465,-1.86585980837115,0.7341898882029,-1.3872441211301,2.81157513975666,0.311424356662838,-0.494152528413766,1.4448051948052,-0.211485277371079,1.2688724702859,0.875656742556924,-0.303417438518053,-5.34993270524899,-2.90858725761773,1.43344709897611,-2.16178521617853,-2.83255647185371,-3.01015697137581,-3.91479562464018,2.17758588323635,1.69773020852555,1.38307552320292,-0.493782004389179,-0.440852314474655,-4.79307025986525,1.49791429654911,3.45963756177924,-163.150289017341,-5.27383367139961,-1.12820512820512,0.51020408163266,-4.36634717784878,0.424178154825017,0.789058390320895,0.575313807531378,4.92292391844853,-0.0995520159283204,-1.92795535261288,2.66666666666666,0.197141448989646,-2.06237424547284,-1.48034711587544,2.09895052473764,-2.30061349693253,-0.153609831029173,-2.89778714436249,-2.92841648590021,-1.99115044247789,6.6597831698503,-27.6021080368907,-7.50708215297451,-3.06569343065693,1.01156069364162,-0.217233888486599,-40.2030456852792,8.45724907063197,-4.46601941747572,0.193798449612399,1.80780209324452,0.849056603773584,1.39534883720931
0,0,0,0.759734093067427,-0.28571428571428,-1.64569215876089,1.71265461465271,-2.0388349514563,-2.89710289710291,-3.30237358101136,-2.86624203821656,-2.95081967213114,5.57275541795665,-2.86624203821656,0.106044538706254,-4.66148723640399,4.957805907173,-2.70855904658722,-3.24384787472037,4.79233226837062,-1.51351351351352,-2.43632336655593,0.441014332965832,0.43907793633369,-2.24466891133557,-1.5963511972634,-1.85830429732869,1.60000000000001,3.74037403740374,-1.45089285714285,2.07650273224043,2.13903743315507,1.68243953732913,9.08221797323137,1.32075471698112,-1.82516810758885,0.287356321839074,-1.65530671859786,6.46630236794172,-1.76088971269695,-2.17803030303029,3.29670329670329,0.0914913083257071,5.69456427955134,-6.0384263494968,-3.60189573459715,-2.92682926829269,-3.53535353535353,2.17391304347825,-1.91339375629405,4.61095100864554,-1.1661807580175,0.0,0.483558994197299,3.54477611940299,2.63396911898274,0.542005420054205,-0.636363636363639,-2.8999064546305,2.01649862511458,-0.0917431192660531,-0.0918273645546353,-0.183992640294401,-1.11627906976743,-3.16698656429942
0,0,0,1.00824931255728,7.14893617021276,5.92473979183347,0.239616613418525,0.0,-2.12071778140293,1.76282051282052,-1.54597233523191,2.14968152866243,-0.964630225080394,1.58227848101267,1.78710178710178,-2.54980079681274,-2.44897959183674,-2.3391812865497,-1.09797297297298,3.97404703974047,-2.57903494176373,-3.35339638865003,-0.692640692640693,-3.49462365591398,-1.17860380779692,-42.8756476683938,0.129366106080216,7.86650774731824,2.32828870779976,-1.05882352941176,1.04772991850989,1.036866359447,2.69058295964126,6.59685863874346,5.06958250497018,-4.35684647302904,5.30451866404714,-3.03643724696355,1.49551345962112,-0.299999999999994,-6.83760683760684,1.57728706624606,-0.210748155953631,-3.26441784548423,-1.1001100110011,1.51679306608885,-2.21483942414176,2.06073752711498,2.74261603375527,-2.15517241379312,1.17145899893505,-3.1868131868132,-0.220264317180612,1.30434782608695,-0.436681222707414,0.217864923747272,0.75675675675676,4.44214876033058,-0.414937759336091,1.53217568947905,3.45167652859962,3.97727272727273,-1.53846153846154,0.191938579654506,16.64
0,0,0,0,0,4.03377110694184,-3.1945788964182,1.14832535885167,2.33644859813084,6.46853146853147,0.866551126516461,1.70357751277684,7.04671417260491,0.551181102362193,3.05343511450382,-1.15830115830116,6.70028818443805,2.52808988764045,-1.56918687589159,-1.96363636363636,1.4336917562724,0.499286733238233,-0.286123032904143,3.25259515570933,-8.89223813112283,-1.7638036809816,2.10210210210211,1.40636565507031,-1.6553799849511,-1.99539524174981,-0.617760617760618,0.231124807396003,2.0377358490566,1.19313944817301,-1.13122171945702,1.33928571428571,-0.523560209424086,-1.98321891685736,-0.768639508070712,0.153491941673059,-0.617760617760618,-2.69627279936558,-4.73421926910299,-6.73758865248227,-3.10786106032907,3.5273368606702,0.176056338028165,-0.620017714791854,1.31118881118881,-0.527240773286456,-2.98642533936652,-1.65593376264951,1.4505893019039,-0.455373406193069,0.181818181818178,0.181488203266784,0.451671183378507,2.0353982300885,12.0622568093385,-5.93569661995053,1.9401778496362,0.161420500403562,-1.06035889070147,1.92,-11.3089937666963
0,0,0,2.95260295260295,5.78330893118595,2.35882773409578,0.427046263345199,0.706713780918725,-0.71174377224199,0.636492220650635,0.7719298245614,-2.73972602739727,-0.0721500721500706,-2.06185567010309,0.439882697947218,-0.0733675715333807,-1.64056674123789,2.11678832116788,-1.40636565507031,-2.73764258555133,-3.299293008641,0.856697819314637,1.60919540229886,0.305576776165005,-10.464135021097,0.420168067226897,0.91590341382181,-0.0833333333333316,-2.47651579846284,-0.948275862068976,1.02389078498294,-3.07827616534742,1.72860847018151,-2.38938053097345,1.4821272885789,-0.7908611599297,-0.441306266548991,1.30662020905924,-0.878734622144109,0.0877963125548708,0.6108202443281,-0.174825174825187,1.54905335628227,6.06305578011318,-0.243111831442458,0.483870967741939,2.05371248025276,-3.26264274061991,1.76282051282052,1.1093502377179,0.0,-1.52855993563958,1.4274385408406,-1.44810941271118,-1.3039934800326,3.76470588235294,-2.90556900726392,-2.7363184079602,-2.11685012701101,-0.94017094017095,-1.82767624020887,1.28865979381444,-1.12945264986969,-2.49332146037399,-12.3
0,0,0,0.859845227858998,0.683176771989753,4.33006535947712,-3.64098221845893,2.07296849087894,-0.83612040133779,-0.673400673400674,-0.507614213197974,-1.37221269296741,-1.56794425087108,0.173913043478257,-0.877192982456137,0.955690703735877,-2.58467023172905,1.92307692307691,-0.970873786407762,-5.88785046728973,-6.36182902584492,1.08161258603736,-2.93522267206477,1.19999999999999,-3.19917440660475,-1.1482254697286,-0.948366701791358,4.71887550200804,-0.809716599190284,2.75590551181102,-0.793650793650794,2.23084384093114,-7.7324973876698,1.13636363636363,1.42566191446029,1.30653266331657,-0.810536980749747,4.17475728155341,-1.27826941986235,1.73913043478261,-2.57680872150644,-4.02061855670104,2.90290290290291,-2.14723926380369,1.90571715145438,-0.70707070707071,-1.74717368961973,4.88758553274682,3.30812854442344,3.37899543378995,0.091240875912423,-1.38760407030528,0.368663594470038,0.913242009132417,-2.05032618825721,0.0931098696461805,0.0930232558139515,-2.87081339712919,0.0956022944550819,-1.35658914728683,-2.48262164846077,-0.599400599400604,-0.200200200200196,0.0999999999999979,-120.264317180617
0,0,-3.35781741867786,1.24352331606219,0.924024640657083,-0.828157349896481,4.82758620689655,3.33333333333333,0.943396226415091,2.84142988084327,-0.738688827331487,-2.65402843601895,-1.4423076923077,1.4218009478673,-5.28942115768464,0.199203187250992,2.33463035019455,-1.68150346191889,-3.16326530612244,-1.87110187110189,-2.66808964781217,-2.74122807017544,1.40540540540541,0.0,6.56565656565657,1.19760479041915,3.65384615384616,-7.7720207253886,5.29931305201177,-2.72177419354838,0.601202404809624,0.199999999999996,0.497512437810952,-2.55102040816326,-3.15789473684211,-3.37323177366703,5.64681724845997,-0.308959835221415,3.47912524850894,-1.71890798786653,3.60623781676412,4.3802423112768,10.5087572977481,7.91090629800307,-1.4809041309431,-7.81512605042017,-1.5358361774744,1.1804384485666,-3.13043478260869,-6.67903525046383,-3.85356454720615,-1.26829268292684,-95.2380952380952,-7.36196319018406,-6.76855895196506,2.34541577825161,-6.59090909090909,-0.456621004566221,0.454545454545465,-3.77358490566038,-1.19331742243436,3.89908256880734,3.1111111111111,0.881057268722468,15.9259259259259
0,0,0,0,0,-0.443458980044356,4.04255319148937,3.29218106995885,3.37972166998012,3.26923076923077,1.32827324478177,0.566037735849061,-3.92156862745098,3.95480225988701,5.51601423487545,-0.716845878136201,-7.93036750483559,5.31135531135531,0.364963503649643,-3.00751879699248,3.09653916211293,1.25899280575538,-1.27504553734061,-1.85528756957329,2.17785843920145,-1.84842883548983,-6.49606299212599,-1.19521912350599,5.10396975425332,-3.72549019607844,-0.393700787401566,-1.39720558882236,1.18343195266273,-0.996015936254994,-0.601202404809606,-2.25409836065574,-2.30607966457024,-0.63291139240505,2.86885245901639,1.01419878296146,1.40000000000001,2.34375,-2.4,0.199600798403189,0.792079207920793,0.980392156862742,-0.790513833992096,-0.998003992015965,0.199203187250992,-1.00603621730382,0.600000000000005,0.0,3.10077519379845,-1.1764705882353,-3.44827586206896,5.3742802303263,-1.95694716242661,-2.20000000000001,4.76190476190476,4.19708029197081,3.00884955752212,0.877192982456137,-3.07414104882459,-2.40740740740741,-28.8782816229117
0,0,-1.31826741996234,3.45454545454546,-1.10294117647058,0.548446069469824,-1.29629629629628,2.52707581227436,5.46075085324232,-2.44755244755246,-3.81125226860254,3.16344463971882,-3.83211678832117,1.61579892280072,0.357781753130583,0.356506238859188,-0.357781753130599,0.886524822695032,0.17699115044249,0.528169014084496,-1.97486535008976,-2.57826887661143,0.731261425959781,-4.5889101338432,-4.39121756487027,-1.41700404858298,-5.78158458244112,-1.30151843817787,4.75206611570247,0.819672131147542,1.01419878296146,-4.44915254237288,-1.07066381156317,2.50521920668059,-0.419287211740052,4.0241448692153,-0.811359026369169,1.00401606425704,-6.41025641025643,0.847457627118645,0.840336134453782,4.8,-1.41987829614605,-2.92275574112734,3.03643724696357,0.403225806451604,-1.22448979591836,-5.60344827586208,-3.1111111111111,-2.27272727272726,-2.32558139534885,-3.36538461538461,8.57142857142856,-0.886917960088693,7.01030927835051,-10.4783599088838,9.48453608247423,-3.41151385927504,-1.29589632829375,-5.22727272727272,2.43902439024389,-4.39814814814814,-0.934579439252337,-2.14797136038186,10.6609808102345
0,0,-0.476190476190466,1.17647058823529,4.06320541760722,-5.22565320665082,0.941176470588236,9.57446808510639,0.423728813559313,2.47933884297521,2.41935483870968,-0.404858299595133,-1.43737166324436,2.01207243460764,0.600000000000005,-0.603621730382299,-1.22199592668024,-1.02880658436214,-4.51612903225806,2.10526315789473,-3.48583877995643,1.07758620689655,-0.869565217391305,0.0,5.15463917525773,1.02040816326532,-13.4259259259259,6.89655172413792,1.48619957537156,-0.212765957446804,1.26050420168066,-1.27659574468084,0.0,-2.62008733624454,2.5531914893617,9.26640926640926,1.14503816793894,0.190476190476186,1.31578947368422,-5.34653465346536,4.71698113207547,0.562851782363982,-3.09477756286267,1.33587786259543,9.81067125645438,2.3529411764706,-3.65853658536585,1.03448275862068,-3.57142857142857,2.26876090750438,-2.13903743315508,-2.18579234972678,-2.04460966542752,0.920810313075503,-9.25553319919517,-2.2633744855967,10.1663585951941,-7.76892430278886,-1.82555780933063,-0.612244897959171,1.80360721442885,-0.808080808080809,-8.31509846827133,2.55863539445629,-46.5625
0,0,0.450450450450461,-4.22535211267607,-7.57575757575757,-14.4508670520231,0.0,-9.84126984126984,12.9834254143646,-0.277008310249314,-11.4197530864197,9.24369747899159,2.19178082191781,6.41025641025641,-0.515463917525774,-7.18232044198894,-2.25988700564972,-2.60869565217391,-8.15047021943574,7.80346820809249,11.5089514066496,0.761421319796949,4.60048426150121,3.05164319248826,2.51716247139589,-2.82352941176471,-5.1980198019802,3.34928229665071,2.33644859813085,-5.67901234567902,-20.8955223880597,12.303664921466,-15.7575757575758,-5.43130990415335,-1.29449838187702,0.643086816720258,-14.760147601476,-22.0720720720721,26.0,-4.52961672473867,1.03448275862068,6.7524115755627,-31.7796610169492,22.8758169934641,-5.51724137931035,-5.07246376811595,10.9677419354839,6.06060606060605,-11.864406779661,7.23270440251572,-5.64784053156147,7.38461538461539,-5.51948051948052,5.23076923076923,-1.88087774294671,-1.59235668789808,0.317460317460311,-0.638977635782748,6.56716417910448,12.532637075718,-2.95698924731182,-12.0481927710843,-16.4912280701754,10.9375,9.85915492957746
0,0,0,0,0,10.6217616580311,-5.75342465753425,-4.28571428571428,-6.38297872340426,-3.45911949685534,4.79041916167664,-3.40557275541795,3.00300300300301,-0.604229607250756,-7.81758957654724,9.43952802359883,-8.65384615384615,0.0,10.6017191977077,1.69014084507041,-0.852272727272722,-0.284900284900292,-5.72289156626506,7.26256983240224,1.91780821917808,2.92553191489361,5.05050505050506,0.0,3.17848410757946,-7.63157894736842,-4.39560439560439,3.95778364116095,-2.71002710027101,-2.78551532033426,2.97297297297298,-6.32183908045978,-0.578034682080925,-0.289855072463762,11.7647058823529,-12.3563218390805,-0.869565217391299,-5.1829268292683,-7.89473684210526,4.10094637223974,4.80480480480481,-2.46153846153846,-1.24610591900312,0.310559006211187,8.26210826210825,-7.01219512195122,13.9107611548556,0.522193211488251,-8.19209039548023,11.0552763819095,-1.53061224489796,-3.15789473684211,-10.1449275362319,12.6582278481013,-4.49735449735451,4.78589420654913,-10.5849582172702,-2.27920227920228,-0.28571428571428,1.40845070422535,-9.90712074303405
0,0,0,4.04040404040404,-7.02702702702702,-3.64145658263306,7.27272727272728,2.03562340966921,-5.64516129032258,-4.78873239436621,-1.42857142857142,3.58126721763085,-4.3103448275862,-7.73993808049536,1.82370820668693,-4.11392405063291,-0.958466453674129,5.72289156626506,-5.0632911392405,0.940438871473348,5.05952380952381,-1.81818181818182,0.0,5.98290598290598,-6.04229607250755,-3.11526479750779,-3.54838709677419,6.90690690690691,-0.604229607250756,-4.74683544303797,-4.98338870431895,0.986842105263166,-3.05084745762711,9.78593272171253,-5.14469453376206,-2.30263157894736,-5.92334494773519,2.04778156996587,7.27848101265823,-4.98338870431895,1.63398692810458,0.325732899022794,4.36137071651091,2.43161094224924,0.0,-0.304878048780495,1.79640718562874,-0.300300300300294,2.34604105571848,-0.887573964497049,1.45772594752187,2.27920227920227,-4.46428571428571,-3.06748466257669,3.26409495548962,0.882352941176465,0.0,-6.24999999999999,-1.5873015873016,-0.961538461538455,1.88679245283019,5.07462686567164,-3.07692307692308,-0.619195046439629,-5.9016393442623
0,0,0.319488817891367,-2.62295081967213,-3.38983050847456,0.0,9.50920245398772,-6.18892508143322,-0.326797385620908,2.23642172523961,-4.33333333333333,0.0,1.63934426229508,-0.993377483443702,3.82165605095542,2.18068535825545,1.23076923076923,0.0,1.51515151515151,2.65486725663718,-1.8018018018018,-4.0625,-0.313479623824459,-1.59235668789808,-0.319488817891381,-3.64238410596026,1.628664495114,0.967741935483879,-1.30718954248366,1.29032258064516,1.58730158730158,-3.61842105263157,-2.01342281879195,0.0,1.97368421052632,3.18471337579618,0.317460317460311,0.316455696202539,-0.636942675159236,-1.61812297734629,1.5923566878981,-2.28013029315962,-2.33333333333333,-0.671140939597316,8.58895705521472,-7.59075907590759,0.980392156862753,-0.990099009900998,1.94174757281554,3.43750000000001,0.0,-0.313479623824459,-1.91693290734824,2.79503105590063,0.617283950617284,0.0,0.0,-3.18471337579618,2.18068535825545,-1.90476190476191,-0.318471337579611,-0.319488817891381,-1.62337662337662,-0.983606557377057,-12.1323529411765
0,0,1.05263157894738,2.06185567010309,0.682593856655291,-1.3840830449827,3.34448160535117,-1.35593220338983,-0.340136054421777,2.0,-1.010101010101,-3.48432055749129,-0.701754385964913,-2.5179856115108,-1.83150183150182,0.364963503649643,-4.58015267175573,-5.22088353413654,-0.403225806451622,-8.77192982456141,1.72413793103448,-4.50450450450449,-1.8348623853211,-5.31400966183576,1.42857142857144,2.32558139534883,5.28634361233481,-0.88888888888889,-0.896860986547086,-1.36363636363635,-10.0,5.66037735849057,2.30414746543778,0.913242009132421,-0.921658986175116,-1.87793427230047,0.0,1.84331797235023,0.0,0.458715596330286,-3.31753554502371,-3.94088669950739,10.1769911504425,3.82978723404257,-7.79816513761468,-0.925925925925927,3.99999999999999,-2.73972602739726,-2.33644859813083,-4.39024390243904,2.8436018957346,4.95495495495497,1.33333333333332,0.881057268722468,-3.65296803652968,0.904977375565612,3.49344978165939,10.546875,9.21985815602836,0.0,2.75862068965517,1.36054421768708,-4.25531914893617,-3.67647058823528,-6.66666666666668
0,0,0,0,0,-3.16205533596838,2.6923076923077,-3.17460317460318,0.395256916996039,-0.396825396825388,1.17647058823529,-0.790513833992096,-2.84552845528455,9.89010989010989,-4.59770114942529,-4.4,-2.0408163265306,3.92156862745097,-5.80912863070538,0.0,-4.32900432900433,1.70212765957447,2.08333333333333,-2.12765957446808,-0.427350427350437,-7.83410138248848,0.458715596330286,7.62711864406778,0.421940928270052,3.65853658536585,3.1496062992126,-0.395256916996057,5.2434456928839,1.11111111111112,-2.27272727272727,3.29670329670329,-0.367647058823522,-0.740740740740741,1.81818181818181,-5.76923076923077,0.763358778625955,-2.7450980392157,0.390625000000009,2.6615969581749,-1.15384615384615,-13.0434782608696,1.70940170940171,0.847457627118645,0.840336134453782,4.03225806451613,0.800000000000001,-3.73443983402489,2.03252032520324,4.65116279069768,4.08921933085501,1.1029411764706,0.366300366300359,-1.1111111111111,1.45985401459854,-2.62172284644196,1.11111111111112,0.0,0.735294117647059,-6.66666666666668,54.4642857142857
0,0,0,0.0,1.54440154440155,7.82918149466193,-2.93040293040293,2.1505376344086,0.0,10.0,3.125,-2.89389067524117,1.26984126984127,3.07692307692308,0.306748466257662,3.55029585798817,0.0,0.0,-6.28930817610062,2.45398773006134,-1.24223602484471,-0.311526479750786,-1.58227848101265,-7.84982935153583,-10.1503759398496,0.374531835205985,-7.66129032258064,1.58730158730159,2.7027027027027,10.6896551724138,0.0,-7.01107011070111,5.24475524475524,3.37837837837838,-2.42214532871972,-9.88593155893537,3.30882352941178,0.366300366300359,19.7058823529412,16.8704156479218,0.0,-2.25,0.0,10.1123595505618,8.05785123966942,-9.50226244343891,-3.75586854460094,-4.41176470588235,2.85714285714286,9.67741935483871,-0.215517241379325,-2.88248337028825,4.04255319148937,12.4767225325885,3.59066427289049,-1.27272727272728,3.50877192982456,-2.5179856115108,-0.180180180180176,3.31010452961673,6.81818181818182,-3.01003344481605,-8.33333333333335,1.42857142857143,7.59075907590759
0,0,-6.34328358208955,4.79573712255772,0.353982300884964,0.528169014084496,0.350877192982464,0.0,-0.352112676056346,-2.71247739602169,-5.13307984790875,-1.34874759152215,1.70454545454545,-2.32558139534884,4.08921933085501,3.06306306306306,3.64583333333333,-2.49110320284697,-2.93040293040293,-0.738007380073801,4.57746478873239,3.56536502546689,3.28407224958949,6.59509202453987,-0.772797527047911,-2.86168521462639,1.87207488299532,-3.05466237942123,-6.32478632478633,1.34907251264756,-3.13043478260869,2.70727580372251,1.99004975124378,-2.72572402044293,0.170068027210881,0.338983050847465,-5.73476702508961,0.711743772241994,3.43642611683849,-6.98529411764706,5.39130434782608,-5.5045871559633,-1.30111524163569,6.27177700348433,-1.5929203539823,1.39616055846422,-3.61663652802894,1.95035460992907,0.353356890459372,0.701754385964913,6.09555189456343,2.88,-3.82059800664453,-2.38095238095238,-2.4390243902439,4.33333333333333,0.990099009900984,-1.50753768844221,3.55411954765752,2.05696202531645,-2.10016155088853,2.51968503937007,-1.43769968051118,-3.3003300330033,20.6806282722513
0,0,5.52050473186119,-2.92207792207792,2.8391167192429,13.6239782016349,2.0026702269693,-1.07962213225371,0.403225806451616,1.06382978723403,6.46766169154228,3.13253012048195,-5.86734693877552,8.08909730363423,-2.27817745803357,1.65094339622642,0.0,-0.35502958579883,-1.19760479041916,-1.58150851581507,-0.982800982800984,-1.75000000000001,-4.71204188481676,-1.3262599469496,3.08483290488432,-1.43415906127771,-1.32100396301188,-6.17110799438991,5.43766578249337,-3.71389270976617,-2.25035161744021,1.25,-5.88235294117648,1.16279069767442,-0.291545189504367,-1.17994100294985,1.73913043478261,-4.86322188449848,4.36046511627907,-1.32547864506627,4.90196078431372,1.92307692307693,4.58715596330275,4.86284289276808,-1.3906447534766,-1.02171136653895,0.63451776649746,-1.15532734274711,-1.69712793733681,3.52644836272041,-0.506329113924051,3.3047735618115,-0.368550368550361,2.51497005988023,-3.59801488833746,2.06561360874848,2.25653206650831,0.236966824644545,-3.17848410757946,-0.615006150061487,-3.56687898089173,-0.512163892445583,-1.56046814044212,-0.654450261780114,-0.658761528326743
0,0,0,0,2.17096336499322,1.99468085106382,-0.40053404539385,0.398936170212758,-1.07526881720429,1.97628458498023,0.654450261780102,-1.19205298013245,-2.86103542234332,-4.40967283072546,2.22531293463143,-0.139275766016723,1.64383561643836,3.69393139841689,-0.132100396301186,-0.132275132275141,-1.88679245283018,-0.542005420054201,1.99203187250997,1.18110236220472,-1.87165775401069,0.0,0.399467376830884,0.265604249668001,-1.20967741935484,-1.36239782016349,6.37755102040816,-2.48366013071895,-0.393700787401578,-1.19521912350597,0.26490066225165,-1.34228187919463,-4.05027932960894,0.27855153203342,0.277777777777784,2.57104194857915,-9.48148148148148,-2.89634146341464,0.15220700152208,6.14285714285714,-0.864553314121032,-3.73692077727952,4.70085470085469,1.12676056338028,-3.34788937409024,-0.438596491228074,-4.42748091603054,3.67647058823529,-5.10046367851623,1.37195121951219,1.94319880418536,1.03550295857987,-2.73556231003039,0.604229607250756,1.04633781763827,1.47275405007363,0.439882697947218,5.67081604426003,3.59999999999999,1.18577075098814,5.71428571428572
0,0,0,9.8503740648379,3.37349397590363,-2.21674876847292,0.611995104039176,-3.28697850821744,-1.54043645699615,-1.30039011703511,1.02960102960102,0.256739409499364,-0.386597938144333,-3.19148936170213,3.09278350515464,-0.779220779220774,-1.31578947368422,0.131406044678064,2.31065468549422,0.38363171355499,-1.69050715214564,-0.654450261780114,0.391134289439377,-6.82451253481895,0.965517241379314,0.820793433652526,1.61507402422611,2.365308804205,-1.06241699867198,2.96391752577319,-3.88219544846051,-2.32876712328767,-0.689655172413791,0.412087912087916,-1.53417015341702,-1.41442715700141,-1.0,-2.63929618768328,3.26241134751772,1.39860139860141,3.50877192982456,10.1818181818182,-3.38345864661654,0.125156445556944,-3.76623376623377,-1.31578947368422,-0.795755968169756,-1.61725067385445,-0.542005420054201,-2.92887029288703,0.554785020804439,2.43572395128552,-2.49653259361997,1.23287671232877,-0.274725274725269,0.817438692098087,2.13333333333334,-3.87811634349031,5.12483574244416,-1.06241699867198,1.69712793733681,2.54452926208652,0.253807106598979,2.11180124223603,-34.6153846153846
0,0,1.70109356014581,2.48815165876776,-0.476190476190466,-3.19410319410319,-0.618046971569848,-0.496894409937878,-0.249066002490677,-0.124688279301743,-1.51898734177214,-0.636942675159245,2.11970074812968,1.71568627450981,1.33010882708585,-1.4723926380368,-2.13032581453634,-2.5706940874036,2.5062656641604,-3.23415265200517,-3.61930294906167,-2.47252747252747,-1.39275766016714,-7.32436472346785,-3.40030911901083,-10.4095563139932,5.48387096774193,-10.912343470483,5.57432432432433,1.33333333333333,4.61049284578696,-3.7953795379538,0.655737704918033,-4.27350427350427,0.67911714770798,-3.51493848857644,4.53020134228187,-0.84602368866328,-2.60416666666667,4.79338842975207,0.165016501650162,-0.831946755407651,2.11726384364821,-3.19327731092436,-2.40963855421688,0.171821305841936,4.27631578947368,-3.40136054421769,-2.08333333333334,2.70270270270271,1.00334448160536,0.499168053244582,0.496688741721858,-0.666666666666667,-1.52284263959391,-1.02564102564103,-1.7391304347826,-2.31316725978647,3.10344827586206,0.172117039586915,3.32778702163062,-4.70383275261323,3.69127516778523,0.334448160535125,29.6470588235294
0,0,0,-5.57553956834533,2.62697022767076,-3.81818181818182,2.99823633156966,2.91095890410959,3.15091210613599,6.07476635514018,-0.469483568075121,-4.92610837438423,3.48652931854199,-1.93861066235863,-0.487012987012991,1.59744408945686,1.72684458398745,-4.08496732026144,1.29032258064516,7.46268656716418,-4.6875,-2.23642172523963,14.010989010989,-0.552486187845304,-0.277008310249314,-0.979020979020971,2.18878248974007,0.272851296043662,-5.01432664756446,-2.496328928047,1.30434782608697,-2.22222222222223,-0.596125186289121,-3.07219662058372,-2.35849056603773,-1.92307692307692,-1.46341463414634,0.966183574879221,-2.98507462686567,-0.500000000000004,3.53697749196141,-0.647249190938512,5.50458715596331,0.909090909090903,3.64963503649635,2.14285714285715,0.142653352353777,2.36768802228412,0.554016620498615,3.08724832214766,0.401069518716581,0.266666666666661,1.83246073298429,0.779220779220786,2.16010165184244,-2.20779220779221,5.52147239263804,0.122549019607841,0.48780487804877,-0.12210012210012,2.96208530805687,-1.19904076738609,2.7972027972028,-0.941176470588236,-6.64993726474279
0,0,0,0,-0.726392251815987,-1.1015911872705,1.92076830732293,1.0688836104513,1.75029171528589,1.0392609699769,-0.580720092915223,-0.93786635404455,1.27314814814816,-6.53514180024662,0.368550368550382,-0.618046971569848,0.123456790123454,0.856793145654838,3.08422301304863,3.98633257403189,4.875406283857,0.752688172043014,3.62694300518134,1.43003064351378,-3.27004219409281,1.76165803108808,-2.00845665961945,-0.960512273212398,-9.59064327485378,0.812064965197199,1.71037628278222,-1.7401392111369,1.26002290950746,1.68918918918919,-3.61726954492416,-1.1806375442739,-4.82673267326733,0.858895705521476,-0.369458128078832,-0.995024875621892,-1.1320754716981,-1.01651842439644,1.0062893081761,-2.44845360824743,0.512820512820513,-6.41200545702592,5.29715762273902,1.65184243964422,1.50187734668336,1.23609394313967,-1.25156445556946,2.08333333333333,4.0,0.117508813160985,4.27446569178854,-1.7162471395881,3.53200883002208,-2.60475651189128,1.99778024417314,-0.222469410456058,-15.5526992287918,4.42260442260443,-4.76190476190478,2.50941028858219,-0.886075949367081
0,0,0,-2.58064516129033,-0.388601036269433,-2.52324037184594,-2.44897959183674,3.92156862745099,-1.72872340425533,-2.03527815468113,-1.51515151515152,0.819672131147548,-1.52565880721221,2.17096336499322,3.15374507227333,-3.11653116531166,0.0,2.76679841897233,-0.131926121372029,0.785340314136121,-2.82637954239569,-2.90858725761773,2.03527815468114,-5.43633762517883,-2.79411764705883,3.40909090909091,-1.44092219020172,0.857142857142852,-0.574712643678161,2.10970464135022,-2.00860832137734,-1.1611030478955,-0.583941605839417,-3.63086232980332,-0.916030534351153,3.67647058823529,-3.03030303030303,0.900900900900908,-2.77777777777777,0.307692307692301,0.459418070444108,-1.24031007751938,3.58744394618834,-2.13740458015268,2.67459138187222,-1.05105105105106,2.05882352941176,-1.49253731343283,3.87374461979913,-2.34948604992658,1.1611030478955,1.2893982808023,4.38356164383561,1.0840108401084,-0.544959128065396,0.542005420054201,1.6,1.83246073298429,1.41935483870968,1.52477763659466,-0.510855683269477,1.13636363636363,-0.763358778625949,0.506329113924051,1.00250626566416
0,0,0,1.4423076923077,-1.09356014580802,-2.10918114143921,-2.0253164556962,-0.636942675159245,-0.255427841634733,0.0,0.63451776649746,-0.254452926208646,-0.127388535031856,-0.641025641025639,-1.03626943005181,-1.84696569920844,-2.8493894165536,1.47058823529412,2.34986945169712,2.91508238276299,-1.93798449612402,-1.8421052631579,-8.57142857142857,0.0,-1.89228529839883,2.13675213675213,1.81818181818183,-1.13154172560113,0.702247191011233,1.24826629680998,0.0,0.414364640883981,1.8970189701897,1.73102529960053,0.397877984084884,-0.399467376830895,-1.34952766531713,0.134770889487868,0.402684563758393,-0.539811066126856,-1.5068493150685,-1.10803324099723,2.69541778975741,0.13458950201884,-0.677506775067748,3.40314136125654,1.54639175257732,4.19753086419753,-1.12359550561798,-1.6497461928934,-0.254452926208646,1.50375939849624,-0.503778337531487,-3.11688311688312,0.259067357512948,2.52525252525253,-3.93700787401575,0.910273081924581,-1.8543046357616,5.50688360450564,-1.52477763659466,-0.76824583866838,2.49687890137329,-0.375939849624052,-6.68449197860962
