0,0,0,0,0,0,-2.56410256410256,-3.94456289978677,0.63559322033897,3.17948717948718,0.0,1.31578947368422,14.0869565217391,9.80392156862745,0.0,-2.9886914378029,-3.16666666666667,0.0,4.91283676703644,-3.0204081632653,-2.08333333333333,4.91283676703644,1.01960784313726,4.63724756918474,-2.37366003062786,-3.48652931854201,-0.959999999999994,-5.30749789385005,5.04000000000001,0.0,-4.16666666666667,-3.27022375215147,-1.04347826086956,7.10823909531503,0.0,0.0,-3.16666666666667,1.07172300082441,3.88272583201267,0.0,4.75471698113208,0.0,-0.990853658536591,0.0,-4.95999999999999,4.72560975609756,-0.923076923076917,3.7037037037037,-0.972326103216161,0.962962962962969,-2.89634146341464,2.81481481481482,-1.88679245283019,0.0,-0.990853658536591,0.981132075471704,3.63636363636364,-0.880410858400581,0.0,-4.84615384615385,3.7037037037037,0.0,-3.84615384615385,0.0,27.2523782876329
0,0,0,0,0,0,0,0,0,1.88679245283019,-2.87267080745341,-3.04000000000001,-6.38297872340426,0.0,-4.44444444444444,-2.27272727272727,4.34782608695652,0.0,-10.8968177434908,0.0,0.0,-4.95951417004047,2.37154150197627,-2.42914979757083,0.0,-1.9607843137255,6.55737704918033,0.0,-4.95951417004047,4.72516875602699,0.0,0.0,0.0,3.53488372093024,0.0,0.0,0.0,0.0,-3.66441658630666,3.53488372093024,-3.66441658630666,0.0,4.68750000000001,1.09090909090908,-4.76190476190476,2.32558139534884,0.0,0.0,0.0,-0.561272217025262,17.7692307692308,10.3448275862069,8.69017632241814,5.92417061611373,0.705882352941182,-6.25,0.0,-1.58730158730159,9.37859608745684,-0.753623188405791,-1.47058823529412,-4.61538461538462,4.41176470588235,4.86849468382765,18.7727272727273
0,0,2.08450704225353,0.0,0.671516508114163,-5.86492890995262,2.14492753623189,-0.759345794392518,-0.705882352941182,0.0,0.0,0.0,-2.22489476849069,-0.787878787878782,-11.864406779661,3.27868852459016,0.845253576072827,0.774193548387092,-2.04081632653062,-0.396563119629866,0.0,-0.866666666666672,4.76190476190476,5.97014925373134,-0.72158749248347,-1.58827122785582,-2.31250000000001,3.78833433553818,0.716417910447767,-6.34920634920635,3.07692307692308,-5.65669700910273,2.71979759645794,2.7076923076923,-7.40251156642432,1.62548764629389,3.875,0.0,2.26023213194869,0.0,0.0,-2.31250000000001,0.0,3.03030303030303,-3.125,5.88235294117647,2.85714285714286,-1.44927536231884,4.16666666666667,-4.34782608695652,5.47945205479452,-2.12646894236149,6.24344176285413,3.49367088607596,1.25,0.0,0.0,0.0,1.23456790123457,1.21951219512195,8.88888888888889,-1.12359550561798,-3.48837209302326,2.27272727272727,-24.8581157775255
0,0,0,0,1.11111111111111,-4.65116279069767,-1.17647058823529,-1.19047619047619,-5.63380281690141,2.45338567222767,-2.51509054325956,0.0,0.600000000000005,-1.26582278481013,-1.28205128205128,-4.0,-1.35135135135135,-1.36986301369863,-1.38888888888889,-5.88235294117647,1.44927536231884,14.2644135188867,1.85365853658536,6.81818181818182,-2.32558139534884,0.0,-2.38095238095238,0.0,0.0,-3.7037037037037,4.16469474680549,-0.619047619047614,0.0,-5.63380281690141,5.91575958353053,-3.07317073170731,0.0,-6.49350649350649,-6.94444444444444,-1.40845070422535,-0.737797956867191,2.11111111111111,0.717043574186426,-0.722222222222217,0.0,-0.727476217123665,-2.11428571428572,1.40845070422535,2.09597352454495,0.0,-2.89443813847899,2.11111111111111,-2.85714285714286,-4.47761194029851,5.63380281690141,-0.737797956867191,-3.64705882352942,4.22535211267606,-4.41176470588235,0.0,1.44927536231884,-1.47058823529412,0.0,3.51872871736663,16.0952380952381
0,0,0,0,0,0,0,-3.56731875719218,-2.23529411764705,-0.710900473933655,0.705882352941182,1.44927536231884,0.74798619102416,2.08450704225353,2.73972602739726,5.78213732576149,-1.94736842105264,1.2987012987013,-2.33918128654971,2.28571428571429,-2.66666666666667,1.93514644351465,-1.97333333333334,0.0,0.688559322033893,0.631578947368426,-0.635593220338988,1.92207792207793,-1.95974576271187,2.52968508002066,-0.623376623376629,0.61951471347445,-0.937988535695673,0.621439668565497,0.309757356737234,0.666666666666662,1.26582278481013,-2.11995863495346,1.47733061640346,0.0,-1.97402597402597,2.53164556962025,-1.28205128205128,0.0,4.3179587831207,0.0,0.0,0.0,0.585365853658541,2.38095238095238,1.17647058823529,0.0,0.0,0.608044901777357,-1.8095238095238,0.0,0.0,0.61523899668717,0.0,-0.619047619047614,0.61523899668717,1.16931711880262,-0.611764705882348,-1.19047619047619,9.67741935483871
0,0,0,0,-0.558139534883726,-2.38095238095238,-1.20481927710843,-0.289995166747215,1.47619047619047,-1.4983083615273,0.289156626506018,-1.21951219512195,0.0,0.0,0.0,0.0,-2.5,0.0,1.23456790123457,1.21951219512195,-0.588812561334647,0.585365853658541,5.74712643678161,0.0,-1.73058933582788,2.28519195612431,0.0,2.19043361645061,0.0,-0.539325842696634,2.1978021978022,1.60034602076125,4.18566100290094,-4.91304347826087,-1.36624063464081,0.263736263736258,0.263042525208236,0.826086956521745,0.0,4.16666666666667,-2.65183917878529,-0.559139784946232,-10.7142857142857,-1.20481927710843,0.0,-1.81550539744848,1.78313253012049,-0.924124513618683,0.0,-1.23092072870507,2.12048192771085,0.0,-1.81550539744848,1.78313253012049,-0.924124513618683,2.0952380952381,10.6382978723404,7.37091052424123,0.0,-1.48,-13.0198915009042,7.83333333333333,0.53874844591794,-3.78494623655914,-30.9859154929577
0,0,0,-1.86757215619695,0.800000000000005,0.0,-2.72491349480968,2.11685012701101,-9.25069380203515,1.18829981718463,8.83333333333334,-2.12765957446809,1.05263157894737,-1.58254918733961,0.510638297872345,-4.44444444444444,0.574458683163937,-2.30560578661844,-2.31267345050879,-3.09966618979496,1.03822557810289,-0.904761904761911,-5.0,2.4390243902439,-5.12820512820513,-5.40540540540541,5.12820512820513,6.02409638554217,-2.46913580246914,-1.86116700201208,0.0,-4.30220356768101,1.29466597617815,-1.63157894736841,5.56660039761432,0.0,-1.2072434607646,-1.94871794871794,-6.4991807755325,1.34698275862069,-0.650759219088923,-1.04109589041097,-1.72798216276476,-4.00000000000001,-7.40971357409714,1.89370800244351,-5.61290322580646,0.0,-2.44547257105089,0.786885245901634,-1.26162018592297,2.46113989637305,1.96825396825397,-0.832266325224077,0.82539682539683,-5.0,0.8592200925314,14.7605633802817,8.97435897435897,-2.63157894736842,-2.7027027027027,-2.04081632653062,-1.79674340258282,-0.338028169014077,-90.6552094522019
0,0,-4.76190476190476,1.19196988707653,-10.8484005563282,0.0,-6.99404761904763,2.25454545454546,-3.77358490566038,0.0,-1.92307692307692,-4.0,14.500683994528,2.53333333333334,0.398406374501995,3.83141762452107,2.125,1.35635018495684,-0.62034739454093,10.4444444444444,-3.56731875719218,4.13678985107556,5.81818181818182,-1.31578947368421,0.314795383001043,-60.5728727885425,1.08333333333334,0.0,2.04081632653061,-2.5963149078727,-7.37410071942446,-1.09090909090908,-7.31707317073171,-12.2672508214677,3.28389830508473,-4.88888888888888,3.01724137931034,1.06609808102347,-1.40540540540541,12.9821260583255,2.29779411764706,5.39130434782608,10.7142857142857,-15.1027703306524,2.69565217391305,-2.22222222222222,-2.27272727272727,0.0,-1.75763182238667,-4.2430086788814,3.53488372093024,-13.1578947368421,4.42655935613682,5.33333333333334,0.0,-5.0,-5.26315789473684,0.0,3.84615384615385,-1.33333333333334,3.65612648221343,-3.16004077471966,-7.44797371303395,1.93340494092373,-47.5435816164818
0,0,0,0,0,20.0,-0.482315112540197,-0.48465266558965,-6.54044750430294,-1.04347826086956,-5.6985294117647,2.15827338129495,4.30292598967298,1.10638297872341,-1.11876075731498,-9.31326434619001,-2.5072324011572,1.23809523809525,1.22295390404516,-1.23809523809525,8.21678321678321,2.63829787234043,-3.89036251105216,-6.3969896519285,2.29779411764706,-4.91803278688526,-2.4703557312253,1.26829268292684,-2.5,-2.56410256410256,-1.98744769874476,-0.631578947368426,-1.27931769722814,0.63559322033897,-0.639658848614059,-4.22222222222223,0.662251655629145,-16.9032258064516,3.125,7.19257540603247,-3.73044524669072,-3.10173697270471,-0.750000000000006,-1.52284263959391,-5.06666666666667,-5.33707865168539,-1.71428571428572,0.849858356940504,-0.857142857142852,1.68539325842697,-5.48148148148148,-17.3913043478261,14.8148148148148,-0.896860986547079,-1.05740181268883,-1.84615384615385,-5.00807754442649,-7.65217391304348,-6.87732342007435,-5.078125,21.2307692307692,-3.01109350237719,-5.16666666666666,4.91283676703644,17.9453836150845
0,0,0,1.81268882175227,10.1763907734057,-3.51123595505618,6.68414154652686,0.0,0.0,0.0,0.0,6.03448275862068,5.80046403712297,-1.41176470588234,0.0,-28.3987915407855,1.92592592592592,-3.84615384615385,-0.931677018633534,2.71903323262839,-0.914634146341471,0.90634441087614,12.4338624338624,0.917431192660554,4.625,4.53460620525061,2.78422273781901,4.22222222222223,-4.40835266821347,2.15664018161182,-2.20417633410674,-2.86396181384246,-5.54156171284635,-0.761421319796961,-3.27653997378768,-6.11961057023643,8.75634517766497,1.5,0.744416873449138,-0.750000000000006,-2.43277848911652,-1.56046814044212,-2.53333333333334,3.2258064516129,-3.33333333333333,4.82233502538071,-1.67741935483871,-3.33333333333333,2.47074122236671,-4.34192672998644,4.90322580645161,0.0,-4.16666666666666,-3.47705146036161,-2.71428571428572,4.2407660738714,0.814111261872463,-2.50347705146036,-0.983146067415734,1.79310344827586,0.0,3.33333333333333,3.2258064516129,-0.780234070221061,65.4847396768402
0,0,2.28640192539111,-0.727272727272733,4.29234338747099,4.22222222222223,2.7027027027027,27.7907884465262,33.0020920502092,-20.9361163820367,-9.48753462603879,-0.417246175243385,2.11027910142954,-7.77696258253851,3.05832147937411,-0.428571428571432,1.40845070422535,0.350877192982461,0.0,-2.66570605187319,3.00489168413697,10.5625,-12.280701754386,-4.31918008784773,9.71579643093193,-2.57627118644068,-7.74287801314829,-1.86011904761905,-1.43396226415094,-1.92307692307692,7.53911806543386,5.89022757697456,12.1176470588235,-4.61538461538462,-1.5625,1.53846153846154,9.72222222222222,0.0,4.0,0.0,1.31578947368421,-7.04225352112676,-2.1288837744534,4.45299615173173,0.328767123287664,3.33686440677966,10.6483672503549,20.4442771084337,-7.87977254264824,-0.489795918367351,6.66666666666667,6.88187300461157,-3.90711389605603,3.10714285714286,-1.37581462708182,-17.8327645051195,-10.6182161396885,8.3477508650519,-3.35270451497541,7.75257731958763,-6.87527545174085,-5.53488372093024,0.555041628122114,2.96229802513465,39.7837837837838
0,0,-2.12765957446809,2.08333333333333,0.0,-4.34782608695652,-1.36624063464081,-5.53488372093024,0.875979714153994,5.20104895104894,-12.2669283611384,-10.1621621621622,9.22473012757605,0.585365853658541,-4.4319918492104,1.85000000000001,1.23456790123457,3.29512893982809,-2.14634146341464,2.38095238095238,-0.622903689506464,-3.06172839506173,1.21951219512195,-5.12820512820513,0.662251655629134,0.607594936708866,5.95238095238095,-1.84287099903006,-5.74358974358975,0.964956830878625,-0.974358974358981,-0.67114093959731,1.6251904520061,3.95121951219512,1.20481927710843,9.30944055944056,-5.19540229885057,9.86324077911313,3.71109337589784,-0.723472668810288,-3.40814630091438,1.79591836734694,-1.53336096145877,-1.6,4.54180064308681,-2.85241835469201,-6.89350419796731,5.1948051948052,4.05948553054662,8.29340213785477,4.1681384669728,-6.83018867924528,5.15390121689335,3.6551724137931,-0.869565217391304,3.9746158984636,18.530612244898,6.9620253164557,-1.28205128205128,1.26582278481013,11.9679072877201,-6.83333333333333,-5.0,-8.10810810810811,39.6509541673463
0,0,0,0,3.35411101216977,5.09859154929578,5.48455804046859,5.81745235707121,-0.327044025157239,-4.60526315789474,0.65359477124183,8.92857142857143,27.8969957081545,-2.19298245614035,8.521906596052,17.4701986754967,1.47461829570664,-9.47142857142857,-7.69230769230769,-7.43801652892562,4.90411820182332,0.203921568627455,-4.93827160493827,1.42787603439884,6.43692120844087,0.393164978073478,7.9866425490469,7.26451612903225,-5.4421768707483,-4.25531914893617,-5.22388059701492,2.89855072463768,4.16666666666667,5.57377049180328,0.974025974025974,4.78545814269816,13.0430107526882,0.139589820680764,0.331763698630139,-0.203753351206432,0.395214697714168,0.138666666666662,-0.536193029490617,11.1904761904762,-2.18978102189781,-5.38461538461539,-7.00175592625109,-0.131868131868137,4.21052631578947,-3.26086956521739,-16.3673159625601,3.29051987767584,-0.615384615384615,-5.00129232359784,-16.8,5.19461934745277,5.24745762711865,-6.16093277673816,-3.6865671641791,2.46032901441257,-7.328125,-16.3636363636364,-2.80373831775701,12.7385418365683,-292.509603072983
0,0,0,0,0,9.52380952380952,12.5,-9.09090909090909,8.01393728222996,-208.602150537634,-37.7369668246446,0.0,-13.5171486213853,-17.8288431061807,13.3241758241758,5.69948186528497,-5.60875512995896,-1.66898470097356,4.95703899537343,-8.07142857142858,11.1111111111111,-4.09781890284203,3.93650793650793,1.5625,0.0,-1.97578075207139,0.380952380952384,-3.68663594470046,-5.6328233657858,-4.58181818181819,4.77839335180055,-7.44047619047619,8.50918992511913,7.08412397216952,-7.1864406779661,-8.2171680117388,0.43827611395178,0.0,-9.52,-1.54346060113728,-4.23370025402201,0.0,3.59183673469387,-13.3209990749306,9.91666666666666,18.6440677966102,7.8125,-2.82776349614396,-1.1703511053316,5.35384615384615,-4.4344473007712,-3.32005312084993,0.396825396825388,0.852459016393448,3.17460317460317,-2.00777202072539,-0.390117035110525,-7.92982456140351,2.53077975376196,3.75246872942726,-2.08333333333332,-0.881355932203395,5.99107711918419,-0.448143405889887,39.644513137558
0,0,0,0,0,0.375000000000003,13.5135135135135,7.5,14.8936170212766,-15.3091265947007,-1.9,11.1111111111111,-7.75862068965518,-3.11111111111111,6.6390041493776,0.0,-7.80318091451292,-7.65115034777956,-0.700431034482772,2.31578947368422,-6.26398210290828,3.97422126745436,-3.44444444444445,-2.85714285714286,6.66666666666667,3.54938271604939,-5.08108108108109,6.04367699339767,-7.89041095890412,1.67025862068965,-3.45596432552953,7.99999999999999,0.306748466257662,2.49252243270189,3.9272030651341,-1.85365853658536,1.8199233716475,1.13636363636365,12.6911947085573,1.74654752233956,12.8495575221239,2.58620689655172,6.45161290322581,-10.7142857142857,-2.75229357798165,11.3821138211382,-10.571736785329,-4.70632530120482,5.34568781183179,1.12755461592671,-3.2,-7.84313725490196,2.14888718342287,-10.8936170212766,-13.2530120481928,17.3964968152866,1.06341079165025,-3.37947882736157,5.97243491577336,-0.693909020817269,0.230769230769226,-2.97029702970297,2.43431221020092,0.0,-78.7292817679558
0,0,0,4.30769230769231,0.952380952380952,-3.71394705649941,-3.30612244897959,2.0,-2.04081632653061,-7.69230769230769,-2.84810126582278,-17.9733333333333,6.53040877367896,-0.299999999999994,3.6144578313253,3.21828358208956,1.69646950939935,0.319926873857405,-4.48901623686723,1.45882352941176,3.93309222423147,-3.17164179104477,8.29769033361847,-1.12456747404843,6.09260763606824,-4.23370025402201,9.36300844205678,-2.19607843137254,-17.5656984785615,3.34224598930481,0.53191489361701,-4.01106500691562,7.22840034217279,-3.91111111111111,-8.12109562710236,-2.76543209876543,-3.21100917431192,-3.26315789473685,-3.37323177366703,-2.79642058165548,3.35135135135136,-2.77777777777778,-9.09090909090909,-6.45161290322581,1.58730158730159,-5.84677419354838,2.0408163265306,3.55555555555556,-7.21579305650102,8.1875,13.2321041214751,-9.24170616113745,-2.3030303030303,-4.76190476190476,-3.27868852459016,-1.66666666666667,5.89711417816813,-2.04865556978233,-4.97311827956988,-0.47265361242404,-7.70909090909091,-1.85185185185185,12.22366710013,-6.21546961325967,49.8614958448753
0,0,0,0,2.73972602739726,-8.44024307900066,-13.9230769230769,9.15443745632425,0.486787204450628,-1.84135977337112,2.62068965517242,-3.12944523470839,13.1562693020383,11.5783724740579,3.63157894736843,0.990099009900997,10.9925788497217,0.277520814061065,-2.95238095238096,5.06329113924051,-0.271985494106991,4.08695652173914,7.07070707070707,3.65901128843909,-4.85714285714286,-1.57545605306799,-1.81511186154495,-4.73032714412025,0.832967996492756,-1.6488413547237,1.10180696342001,5.45833333333333,-6.66666666666667,0.530503978779845,-2.26039783001808,0.0,-3.80103237916472,-5.5473006438831,0.0,8.22727272727272,6.85859441151567,1.58333333333333,1.27519539284245,8.91719745222931,4.67857142857142,2.40501917044267,0.863856254319281,-7.42390497401633,-4.09582689335395,-7.83333333333333,4.22984836392657,7.83376241265172,-7.42789411299883,-3.55973813420621,11.1272727272727,-5.28330781010719,-12.3440860215054,-0.562283737024217,9.33333333333333,0.970873786407767,6.15889212827989,0.218181818181814,-0.695715854998174,5.43628808864266,15.0588235294118
0,0,0,0.641482537419814,8.0,6.15384615384615,2.69461077844311,4.02298850574712,0.741585852823745,6.50666666666666,3.10077519379846,-2.51655629139074,5.19839276745354,0.250501002004012,-2.28029720727646,-4.61002412221924,-10.0589970501475,5.17482517482518,-3.65323282110756,-0.407569141193597,7.26241900647948,3.54166666666667,-2.67379679144385,-4.32357043235703,-6.8554396423249,-8.47074038150662,-1.40983606557377,3.05149396058487,1.90208917991893,0.31084861672366,-1.70723996206134,0.471994965387043,6.52941176470588,6.41343242499311,-2.83045570336824,-1.81556195965417,-4.54956312142213,-8.57049394831533,4.97357786757849,-2.15941568751986,-11.8650088809947,1.74520069808028,1.5125472671021,2.11978465679677,-0.609343263371698,2.89283366206444,-0.396039603960399,5.16431924882629,-4.44589735207584,0.520325203252033,0.0,0.517631834357813,-8.87636491722437,4.53934095494283,-6.21428571428571,-6.46387832699619,3.41535071612192,5.12195121951219,4.14161656646627,0.199999999999996,-0.704934541792551,-4.16083916083915,1.88679245283018,14.2647058823529,-34.5468935496636
0,0,0,0,0,0,0,-4.0,-5.22623640827779,-5.24178663713548,-6.19364954919639,1.6955684007707,1.59271899886235,2.0066889632107,-5.94488188976379,-0.0393855848759276,-2.91852452371301,-2.74885464389838,8.18355640535372,8.24561403508772,2.96220633299285,-3.56135401974613,2.20689655172414,0.343642611683854,-2.79053338043095,-2.87063953488372,-4.28192497158014,-1.93124758594052,-1.72888015717093,1.35658914728683,4.62107208872458,-5.21197977440684,2.05714285714285,-2.14007782101168,2.20700152207002,1.83040717220769,0.851851851851853,1.0989010989011,-2.47747747747748,1.00334448160535,-4.42374854481956,8.12834224598931,7.79092702169625,14.5265524023602,-3.88207822533568,-5.25345622119816,-1.08695652173911,-1.73775671406005,-1.93236714975845,4.60829493087557,-2.90863104647486,-6.93035835023665,1.89054726368159,-4.18106427090531,-11.7374517374517,-4.18342719227675,-10.2439024390244,-2.26757369614512,3.79581151832461,-0.702987697715291,1.93881947436449,-0.519705500216548,0.0865426222414521,8.54768500197863,-10.1089324618736
0,0,9.08100254268071,4.57538994800693,0.0,-0.980049002450126,0.452961672473864,0.347222222222227,-0.173913043478263,-2.67857142857143,-0.214745884037218,-0.612171407994245,-3.19583797844667,-0.0371747211895969,2.32389251997095,-2.0,-5.26315789473685,-1.38339920948616,3.58231707317072,-0.729366602687131,-4.36698717948718,-4.61022632020118,4.67439073112266,0.714002380007932,-0.840000000000003,0.398406374501998,-0.924809006835547,-2.30357877416702,-2.14285714285713,0.0839630562552459,-1.18946474086661,3.32648870636551,-2.56950294860995,-11.1943793911007,-1.86068702290077,1.17868929750118,0.0942063118228901,3.0593607305936,0.18231540565179,0.453720508166959,-0.0453926463912756,-0.593607305936085,-3.44827586206895,1.35135135135135,-0.468164794007497,-0.187617260787988,-1.42721217887726,1.03578154425612,-1.87050359712229,-3.99002493765586,1.42576204523107,-11.0868377935554,8.26653306613227,-5.21876647337903,6.4595660749507,7.60820045558086,-4.92351816443593,-2.29828850855747,2.61904761904762,-1.84287099903006,6.05922551252847,0.902934537246046,-0.22624434389139,3.70370370370369,-350.884086444008
0,0,0,0,0,0,0,-3.83903792784458,-2.85442435775453,2.90993071593533,-5.60975609756097,3.75586854460094,-4.51422963689893,-1.09126984126984,0.0991080277502457,-1.15288220551379,0.0501002004008094,-4.22976501305484,-1.26916975145425,2.22337125129266,-2.27392913802221,-1.12299465240642,-2.74725274725275,-6.12244897959184,4.56316082359488,4.41489361702129,-0.427350427350437,6.63341645885288,-5.47080483955812,-2.42456896551726,4.82051282051283,1.1156186612576,1.5476784822766,-4.86910994764398,-0.526315789473692,0.262467191601054,-4.95867768595043,0.0,-1.51006711409396,1.75824175824176,-6.49502633118782,1.15673799884326,-4.47129909365558,-5.41401273885351,3.68098159509203,3.60733293908929,-3.48837209302326,7.05346985210466,-5.52220888355341,-3.54257302672468,4.11203814064363,4.55062571103525,-0.457142857142847,-22.3776223776224,-2.72988505747127,-3.80313199105145,0.0,-143.818181818182,3.33919156414763,3.5593220338983,-1.72413793103449,-5.64663023679416,-8.28402366863905,0.392927308447929,-255.944055944056
0,0,-9.0439276485788,-1.8421052631579,-6.14525139664804,10.5,3.14769975786925,-1.97530864197531,-7.71276595744681,7.84313725490197,-7.36842105263158,3.30788804071248,-5.36193029490617,2.35602094240837,1.79948586118253,1.51898734177215,-4.77453580901857,-2.72479564032698,-2.22841225626741,-6.21301775147929,0.879765395894435,2.57142857142857,12.5,-0.502512562814071,0.748129675810469,-4.15584415584415,4.93827160493827,1.6990291262136,3.05882352941176,-27.6276276276276,-10.2649006622517,0.330033003300323,-15.2091254752852,-14.3478260869565,4.16666666666667,-6.66666666666666,-4.65116279069768,0.0,6.52173913043478,-7.98122065727699,-6.49999999999999,-11.1111111111111,-4.04624277456648,-3.59281437125749,1.18343195266272,-5.62499999999999,-2.56410256410257,-10.6382978723404,7.23684210526316,3.18471337579618,3.68098159509201,-18.1159420289855,-4.54545454545453,3.64963503649635,-2.23880597014926,-6.34920634920635,2.32558139534884,1.52671755725191,5.75539568345323,4.79452054794521,-4.28571428571429,-1.44927536231884,6.75675675675676,-3.4965034965035,-41.5841584158416
0,0,0.78740157480315,10.5633802816901,-5.18518518518517,-0.746268656716419,-7.20000000000001,3.10077519379845,-3.2,4.58015267175573,-2.34375,-5.78512396694215,1.6260162601626,-6.0344827586207,-2.65486725663717,-7.6190476190476,4.54545454545455,5.98290598290597,12.0300751879699,14.1935483870968,0.0,-1.30718954248366,-34.2105263157895,0.869565217391305,1.70940170940171,-3.53982300884956,-5.607476635514,-4.90196078431373,-3.03030303030303,1.0,-1.01010101010101,0.0,-4.21052631578948,2.06185567010309,2.02020202020202,22.0472440944882,0.0,-3.25203252032521,-11.8181818181818,15.3846153846154,-7.43801652892563,-3.41880341880342,0.847457627118645,5.6,-1.6260162601626,-9.82142857142856,2.6086956521739,2.54237288135593,4.06504065040651,1.6,0.793650793650794,-5.0,0.0,-9.09090909090908,0.900900900900902,5.12820512820511,-6.36363636363635,-2.80373831775701,-10.3092783505155,-2.10526315789474,5.0,5.66037735849057,-6.00000000000001,0.990099009900991,30.8219178082192
0,0,3.80952380952381,-7.14285714285715,2.97029702970297,-5.20833333333334,-4.34782608695651,7.07070707070707,-6.4516129032258,6.99999999999999,-3.09278350515464,-5.43478260869564,6.12244897959183,-7.69230769230769,0.0,-1.11111111111111,-1.12359550561798,1.11111111111111,0.0,-3.44827586206897,2.24719101123596,1.11111111111111,-1.12359550561798,4.30107526881721,13.0841121495327,16.40625,18.9873417721519,9.19540229885057,-12.258064516129,-16.5413533834586,7.63888888888888,-8.27067669172931,1.48148148148148,-3.84615384615385,3.70370370370371,-6.2992125984252,-3.25203252032521,8.2089552238806,-4.6875,1.53846153846154,2.25563909774436,13.6363636363636,2.53164556962026,-7.48299319727892,-11.3636363636364,2.94117647058824,-2.25563909774436,18.9024390243902,6.81818181818182,-5.38922155688623,3.46820809248555,-4.84848484848485,-1.85185185185184,2.40963855421686,0.0,-1.84049079754601,-7.23684210526315,3.18471337579618,5.42168674698794,-3.10559006211179,-2.54777070063694,0.0,-3.97350993377484,-3.42465753424658,36.2445414847162
0,0,0,0,0,1.80722891566265,3.48837209302326,-1.1764705882353,3.95480225988701,11.9402985074627,9.04977375565612,-3.27102803738317,2.72727272727273,-6.28019323671499,-11.8918918918919,3.14136125654449,-5.52486187845303,3.72340425531914,-6.21468926553672,-7.92682926829269,6.81818181818182,-3.52941176470589,1.16279069767442,-2.38095238095238,-0.598802395209581,-6.36942675159235,0.632911392405064,-4.63576158940398,4.43037974683545,-5.33333333333334,-1.35135135135135,0.0,2.63157894736842,5.0,1.840490797546,1.21212121212121,6.77966101694916,6.84210526315789,0.0,-7.95454545454545,-7.97546012269939,6.32183908045978,-0.578034682080925,-2.97619047619048,1.1764705882353,-1.79640718562874,-11.3333333333333,6.25000000000001,4.19161676646706,-9.15032679738562,1.92307692307692,-1.96078431372549,-4.08163265306123,4.54545454545455,5.52147239263803,1.80722891566265,-4.40251572327043,-1.92307692307692,-7.58620689655173,8.22784810126583,2.46913580246914,-3.84615384615385,3.1055900621118,29.6943231441048,11.9230769230769
0,0,0,0.552486187845304,6.70103092783505,-5.43478260869564,-6.35838150289018,-2.97619047619048,2.32558139534884,11.7948717948718,8.8785046728972,0.465116279069758,2.27272727272728,13.7254901960784,11.4583333333333,-2.85714285714286,-4.08921933085501,19.7014925373134,2.89855072463768,-8.15047021943574,-18.1481481481481,-5.46875,10.1754385964912,-1.7857142857143,0.0,9.38511326860842,-4.7457627118644,9.78593272171253,10.1648351648352,-6.74486803519062,-10.7142857142857,8.05970149253731,4.28571428571428,-4.4776119402985,-13.1756756756757,-0.33898305084745,1.66666666666666,2.5974025974026,5.23076923076923,6.34005763688761,-1.75953079178886,-9.2948717948718,2.5,1.840490797546,-4.82315112540193,-1.63398692810457,7.83132530120481,-1.52905198776758,7.10227272727273,17.1764705882353,1.62037037037038,-6.14250614250614,-1.75000000000001,-2.56410256410257,-1.29870129870129,-1.58311345646438,-5.57103064066853,-5.27859237536656,-16.7808219178082,-0.689655172413794,-6.22710622710622,0.727272727272728,-3.38345864661654,-2.30769230769231,5.10948905109489
0,0,-1.7857142857143,-0.719424460431655,0.358422939068109,-5.28301886792453,1.48698884758364,3.23741007194244,-3.73134328358208,3.59712230215826,-29.3023255813953,1.82648401826484,0.904977375565612,-0.913242009132421,-4.78468899521532,0.9478672985782,-4.97512437810946,-0.499999999999989,5.21327014218009,0.0,28.4745762711864,-7.27272727272728,-4.56273764258556,-0.381679389312969,0.380228136882121,4.014598540146,-10.0401606425703,0.399999999999992,3.10077519379845,-0.389105058365768,-2.39043824701195,-0.399999999999992,-0.806451612903226,-3.33333333333334,-0.418410041840995,0.416666666666658,-3.89610389610389,0.858369098712447,-2.19298245614036,-2.2421524663677,-0.904977375565612,0.896860986547086,-1.36363636363635,16.9811320754717,-6.0,0.793650793650794,0.78740157480315,1.55038759689923,11.0344827586207,-9.43396226415094,-2.31660231660232,3.35820895522389,0.371747211895903,2.88808664259928,1.42348754448399,3.76712328767123,-2.45614035087719,-2.1505376344086,3.79310344827586,1.6949152542373,-1.72413793103449,-5.45454545454545,0.0,-0.364963503649627,1.08303249097472
0,0,2.13523131672598,-1.07913669064749,3.80622837370243,0.687285223367698,-0.69204152249135,2.03389830508475,0.337837837837831,-4.59363957597173,0.352112676056331,2.40549828178695,-0.69204152249135,0.0,-1.04895104895106,-0.350877192982449,-1.42348754448399,1.40350877192983,0.696864111498258,-1.05633802816902,1.73010380622838,-1.40350877192983,6.86274509803922,5.84615384615384,-2.52365930599369,-0.955414012738847,-2.95081967213116,-2.3489932885906,-8.36363636363636,-2.23048327137547,2.88808664259928,-3.74531835205993,2.1978021978022,0.727272727272728,-3.77358490566038,-5.57768924302789,2.71317829457365,0.0,2.27272727272727,7.69230769230768,-2.14285714285715,-0.719424460431655,-1.09090909090908,2.13523131672598,2.09059233449478,-1.41342756183746,2.41379310344827,0.0,-0.346020761245667,-7.43494423791822,3.58422939068101,0.0,-5.28301886792453,0.0,3.28467153284673,6.80272108843536,-1.73010380622837,2.6936026936027,-4.57746478873241,0.0,-1.42857142857143,-0.358422939068093,-2.95202952029521,2.16606498194946,-20.4347826086957
0,0,0,0,8.94568690095846,-1.95439739413681,-0.655737704918033,3.17460317460318,7.89473684210526,3.66197183098591,-2.30547550432276,2.25352112676055,4.05405405405406,-16.7192429022082,-2.92207792207792,-0.983606557377057,-1.66666666666666,-3.44827586206897,2.02702702702703,-1.36986301369863,1.01694915254238,0.0,-7.27272727272728,-1.4760147601476,0.732600732600733,0.0,2.84697508896797,0.706713780918728,0.0,1.04895104895104,-3.62318840579711,0.361010830324918,4.1522491349481,-0.34722222222223,4.63576158940398,0.330033003300323,-0.999999999999993,0.0,-1.35135135135135,3.26797385620915,2.54777070063694,-1.29032258064516,0.321543408360122,2.20125786163523,-0.632911392405064,-3.26797385620915,0.0,-4.43686006825938,2.33333333333333,-3.80622837370242,2.36486486486486,0.671140939597316,-3.83275261324041,2.71186440677966,3.27868852459015,-1.66666666666666,-10.2941176470588,-10.5691056910569,0.806451612903226,0.0,-4.64135021097046,-2.5974025974026,-0.434782608695662,0.0,-28.4916201117318
0,0,0,0,1.97628458498023,-3.68852459016393,9.62962962962964,-3.44827586206898,-2.35294117647059,-1.59362549800797,-3.29218106995883,-0.413223140495877,4.7244094488189,-2.41935483870968,-2.90456431535269,3.59999999999999,-2.88065843621398,0.816326530612245,2.77777777777777,-10.5263157894737,1.72413793103448,0.0,-5.45454545454544,-4.76190476190477,3.2258064516129,-5.85365853658537,-0.490196078431362,-4.08163265306123,-6.52173913043478,-6.35838150289018,-4.21686746987952,6.21468926553673,-1.72413793103448,1.69491525423729,-0.568181818181819,2.22222222222222,-2.27272727272727,-1.14942528735632,1.69491525423729,7.8125,-4.91803278688524,1.61290322580645,0.53475935828877,-3.88888888888889,-2.27272727272727,-6.66666666666667,-3.77358490566037,4.79041916167664,4.02298850574713,-2.95857988165681,3.42857142857143,-3.55029585798817,0.0,4.51977401129944,-1.14285714285714,0.0,-2.94117647058824,7.60869565217392,-2.79329608938548,-1.70454545454546,7.36842105263157,-6.74157303370786,-0.56497175141243,1.11731843575419,7.25388601036269
0,0,-2.17391304347825,-4.54545454545455,1.67597765363129,-1.70454545454546,0.0,-4.14201183431953,-3.04878048780488,3.52941176470589,-3.03030303030303,-0.609756097560976,-3.79746835443037,-5.33333333333334,0.0,1.31578947368421,-0.66225165562914,0.0,-2.72108843537415,2.64900662251656,1.30718954248366,0.64935064935065,3.75,2.43902439024389,2.38095238095238,-6.32911392405062,-3.94736842105263,-4.82758620689656,3.97350993377484,-2.72108843537415,2.0,5.66037735849057,14.0540540540541,-2.77777777777778,-2.85714285714286,9.79381443298969,9.76744186046511,6.11353711790394,6.14754098360655,-6.55021834061135,-1.3274336283186,-6.60377358490565,1.39534883720929,-1.8957345971564,0.938967136150236,0.0,-0.9478672985782,0.938967136150236,0.467289719626179,-2.88461538461539,3.25581395348836,-0.938967136150236,-1.42857142857142,0.0,-0.478468899521542,-6.63265306122448,-3.70370370370371,4.54545454545455,-4.76190476190477,-2.16216216216215,2.11640211640211,-1.61290322580644,3.12499999999999,0.518134715025907,40.6153846153846
0,0,-0.52910052910053,2.07253886010363,-2.11640211640212,-2.16216216216215,2.63157894736841,-0.52910052910053,-3.84615384615384,5.20833333333333,7.2463768115942,0.480769230769242,5.88235294117647,23.7931034482759,0.684931506849316,1.35135135135135,-2.06896551724138,10.4938271604938,-6.22950819672132,2.24358974358975,-1.62866449511402,-2.33333333333333,0.0,0.332225913621255,2.90322580645162,6.34441087613293,1.78041543026706,-3.05810397553517,0.304878048780481,-0.30581039755351,-0.92592592592592,-0.934579439252344,1.23076923076923,-2.84810126582278,-0.958466453674129,0.949367088607603,-2.5974025974026,-0.653594771241831,-1.66112956810632,1.63398692810458,-3.03030303030303,-4.9469964664311,2.41379310344827,-4.69314079422382,8.58085808580858,3.19488817891374,-5.74324324324324,1.33333333333333,-2.73972602739726,-3.18021201413427,3.08219178082191,0.0,0.0,4.88599348534202,0.967741935483879,-9.92907801418441,4.72972972972973,0.336700336700344,5.7142857142857,2.77777777777779,3.85756676557863,3.16091954022988,-5.77507598784194,-1.23076923076923,-38.8888888888889
0,0,0,0,0,-7.3943661971831,4.69798657718121,0.666666666666667,0.0,-3.44827586206897,3.65448504983388,2.58899676375405,2.21518987341773,2.16718266253869,3.58208955223881,-0.299401197604797,-6.36942675159235,-7.90378006872852,1.35593220338983,0.673400673400674,-0.337837837837846,1.33333333333333,0.990099009900984,0.655737704918033,-0.993377483443702,0.330033003300323,0.655737704918033,-0.993377483443702,-0.33222591362127,-0.333333333333326,0.0,0.0,-2.73972602739726,1.01694915254238,-11.3207547169811,-1.92307692307692,-8.33333333333334,4.0,-1.6260162601626,-6.95652173913044,0.0,-1.76991150442478,3.41880341880342,6.40000000000001,2.34375,-1.18577075098815,2.6923076923077,10.3448275862069,-3.9426523297491,1.41342756183746,-1.4336917562724,-4.88721804511278,-3.10077519379845,2.27272727272727,-5.17928286852591,-4.58333333333333,-0.840336134453782,0.418410041841014,0.416666666666658,-2.56410256410257,0.425531914893627,-3.0701754385965,2.14592274678113,0.427350427350418,66.3309352517986
0,0,-5.58139534883721,0.921658986175116,-0.462962962962953,6.08695652173912,-1.32158590308369,-3.18181818181817,-3.28638497652583,0.930232558139536,-0.938967136150236,-2.89855072463768,-3.49999999999999,0.0,-2.04081632653061,0.50761421319797,-2.07253886010363,0.0,-1.57894736842105,-4.39560439560439,-8.33333333333334,21.8604651162791,14.0,-12.6126126126126,7.11297071129707,4.01606425702812,2.35294117647057,14.1414141414142,12.9032258064516,2.57142857142857,0.0,7.4074074074074,0.263852242744069,-0.530503978779841,-0.533333333333334,3.35051546391752,0.512820512820513,-3.17460317460318,-0.531914893617022,7.1604938271605,12.9032258064516,-6.89655172413795,-0.46189376443417,14.7637795275591,6.2730627306273,5.57491289198607,10.0313479623824,-7.5885328836425,-3.67132867132867,2.55536626916525,11.0606060606061,4.06976744186047,-6.99844479004666,-0.783699059561126,3.33333333333333,5.71428571428572,0.709219858156026,-2.76967930029154,3.24400564174894,-1.86781609195402,-1.31004366812227,1.43472022955523,-0.577200577200578,0.287769784172669,66.5865384615385
0,0,-2.40811153358682,3.19018404907976,10.4395604395604,0.21929824561403,2.97872340425533,6.46766169154229,-0.0996015936255136,-1.72239108409321,16.213921901528,2.1594684385382,-0.92204526404023,-6.51785714285715,-2.56410256410256,5.86206896551724,-1.04529616724738,3.12236286919831,-0.423728813559313,-1.81190681622089,9.94560994560994,-3.12499999999999,-2.80065897858319,3.87965162311956,-3.69458128078819,-6.93590869183494,-6.05214152700187,-1.41643059490085,-2.51694094869312,-1.27450980392158,7.18835304822567,22.8230337078652,-5.32544378698225,9.07868190988567,-0.0672947510094198,3.81877022653722,0.961538461538464,2.07156308851224,5.5720213396562,0.939518496770406,-2.22088835534214,-2.90302655960469,3.85985748218526,0.941176470588236,-2.96789824348878,1.72619047619047,5.24534686971235,-2.48554913294798,0.0577700751010861,-1.10981308411214,-4.07294832826749,-0.427350427350429,9.50276243093924,1.73724212812161,0.967741935483869,-0.977198697068402,-1.5995587424159,-4.13555427914991,3.49223946784922,10.8255066732575,-1.55622489959839,-0.251635631605439,5.29075309818875,-0.865384615384614,-12.4324324324324
0,0,0,-0.749999999999993,-5.82010582010583,1.25391849529782,0.674623767514266,-4.04967602591793,-7.11393869288606,5.31215772179629,4.59770114942528,-0.789889415481844,-5.14950166112957,3.93617021276597,-3.46725371491469,1.94279546681057,0.53676865271067,4.51050743208612,-0.670794633642944,-6.07553366174055,3.33333333333333,1.35699373695199,-0.156821745948778,7.98460798460799,2.98646756882875,-2.09623630300144,12.9045643153527,-3.92410521776628,-5.60109289617487,-21.2589729431254,3.82368560807222,-3.97570403092214,-10.0911854103343,2.89256198347109,-0.89338892197738,3.50574712643678,4.2904290429043,2.04741379310344,-4.85875706214689,0.169204737732663,-4.29411764705883,-1.13027959547889,3.77790497996566,2.51116071428573,3.70768404083825,-1.80525164113785,-4.75644699140402,7.18085106382979,3.44119157678479,-0.880829015544032,2.08016235413496,0.454545454545454,-2.0618556701031,0.0,3.2901296111665,-0.350175087543773,-3.30749354005166,1.52671755725189,1.84815184815185,-1.11111111111111,-2.27272727272728,-1.14942528735632,-0.209424083769629,-3.24324324324325,-45.6692913385827
0,0,0,0,0.156412930135564,-0.26136957658129,9.80669495520981,-2.6621490803485,1.29001433349259,-3.25604341391219,-0.346534653465348,-2.38215914850481,3.18940137389597,0.244738130200689,-3.65296803652967,0.303490136570555,0.201918223119632,1.14770459081837,3.18840579710145,1.98863636363637,6.04982206405694,3.1451960361913,-0.129421915444353,-2.52100840336135,-2.91306326809286,0.181735574738767,0.181405895691606,-2.6536312849162,-1.12994350282487,-2.95685894328647,-2.22993062438057,-4.07426508509541,1.82278481012658,3.32843857072932,-1.38957816377172,-2.54452926208651,1.305876443998,1.82445759368837,5.23364485981307,-0.469483568075107,-10.077519379845,6.06796116504854,0.913900913900903,-1.86183243508084,-3.92057026476578,-2.02597402597403,-2.39361702127659,0.318133616118763,0.0529941706412377,-2.00000000000001,-1.09289617486338,-3.04054054054054,-9.35960591133007,-49.5395948434622,-2.64650283553875,2.93577981651376,-0.183823529411761,-1.68224299065422,1.38248847926268,3.38379341050758,1.66374781085814,2.30966638152267,8.60046911649726,-0.708661417322834,-47.3317865429234
0,0,0,0.422654268808121,2.39273927392739,-2.45139475908706,-4.13732394366198,-1.61001788908765,1.49779735682819,2.90846877673225,-1.74064403829416,-0.612959719789845,1.29645635263613,1.1111111111111,-0.343053173241845,-1.74520069808027,-2.13903743315508,0.53191489361701,-0.714285714285715,0.355871886121005,0.706713780918728,-1.25223613595707,-1.91431175934366,-10.5846774193548,-6.66666666666666,5.10204081632653,-0.204498977505126,-1.76899063475546,1.33470225872691,-2.09643605870022,-0.104931794333681,-1.16772823779193,-0.964630225080384,-3.66666666666667,3.12163616792249,1.69312169312169,0.316455696202544,-1.39037433155081,4.29887410440123,-1.45379023883696,-2.01271186440679,2.98047276464544,1.81634712411705,1.9782393669634,-6.64556962025315,-0.423728813559332,-0.74706510138741,-0.752688172042995,-1.08695652173915,-2.22222222222221,-2.1566401816118,0.339366515837097,2.75027502750275,-0.776053215077608,-1.12107623318385,-1.59453302961276,-1.03567318757192,-0.812064965197219,1.71037628278222,0.340909090909104,-3.04449648711946,1.61290322580646,3.12500000000001,-3.94431554524364,29.1700903861956
0,0,0,0.237247924080659,1.17233294255568,-0.471142520612475,1.16414435389988,-0.940070505287897,-4.54545454545454,-3.56234096692112,-0.640204865556987,-1.95822454308093,5.31520395550061,-4.38709677419355,0.641025641025639,3.7037037037037,2.76110444177672,-4.51693851944793,-1.78799489144316,0.0,-0.642673521850897,9.74477958236658,2.8184892897407,-1.83696900114809,-1.27906976744187,-1.8957345971564,-2.17917675544794,-0.609013398294749,2.37812128418549,-1.44752714113391,2.00945626477543,3.09278350515463,9.62732919254658,-2.33050847457628,6.25620655412116,-0.298804780876505,1.27826941986235,-0.792864222001983,7.43119266055046,0.728597449908926,1.70098478066248,11.4195083267248,-0.158856235107225,-0.639488409272583,0.159616919393452,0.318217979315839,-1.94647201946472,-2.49376558603492,2.19512195121952,-4.50297366185218,4.92730210016156,2.67295597484277,-2.08667736757624,0.717131474103584,-1.29136400322841,0.0,0.879999999999995,-2.45901639344263,1.77133655394525,1.58478605388272,-1.61030595813204,0.240963855421682,-0.322320709105553,-1.97206244864421,16.8715846994536
0,0,0,3.02013422818791,1.24275062137531,-1.08877721943049,-0.420521446593767,1.16375727348295,-1.77664974619289,2.63591433278419,1.7799352750809,1.74880763116058,4.47987851176917,0.453514739229029,1.41579731743666,0.518902891030395,-0.82212257100149,0.0,0.815418828762042,-0.148478099480323,-2.43346007604563,0.227617602427916,1.12528132033009,-4.30359937402191,0.930232558139543,0.309119010819159,-0.857365549493371,0.310800310800304,-0.233644859813079,-3.0497592295345,-1.30081300813008,2.45836637589214,1.09803921568628,3.26251896813353,0.976709241172057,1.48038490007401,-0.745712155108126,-0.902934537246057,0.0751879699248238,-1.52671755725192,0.380228136882135,3.16642120765832,6.98630136986301,5.25632706035042,-2.18832891246684,2.45795601552394,-2.79255319148937,-0.60200668896321,-0.809170600134856,1.78807947019867,-0.532623169107857,-0.200133422281517,0.925313945803044,0.591327201051247,-1.39906728847436,0.332005312084998,-1.00603621730383,0.0,-2.75671950379049,-0.833912439193879,2.70453008789722,-2.14088397790054,1.29516019086571,-0.204918032786881,-2.02090592334495
0,0,0,0,0,1.4344262295082,-1.52565880721221,1.9047619047619,0.1358695652174,2.4519549370444,0.984251968503939,-1.26245847176079,1.37614678899082,-2.00534759358288,0.266666666666661,-1.5572105619499,4.77111540941328,0.0644329896907203,3.36239103362391,0.0622277535781056,2.01219512195121,3.64277320799061,0.0587199060481595,0.988372093023245,-0.938967136150236,0.52539404553415,0.291036088474975,4.1294642857143,-0.111731843575436,-1.1871113623516,0.450196961170503,-1.08077360637088,-2.14991284137128,1.54462242562929,0.285225328009131,2.55697609783211,0.387596899224808,0.605393505778773,-1.22562674094709,-1.06981981981981,-7.83242258652096,-2.93749999999999,-1.58730158730159,-2.80678851174935,-2.81879194630872,1.7798286090969,-2.01748486886349,3.00065231572081,-0.261608894702426,0.64977257959715,-1.98807157057655,-1.2751677852349,0.798934753661779,-2.24642614023145,3.35526315789474,-6.74157303370786,-2.00573065902578,1.69014084507041,0.140646976090024,-1.13798008534851,1.60951714485653,0.0699300699300809,0.278940027893997,0.0696864111498243,-3.9855072463768
0,0,0,-0.139958012596231,0.763888888888897,0.138696255201107,1.70415814587594,2.2,1.5101772816809,0.522534291312868,0.906148867313908,-0.455136540962279,-0.852459016393448,-0.262984878369488,1.48963730569947,1.02564102564103,0.510204081632654,0.570703868103994,-1.28452151573538,-1.03828682673589,-2.18832891246684,0.06626905235255,7.53676470588236,-1.30353817504656,-0.186567164179112,0.863131935881631,-0.933416303671429,-0.0622665006226747,-3.54609929078013,2.26843100189036,-4.13385826771653,0.781249999999995,-1.1191573403555,-2.2207267833109,-0.814111261872451,3.15374507227333,0.327439423706607,-1.86791194129419,-3.66528354080221,1.02669404517453,0.408997955010228,0.474898236092268,-1.72532781228433,1.42857142857142,0.943396226415098,-0.202565833896012,-1.43835616438357,-3.91459074733095,-0.572655690765927,0.0715307582260357,-2.19298245614036,3.18471337579619,-1.29032258064517,0.143163922691491,1.13234253361642,0.562983814215342,-1.4275517487509,0.284697508896804,-0.861450107681271,-3.87770320656226,-1.74506828528073,7.11768851303735,-2.45487364620939,-0.362318840579702,-55.0561797752809
0,0,0,0.759668508287301,2.22822417285618,-0.33875338753388,-1.44329896907216,0.205761316872424,2.01612903225807,-1.15567641060503,-1.44827586206897,-0.904662491301328,-3.45572354211662,2.45786516853932,-0.211118930330748,0.280701754385959,-4.01459854014599,-0.587371512481645,-2.94784580498865,-3.11769290724864,-0.548589341692792,0.700389105058365,10.6397774687065,-3.45323741007194,-2.5830258302583,0.65982404692082,-4.92307692307693,-12.5541125541125,-13.013698630137,-17.4712643678161,-0.46189376443417,-3.96158463385354,-3.99500624219726,6.09613130128956,4.79910714285716,1.10375275938189,2.15982721382289,4.63439752832133,0.817160367722148,2.39282153539382,-5.69020021074815,-1.60599571734476,6.03621730382293,-2.05338809034907,1.71543895055499,2.93829578844271,-1.49105367793241,-0.399201596806396,-1.62271805273834,-1.44032921810698,-0.206185567010323,-1.89075630252101,-5.77777777777777,-1.35135135135134,-2.65895953757226,4.41988950276243,0.98468271334792,-3.2768361581921,1.44766146993319,-2.04545454545454,-2.44470314318977,4.55555555555556,0.662251655629145,-1.79775280898877,-12.0906801007557
0,0,-1.18790496760259,0.43010752688173,1.48305084745761,1.46137787056368,0.415800415800407,-2.66808964781217,-3.88026607538802,4.04255319148937,-0.534759358288778,1.88877229800629,-0.953389830508473,2.68041237113402,-6.59340659340659,0.763358778625957,2.86016949152542,-0.212314225053074,-1.72786177105832,2.42360379346681,-0.52966101694916,-9.25925925925925,-0.348432055749142,-6.82382133995036,-1.51133501259446,-2.8497409326425,-2.38726790450928,-3.71389270976617,3.45285524568394,4.19847328244275,5.86826347305388,3.24449594438008,-0.116009280742478,-1.77095631641085,-4.82673267326733,-2.53807106598985,2.11180124223603,0.371287128712863,3.11750599520383,-3.7313432835821,0.740740740740747,3.11004784688995,4.5662100456621,2.01342281879194,-4.56140350877192,-1.66468489892985,4.2141230068337,0.340522133938719,-0.916380297823598,1.0204081632653,-5.75539568345324,2.4561403508772,0.233372228704779,-1.42011834319528,-2.05314009661836,2.47349823321556,-1.79856115107914,1.99764982373678,4.38202247191012,-0.338218714768897,1.44444444444445,-5.63380281690141,-1.6706443914081,-5.54156171284635,11.1856823266219
0,0,0,0,0,-3.17848410757946,4.66200466200467,0.232558139534879,7.32758620689655,1.06609808102347,5.82329317269076,-0.809716599190284,-2.17166494312307,-1.25654450261779,-3.13174946004321,-1.87018701870187,-4.12371134020618,3.0,-3.09278350515463,1.13250283125707,1.56075808249722,-1.70068027210885,-0.113507377979566,0.564334085778769,6.441393875396,-0.744680851063833,0.634249471458779,-2.15982721382291,1.48936170212767,0.73917634635692,0.315789473684204,0.627615062761511,1.0351966873706,-1.25786163522014,-0.739176346356901,-2.26781857451405,1.17395944503735,0.636267232237545,-4.4296788482835,1.31147540983608,0.86673889490791,0.752688172043014,-2.08562019758509,0.545851528384287,2.76008492569002,1.36125654450263,-5.06050605060507,-4.12371134020618,-2.70588235294118,-2.90556900726393,2.93772032902468,3.29545454545456,1.56599552572706,-2.17142857142857,-6.57734470158342,4.42374854481955,-1.65680473372782,-1.19760479041916,5.54298642533937,2.10409745293466,0.110619469026546,-0.78037904124859,0.554323725055421,-0.894854586129755,19.1681735985534
0,0,0.317124735729399,3.66598778004073,-0.306435137895824,0.810536980749747,-0.817160367722166,-0.616649537512834,-2.63713080168776,1.24999999999999,2.4390243902439,-2.28690228690229,-4.33839479392623,2.74261603375527,-2.93159609120521,-0.876232201533407,1.19047619047618,1.49253731343284,0.845665961945032,1.5608740894901,-0.208550573514073,-4.6943231441048,-0.770077007700773,-1.33779264214046,-0.33557046979867,-0.789177001127399,-1.48741418764301,-0.114547537227947,0.114416475972538,3.21151716500553,0.769230769230772,-1.44927536231883,2.2875816993464,-1.66112956810632,-1.34680134680134,1.43805309734512,-2.37825594563985,1.34078212290502,-0.674915635545542,1.76795580110497,0.549450549450538,1.93965517241379,3.2325338894682,1.54004106776181,2.30692076228686,3.85728061716489,5.6414922656961,-8.81188118811882,2.13178294573644,-0.584795321637432,-3.01204819277107,0.100300902708122,0.200200200200196,1.08910891089108,-0.697906281156533,-1.62107396149949,4.54545454545455,2.63653483992466,-0.854700854700853,1.68067226890758,5.05319148936169,-0.624442462087409,-2.18778486782133,0.813743218806509,15.7012195121951
0,0,-2.14477211796247,-3.32409972299168,3.90417036379769,3.83959044368602,1.92468619246861,-0.0837520938023433,4.78468899521531,-18.0790960451977,2.38970588235296,-6.04288499025342,-4.26829268292683,-4.56960680127524,6.27490039840636,3.46153846153847,3.88170055452865,2.2583559168925,-2.59499536607971,2.3529411764706,7.76293823038397,2.68074735987002,4.79505027068832,-1.81102362204725,0.235663786331509,0.546875000000002,-5.09031198686372,5.50814584949574,0.0,2.64350453172205,1.26771066368382,1.25184094256259,2.37239396117901,-1.09011627906977,-1.1764705882353,7.42001361470388,-6.21836587129428,2.6056338028169,-0.141043723554299,3.14207650273225,1.28118678354686,0.201884253028259,-1.4334470989761,0.272294077603806,2.65076209410206,-5.45073375262054,-1.48936170212767,-0.498930862437636,-1.81422351233672,3.70370370370371,-0.0699300699300684,0.20935101186322,-9.05631659056316,5.12635379061371,-9.65954077593032,2.77136258660508,5.25164113785558,-2.54300673148842,-2.06106870229007,2.74684484038605,1.67883211678831,0.145772594752196,-4.01819560272935,-0.533536585365856,-0.768049155145927
0,0,-4.25531914893617,-3.89036251105216,-3.66636113657196,-1.20593692022264,-13.5932560590095,0.835945663531871,12.3626373626374,0.45578851412945,-7.76031434184677,9.18822479928636,0.971731448763246,5.35117056856188,1.96721311475409,-4.99139414802065,-2.2887323943662,-2.06648697214734,-10.6361829025845,9.12375790424571,2.12201591511936,6.83690280065898,3.18979266347686,2.03125000000001,0.77519379844961,-1.57480314960631,-4.95867768595041,-0.83333333333333,4.5346062052506,-11.0424028268551,-2.62919310970082,8.08333333333334,-2.56410256410257,0.0,2.82392026578073,-7.02222222222221,-8.06916426512968,-0.192492781520689,3.25884543761638,0.0930232558139515,6.27724498692241,-1.50442477876106,-8.03059273422562,6.10412926391382,3.04612706701479,-5.8011049723757,6.05536332179932,-0.7846556233653,-1.59433126660763,3.00687285223369,2.02020202020202,5.7142857142857,-11.4058355437666,5.35564853556484,-0.167644593461857,2.2932022932023,5.42215336948102,-0.310800310800318,-0.233644859813079,-0.469483568075121,1.6923076923077,1.88679245283019,1.56017830609213,-3.3794162826421,-148.0
0,0,0,0,0,-1.65229885057472,-1.90336749633968,-1.18518518518519,-4.65116279069767,-0.860046911649736,1.38781804163455,-0.309358081979899,2.48868778280543,0.896860986547093,-4.94117647058824,1.54440154440154,-2.53365003958827,-2.10185933710591,-0.569105691056898,-1.31795716639209,0.0823045267489694,-1.33444537114262,0.0833333333333316,-2.82776349614396,4.10846343467543,0.0,-2.61382799325464,2.86650286650288,-112.717770034843,7.26978998384491,4.91551459293394,1.06382978723405,-5.61797752808988,-4.35510887772196,-0.674536256323778,-0.338409475465306,-1.37221269296741,-2.64084507042254,-7.16981132075472,-3.92156862745098,-9.91379310344828,-11.8072289156626,-3.49127182044889,-0.50125313283207,5.89622641509434,-6.53266331658292,2.45098039215686,0.244498777506107,2.61904761904763,-3.19410319410319,-0.246305418719228,11.353711790393,-6.51162790697675,0.462962962962974,2.92134831460674,-4.95283018867924,-5.73566084788031,6.96055684454756,-1.17370892018779,2.06896551724138,0.229357798165153,9.91735537190082,-2.76008492569002,10.2857142857143,11.4671163575042
0,0,0,-1.50659133709981,-8.81147540983606,0.408163265306132,1.60642570281125,4.41458733205373,-0.385356454720608,-6.57084188911705,-0.619834710743807,2.41935483870968,3.87596899224807,-9.09090909090908,3.46938775510204,1.80360721442885,0.199999999999996,-1.01010101010101,2.36686390532545,3.79506641366223,5.72450805008945,0.710479573712256,-2.55009107468123,-1.29151291512916,3.73001776198934,-1.2589928057554,3.47222222222222,4.47761194029852,-4.32525951557093,-0.34722222222223,-5.30164533820841,2.49554367201427,-0.178571428571441,6.97674418604651,2.43111831442464,1.28,-0.969305331179315,3.1298904538341,3.18181818181818,-0.609756097560976,3.81231671554253,1.8705035971223,1.83615819209039,-1.14285714285714,-1.01010101010101,-9.13385826771654,-4.09836065573771,-2.3489932885906,-1.18845500848897,0.0,0.338409475465321,0.838926174496641,-0.33670033670033,-4.39367311072056,1.04347826086956,1.20274914089348,2.51256281407034,-4.92091388400702,-2.52252252252253,2.2887323943662,3.56536502546689,-0.170068027210881,3.13014827018123,-2.36087689713323,38.3575883575884
0,0,-1.05263157894736,-0.352112676056346,-1.42857142857143,-1.08303249097472,-0.180831826401443,3.32167832167831,3.37837837837838,2.31023102310231,0.81833060556466,-2.6890756302521,2.13815789473684,2.40770465489567,5.74886535552193,3.22108345534407,0.437317784256563,-0.882352941176478,1.44927536231885,11.7647058823529,-5.10752688172043,-0.949796472184536,2.89855072463768,2.44215938303342,-3.59520639147804,-3.4435261707989,-0.276243093922646,-1.40056022408964,-3.47826086956521,1.84921763869132,0.142045454545452,-1.88133140376266,-0.875912408759131,5.90659340659341,5.20833333333333,4.95049504950495,2.17917675544794,0.959232613908874,-2.8360049321825,3.79596678529063,-2.05811138014528,-1.72413793103449,-1.49999999999999,-2.82776349614396,1.143583227446,2.71940667490729,-0.247831474597269,-1.00125156445557,1.84275184275185,-0.369913686806426,-1.62907268170425,0.869565217391308,-0.249066002490677,4.40476190476192,1.63934426229507,-2.15311004784689,3.46420323325636,3.24022346368714,-0.788288288288271,-1.25427594070697,2.01117318435754,10.3206412825651,-0.808080808080809,-2.91060291060292,-14.6603098927294
0,0,0.637619553666318,0.94736842105263,-0.849256900212315,2.98661174047375,0.918367346938774,-4.14452709883104,0.94736842105263,2.46406570841889,-1.14226375908618,1.63432073544431,-1.13636363636363,-1.89473684210526,0.0,2.46406570841889,-4.17112299465241,-3.65853658536585,1.63576881134133,-22.2666666666667,1.05540897097625,-0.530503978779841,-3.28767123287672,5.68475452196383,-1.30890052356022,1.92554557124519,-1.69712793733681,-0.789473684210533,0.653594771241839,0.260756192959577,-0.13054830287206,-2.26969292389853,2.60078023407022,-1.1842105263158,-1.06382978723404,-0.939597315436234,3.24675324675325,0.900900900900893,0.128534704370189,0.128369704749676,-3.728362183755,0.661375661375659,2.45161290322581,4.7911547911548,-0.867410161090462,1.82481751824818,-0.858895705521476,-5.56994818652851,-1.98150594451783,1.56046814044213,0.129870129870127,1.28205128205128,-1.16731517509727,0.516129032258065,3.00375469336671,1.35802469135802,2.87769784172662,-0.120048019207681,-0.120192307692305,1.187648456057,0.590318772136962,-0.833333333333337,-1.08303249097473,0.953516090584029,38.4446074834923
0,0,0,0,0,-1.14678899082568,1.58013544018057,-1.25714285714285,2.88568257491676,1.53005464480875,0.0,0.326797385620908,3.06230200633581,8.50241545893719,0.480769230769238,0.573613766730406,-1.35658914728683,1.24401913875597,-2.05078124999999,2.38322211630124,-4.48207171314742,-1.61943319838055,0.202020202020198,4.34782608695651,-2.67857142857142,-3.81050463439752,-0.517598343685308,-2.87539936102236,3.59342915811088,0.510725229826343,0.709939148073025,1.59680638722555,0.496524329692162,1.46771037181996,-0.988142292490133,0.393700787401584,5.57620817843866,-1.99052132701421,9.28632846087704,3.88429752066115,2.88924558587481,1.50197628458498,2.54237288135593,0.612557427258806,-1.3188518231187,-1.17739403453689,2.30061349693251,0.229533282325946,0.229007633587781,1.13207547169812,0.0,0.30097817908201,1.40949554896143,-1.81268882175227,1.26771066368382,0.371471025260035,3.99429386590584,-0.646087580760947,-0.360230547550425,0.0,1.63004961020552,-0.0709219858156013,-1.0752688172043,-2.34776228906822,-21.5878679750223
0,0,0,0.498575498575488,-1.96078431372549,-0.879120879120873,-0.0733137829912008,1.23099203475742,0.432588320115348,1.90947666195192,-1.21689334287759,-1.74799708667152,0.579290369297611,-0.217706821480415,0.648882480173034,0.430725053840635,0.500000000000002,-0.143061516452071,-0.575539568345324,-9.62145110410095,2.98393267023719,-2.75157232704402,6.401766004415,-3.11077389984826,3.01692420897719,-8.54632587859425,-3.81426202321724,6.94444444444445,1.74374526156178,5.17613227893602,0.713775874375444,-4.55223880597014,0.297619047619041,-3.2258064516129,-0.930232558139529,-6.34789777411376,0.736497545008182,-3.12236286919832,-2.68630849220104,1.95412064570943,5.84,-2.71158586688579,-2.26890756302521,2.61865793780688,0.972447325769848,-5.38001707941929,-3.53669319186561,-0.982142857142868,0.797165633303808,2.08152645273201,1.03004291845494,-0.953206239168121,3.91340549542049,1.87908496732026,0.163132137030992,-0.574241181296147,1.21555915721232,-3.52348993288591,-1.96749358426005,-0.257289879931384,1.76916596461667,-0.935374149659859,-5.85058505850585,0.892060660124901,24.8155600268276
0,0,-4.61538461538462,4.0590405904059,0.0921658986175096,1.8987341772152,-0.54545454545455,2.99823633156966,1.04712041884818,-0.791556728232204,-4.21631530705774,-3.11909262759924,1.85528756957328,-1.98675496688741,5.37153088630259,3.03819444444444,-0.523560209424073,-0.614574187884111,2.48287671232876,6.63469224620304,5.01138952164009,1.2743628185907,-0.603318250377074,2.57163850110213,-4.4512663085188,1.28787878787879,1.49253731343284,-1.59211523881729,-3.94011032308905,4.15407854984895,-0.151285930408469,2.00148257968866,-0.148478099480323,0.222222222222217,-4.32766615146832,-0.778816199376944,-1.58227848101265,-2.93159609120522,2.38473767885533,-0.479233226837065,0.0,1.02766798418973,-0.87719298245615,2.94117647058824,1.2987012987013,3.39483394833949,-2.49621785173979,-1.84899845916795,0.764525993883789,0.984102952308863,2.65291083271923,-1.57185628742516,0.149476831091191,-1.59453302961276,4.49601160261058,6.88723835246456,-1.71703296703297,-1.81818181818182,-3.17460317460318,8.39391936549902,-0.933955970647102,1.51116951379764,0.0656598818122113,-2.14621059691482,13.9145496535797
0,0,2.36486486486487,1.53027278775781,2.08469055374593,2.66328471781864,0.504731861198739,-0.443599493029153,1.31332082551595,1.17428924598269,-0.185758513931896,1.10226576852419,-0.802469135802463,0.977995110024451,-1.05003088326126,-5.40364583333335,-0.523560209424084,1.16429495472187,6.3030303030303,0.181488203266795,-1.03911980440099,-1.80460485376477,2.90030211480363,1.66369578134283,1.00000000000001,-1.31108462455303,0.710059171597618,-1.99155099577549,-0.60716454159078,-0.610873549175308,-1.1742892459827,1.28126906650397,-0.613873542050346,0.183823529411772,0.244498777506107,1.20772946859903,-1.40845070422535,-0.554187192118226,1.7543859649123,-0.792682926829284,-2.88582183186951,-3.17152103559871,0.51513200257566,0.703324808184151,2.00501253132832,0.622665006226637,1.71358629130968,1.0296789824349,0.120992135511189,2.13143872113676,-1.31973605278944,1.12692763938314,3.2146957520092,2.18978102189779,0.945494994438274,1.1544804837823,-1.22426265998888,-0.223089793641936,-0.673778775968563,-0.792303338992626,-0.741163055872306,-0.343249427917613,0.681818181818187,-1.61662817551964,12.964824120603
0,0,0,0,2.35426008968609,0.111982082866739,-1.41964792731403,-0.571102227298674,0.171037628278207,4.67391304347826,0.968783638320774,-0.923411189570875,-2.10759844703272,-3.5611717403791,-2.83520378027171,-1.43798681845415,-1.02905569007265,0.120918984280529,1.83976261127598,1.57710280373832,-3.75757575757576,-0.609756097560984,0.726392251815987,0.361881785283466,-0.606796116504841,-0.426569165143207,-1.2962962962963,0.674432863274062,-0.0613496932515215,0.549115314215984,1.32450331125827,1.30718954248365,-0.597728631201422,1.81924882629107,-0.117508813160985,1.6184971098266,-0.874635568513132,-6.92019950124688,2.37370663420572,6.27495721620081,2.2308979364194,-1.70164492342598,2.00111172873818,1.47864184008764,-0.384826827927434,-2.30596175478065,1.11234705228031,6.54885654885654,-2.12314225053078,0.737618545837727,-2.04301075268817,-0.431965442764589,-2.54706533776302,1.95439739413682,3.45911949685533,1.70015455950542,-2.15789473684211,0.314795383001043,1.08977685521537,0.103680663556245,0.206932229694771,-0.677083333333328,4.95049504950495,-1.50753768844221,-7.56756756756756
0,0,0,1.8600097895252,-2.20110055027514,-0.705289672544065,-2.47805885389778,-0.0516528925619915,0.66700872242175,0.561224489795934,6.35451505016722,4.0348464007336,-10.8795119471276,-1.02722136620443,0.409207161125329,0.862068965517232,-0.766479305058756,1.21150933871781,3.41296928327646,-3.27291037260827,-2.95489891135303,-4.15766738660907,-0.0540248514316478,-0.652528548123986,1.28824476650563,1.27186009538952,1.61626694473409,0.980898296334544,-2.324352879028,3.12180143295803,-2.78800631246711,-2.09452201933405,-0.594273365748241,0.376749192680284,0.641711229946529,-0.862998921251349,-1.92413413963715,0.164654226125124,2.30563002680965,1.79041600842549,-0.689289501590663,2.53229974160208,-1.62815126050421,-1.81818181818182,-1.52008686210639,-2.44716351501669,-0.167130919220062,-1.06981981981981,3.26797385620914,-3.37837837837837,1.5521064301552,0.0554016620498702,-2.90763968072977,0.679501698754252,-2.19907407407407,1.92962542565267,2.32815964523281,-0.725851479620318,0.222841225626736,-1.35516657255787,-1.8987341772152,0.62893081761006,1.63104611923511,3.89189189189189,-2.37963475373547
0,0,1.57680569684638,3.00937345831277,-1.40070035017509,-2.98815043791859,-0.569948186528494,1.07637109174783,-0.826873385012921,-0.0517063081696048,-1.46904512067157,2.20625962031811,-1.14167099117799,0.567595459236323,1.67427701674278,-1.49330587023686,1.2709710218607,-1.81159420289856,-4.94296577946768,-1.82522123893806,-0.500277932184546,-3.56937248128957,3.28507795100223,-6.33510953226762,-1.1983223487118,-9.73044049967127,6.34236453201969,-0.370828182941896,7.17154331612163,0.683760683760689,6.09951845906902,-2.91850220264318,1.83783783783784,-5.53337136337706,-0.114220445459735,-1.98019801980198,5.39944903581266,1.94489465153972,-1.87121629058888,2.62593783494104,5.47112462006078,0.60422960725076,-0.252397778899549,-2.43019648397104,-3.92262224610425,-0.757985923118574,2.73828330700368,-1.27999999999999,-3.02197802197803,-0.0549752611324794,0.925925925925916,-0.0544959128065287,2.08110992529347,1.78197064989518,-1.43540669856459,-0.912017167381964,-3.95984383714446,-2.45714285714286,2.4526198439242,2.7114967462039,0.485698866702644,-5.76484018264841,4.73083197389886,-1.77089097952407,34.0270171595473
0,0,0,1.44539614561028,2.45430809399477,-1.26916975145425,1.71517671517671,0.362506473329882,0.0517598343685381,0.155038759689928,1.27551020408163,-3.75860243515088,1.87012987012987,-1.95974576271187,1.151832460733,2.25179119754349,2.20220220220221,-2.14723926380369,2.00400801603208,-1.26839167935058,4.32038834951457,-1.77865612648223,-1.86210367388021,1.97335964479526,2.21900627110468,0.813397129186594,0.665399239543729,1.2670107930549,-2.45192307692307,1.46849834201799,2.80847145488029,0.95759233926129,1.87919463087249,0.267737617135202,-2.60989010989011,3.27723649247121,0.877963125548739,-1.87835420393561,0.842572062084263,-2.73348519362187,4.56521739130435,-0.305276929786307,4.49812578092462,-1.05218855218855,-0.891719745222934,-0.64102564102565,0.805426027977962,0.337980566117456,-0.89514066496164,1.34566862910009,-1.32083510864935,0.508690122933451,15.1438848920863,0.0,-2.88675055514434,0.698272693862555,2.75196568977841,-0.358680057388814,-0.179662234998206,-0.216060496939138,0.962910128388016,-3.31613854089904,2.82849982098102,-1.97152245345016,8.91253741270369
0,0,0,0,0.887784090909091,-0.823487289652705,-0.215285252960168,1.27523910733262,-2.50544662309369,1.67797215280258,4.33743169398907,0.644723447573796,4.47325769854134,-2.01719576719578,-1.17096018735362,-2.60899416409201,1.28769908505592,-0.203735144312402,-0.443383356070938,1.77554438860972,-2.22602739726028,1.98053037932192,0.334560053529613,0.697674418604654,0.758325090669294,0.557377049180333,0.0,-0.593667546174142,1.07667210440456,-0.130676249591634,2.14194373401535,0.698412698412695,0.158478605388275,2.35221293717116,0.400739827373599,-3.0823006037496,-1.7458777885548,0.642467073562478,1.92186515437933,-0.126182965299682,1.67493796526055,-0.561447286338115,1.80704441041347,0.0306184935701103,0.0917711838482751,-6.76028739386021,-3.83180739233639,-0.408580183861074,0.94435075885328,0.302622730329522,0.368509212730328,-0.201409869083593,-0.914634146341462,-0.339904826648531,1.86791194129419,-2.00748553929908,1.04377104377104,0.801603206412832,0.199999999999996,2.47074122236671,-0.555737169009486,-0.658111220796312,-0.729201193238312,-0.332557366145665,-26.8776371308017
0,0,0,-1.97368421052632,-1.13107119095143,-5.06815798671793,-27.4955436720143,-2.65324794144557,0.996376811594198,-0.318037255792807,-5.16005733397039,2.28758169934641,3.5135135135135,-1.69491525423729,0.501367365542402,-2.81162136832241,-0.946073793755909,2.22016651248844,0.597701149425283,1.27099409895597,-1.28735632183909,-10.7433808553971,2.38568588469185,-0.0995024875621869,-2.65577119509705,3.40404538727184,-0.0987654320987633,0.442477876106194,1.59651669085632,0.0,-3.14371257485031,0.792079207920793,-0.798403193612775,-2.40163515585079,-1.71517671517672,3.31658291457287,-0.10060362173038,0.946686596910819,0.446428571428571,-0.19880715705765,1.3241785188818,-0.641658440276402,-0.595829195630591,-0.952380952380959,0.597907324364728,-1.21028744326779,3.17382812500001,-2.2977022977023,1.47637795275591,-2.57445734477537,4.11423039690223,1.14832535885167,4.39158279963404,1.30925507900677,0.672645739910324,4.04475043029259,1.48367952522256,-2.43161094224923,0.561312607944728,0.258397932816532,-0.693842150910668,2.94612794612796,-1.84312044577798,1.56118143459916,21.4971844981782
0,0,0,-2.58732212160413,-2.42932862190813,-0.132684652808497,-2.67938237965486,-1.85013876040702,3.61123495318769,-1.44730890999548,-0.363141171130269,3.29236172080773,1.59827213822893,-1.09170305676856,-0.970017636684298,-0.4428697962799,-1.71171171171171,-2.49307479224376,3.38983050847458,4.55512984248615,-1.73235166738847,-6.35651773376324,-3.18441064638784,-5.94159113796576,0.0503271263210949,12.3124448367167,0.088183421516753,-1.34048257372654,3.32613390928726,3.90203403902035,1.06776180698153,1.21703853955374,2.22134073780247,1.44644253322908,2.06738131699848,3.00779799480133,-0.635276532137512,-0.299850074962526,-0.679245283018867,1.30353817504656,-0.298841987299222,-0.828625235404892,-0.912200684150521,0.604457876841708,0.488721804511288,2.67105744602999,0.473415877640213,1.22302158273381,-1.2013105205679,-0.622710622710616,1.65706051873199,-0.0360360360360417,0.537634408602146,0.605628785179913,-0.753768844221109,0.322003577817531,-0.79336458708979,1.59687721788502,7.02738370174859,0.882930019620666,0.423314881146215,-1.28627968337731,-0.165180046250415,-0.264988406757199,-32.6449912126538
