0,0,0,0,0,3.6986301369863,1.39576767221973,-1.32299270072992,4.3630017452007,-5.57346844771995,5.23788738542121,6.37515324887617,-1.40903439701616,-2.33248515691264,-6.60036166365279,6.62726888982693,2.55039078568489,1.49918962722853,1.59489633173843,0.15923566878982,0.435988902100671,-2.76985743380855,-0.0815328169588242,-3.76480541455161,0.46315789473684,-1.10685398041721,2.08420175072947,2.519301097115,-1.65220983064849,-3.06513409961687,3.05406520841932,1.66396103896104,-0.12190166598944,-4.58988525286867,-2.93088363954506,-1.28489144882587,-4.39407955596669,-0.745573159366263,16.2046075751659,-5.87019429516328,-1.55331654072209,-8.27272727272728,-6.84798445847499,1.67144221585483,3.59116022099446,-2.74361400189214,9.8122866894198,-1.86875271621034,6.69099756690997,0.764587525150911,4.42307692307692,-0.619195046439629,-3.77510040160643,1.92989365892084,1.12928348909657,-1.78359096313912,5.92841163310962,0.55617352614015,-4.45391169635941,0.0,1.71298058622002,-4.61967343687774,-0.843373493975907,-25.6940938919738,3.08219178082193
0,0,0,0,0,-0.280373831775712,0.0933706816059903,1.74311926605504,-6.13437195715677,-2.49500998003992,5.64971751412429,1.2093023255814,3.24032403240324,-2.11397058823528,-9.12738214643932,7.51391465677179,-2.9608404966571,2.24089635854342,1.29032258064515,6.14186851211073,3.50584307178631,-3.00945829750645,-1.3949433304272,2.46598639455782,1.25944584382872,0.584307178631054,-2.83261802575107,-1.21633362293658,-0.0869565217391286,-1.50044130626655,-0.0883392226148391,3.49531116794544,0.929054054054049,-5.33807829181494,-1.35256988277728,1.85840707964603,-1.25448028673836,-2.10430009149131,4.03863037752415,-1.78731009830207,-4.9718574108818,-5.75396825396825,-9.68443960826987,-3.02690582959641,0.55741360089187,-6.78571428571429,1.06007067137809,-1.67664670658683,7.32519422863485,-1.92307692307692,10.7971745711403,1.39303482587065,-5.1255230125523,4.87562189054727,4.46768060836501,0.848256361922713,3.80779691749773,6.20748299319728,-2.7972027972028,0.952380952380963,12.033511043412,-8.51239669421489,-2.36886632825719,2.55564715581204,-1.42140468227425
0,0,0,0,0,-2.25417110401135,-0.231275573741332,1.78228201991962,-2.56272401433692,-1.25204137180185,1.11250672887134,-2.89881831610044,1.8840579710145,0.63006300630062,-4.57454819277108,0.950960283423467,-0.54368203974503,-3.83492310687173,2.24548049476689,-2.49658669787399,3.0446293494705,0.113335851907811,0.0566358316027962,0.916573138795365,2.30263157894737,0.200620098486229,0.58023572076156,1.58815132048537,1.21628767847699,-2.32683982683983,1.03534451981436,0.691366778939893,-0.876251788268946,-2.64317180616741,1.71387335377955,-0.544168329403224,-0.694063926940644,-0.996126175982289,1.18483412322275,-0.439399487367268,-10.3880355699272,-4.71957671957671,-2.18425605536332,-0.34722222222223,1.81120818239932,-2.96182536200088,-1.76378655949989,-0.223763705526967,4.28357249946455,-2.27820372398685,5.97322348094747,1.91919191919192,-0.938009787928224,1.88075230092036,-2.46002460024599,-3.39126748622298,-0.468483816013626,4.49461053487899,-3.90955198647507,1.6420702556641,3.21866827600081,0.340817963111471,-2.2340643574503,-2.0284399832706,-2.44215938303342
0,0,0,0,0,-5.49999999999999,-4.16666666666667,5.18518518518518,-9.45945945945945,0.0,2.88713910761155,-1.6,1.05540897097625,-2.43243243243243,-12.1212121212121,6.51558073654391,-4.4378698224852,-0.595238095238096,8.94308943089431,11.0843373493976,1.4251781472684,-0.477326968973737,-1.20772946859905,3.49650349650351,3.59550561797753,5.91966173361523,9.9047619047619,7.7328646748682,7.02614379084967,1.29032258064516,8.01186943620178,5.73426573426574,-9.83102918586791,5.24017467248909,-17.2354948805461,-11.8320610687023,-7.81893004115226,-2.53164556962026,9.54198473282443,-10.5485232067511,-12.5890736342043,-0.959232613908874,-4.25,-3.89610389610389,5.17241379310344,-4.63917525773195,6.73076923076924,8.37004405286343,10.0990099009901,-0.198412698412694,7.86106032906764,-7.4656188605108,-27.5689223057644,0.498753117206972,4.97630331753554,-0.956937799043063,-5.0251256281407,5.23809523809524,-3.44827586206898,-1.24688279301745,3.14009661835749,8.00000000000001,-39.3188854489164,-7.30897009966778,1.95439739413681
0,0,0,0,0,-2.08736819453411,0.726340525528741,2.37747653806048,0.621761658031082,0.412796697626425,2.37759419705823,-3.2023289665211,2.43457090687765,3.44760039177277,-3.02724520686176,5.02204331991567,-2.53537735849056,-7.29649936735555,2.24695938981653,1.54252080373453,1.08411965468781,-1.07548701298702,-1.29496402877698,2.91359010177609,4.47960350743424,0.549763033175354,0.994744744744747,-1.52439024390245,-0.613496932515338,-2.53587576174562,0.333072100313483,2.98422353164798,-0.36245707745135,-2.56309919780865,-0.491545418796697,-0.197005516154455,0.0393855848759416,-2.83515593357634,0.543806646525672,1.78041543026706,-5.99706437408262,-3.58384013900955,-4.63636363636363,1.36740641111858,3.44155844155845,-5.86617781851513,1.33393624236942,-0.912616929044031,4.00788436268068,0.932957257539611,5.70785597381342,-0.783505154639181,-1.93358554014292,4.13056618980456,0.8589692369157,1.10628210193598,-1.30078046828097,2.97087378640777,-1.27826941986234,1.30046583850932,2.1648309912647,-0.726855394032126,0.494861058241336,-0.228920259442956,-1.0408635312259
0,0,0,0,0,-3.76843255051885,1.77038626609443,1.06157112526539,-1.12721417069244,0.692963752665259,4.13898824731732,-3.0,3.79746835443038,5.18482957273163,-10.5039787798408,3.67910066428206,-3.16288877174487,-2.15401184706515,3.18039624608967,1.03199174406604,2.21997981836529,-1.64102564102564,-1.24610591900311,2.23350253807105,-2.28452751817237,0.0,1.23076923076922,0.964956830878625,0.0,-2.28571428571429,0.926402470406586,-0.154639175257738,-4.52586206896552,-2.48481501932634,-2.37422272470321,-46.9269102990033,-1.94750211685012,-0.254668930390502,10.7575757575758,-1.22699386503068,-2.8391167192429,-5.66666666666666,-8.5972850678733,-4.24528301886793,3.63636363636364,-8.16125860373648,0.489236790606661,-0.788954635108482,6.02409638554216,-5.26829268292682,6.81818181818182,4.01396160558465,0.26109660574412,5.1197357555739,-0.497925311203309,1.3911620294599,-0.328407224958957,0.571428571428574,4.44617784711389,-0.627943485086343,7.27802037845706,-4.0909090909091,-4.01891252955083,-2.75303643724696,-2.06611570247934
0,0,0,0,0,-1.64400885235536,-0.348984771573602,0.786905886056028,-6.21865596790371,-1.32113821138212,5.47550432276657,-3.99600399600399,2.6895657809462,-0.35772357723577,-4.30800542740841,6.50174437044085,-1.77533892834087,-0.129282482223656,1.55902004454342,0.663716814159295,2.7658266748617,3.4994068801898,-2.02723146747353,-0.916030534351136,1.355421686747,0.569032644504336,1.67844522968198,2.97142857142857,-4.38413361169102,-6.47824706255955,1.22333751568382,4.23550615800541,0.0,-0.574018126888211,-1.65847665847666,3.38278931750742,-1.93587416817907,-0.516874429917913,2.05479452054794,-1.57289776164548,-0.181818181818189,-9.48905109489051,-10.6867425633492,2.61087267525036,0.24973242953978,-0.250357653791131,-0.684191573640624,-3.00445103857566,5.20393811533052,-4.75138121546962,7.2112098427888,-0.549828178694159,-5.97232337946104,4.5201668984701,2.50847457627118,-0.579611319468127,-1.87565126780132,4.41567065073042,-3.22138450993832,-0.0342817963661228,3.34658714380384,-2.54841997961264,-2.6508545517963,0.208840932822829,-0.877808988764045
0,0,0,0,0,-7.70754903903309,2.0,-0.763060066523186,-1.67097672568131,-1.2079726192873,1.37013502779984,-3.57877416700947,2.60416666666667,0.656716417910444,-3.97268777157046,2.95180722891566,-1.24008944907501,0.72653884964682,1.56932856575289,1.77560975609755,1.81992337164751,-0.13427968540188,1.54863078375826,0.972507948382263,-0.583145221971411,0.654083348906749,2.85039941902687,0.487804878048786,-1.9524774359919,-3.44893292682927,0.0,1.53846153846154,-1.89256356337219,-0.848274532485068,2.02115602568946,1.00972326103216,0.94461937395815,-2.35071090047394,0.0757719265012297,-2.78426791277259,-5.37546163315551,-8.9649005141963,-6.12099644128113,0.401701323251422,0.282752120640899,-6.23279098873591,2.93974732750241,-3.00300300300299,5.55424249586386,-0.189438787591772,10.4537743850721,2.15767634854773,-3.85692738633916,4.15117719950435,-2.6499894000424,-3.21663019693654,-0.39543057996485,5.24562864279766,-3.89273356401383,-0.674940126279125,1.1194833153929,-0.890529973935716,-1.52149944873208,-2.13963963963965,-15.4146087860671
0,0,0,0,0,0.959692898272549,-5.67951318458418,4.64216634429401,-6.5979381443299,-2.10526315789473,3.06122448979593,-2.29645093945721,-4.1304347826087,2.74841437632137,-12.6190476190476,9.48275862068964,-3.57142857142855,-0.674157303370792,4.91452991452991,5.0709939148073,6.9811320754717,-7.07070707070706,-0.405679513184594,4.45736434108528,3.55140186915887,0.557620817843871,3.23741007194244,4.95726495726496,2.50000000000001,-9.28961748633879,0.723327305605787,0.180505415162451,-5.32319391634982,-5.83501006036217,-2.47422680412371,-1.4644351464435,-1.91897654584221,-1.7353579175705,4.35684647302904,-3.65591397849462,-5.20361990950227,-2.31481481481481,0.230946882217085,1.8140589569161,4.75161987041036,-6.9284064665127,0.230414746543774,-2.8436018957346,7.04845814977974,-1.56599552572708,8.9613034623218,-1.44628099173554,-4.08602150537633,5.10204081632653,1.01010101010101,-8.07860262008734,-0.43859649122808,8.06451612903227,-7.35930735930736,3.54906054279749,2.04498977505112,-5.38793103448276,-3.1111111111111,2.17391304347825,-1.09890109890109
0,0,0,0,0,-2.73972602739726,-1.88834154351396,0.286532951289399,-2.26035998325659,-0.251783466219061,1.52892561983471,-1.63796724065519,0.832986255726792,0.538525269262631,-2.28813559322034,4.45344129554655,-1.43737166324434,-0.953565505804314,0.289375775113685,-0.331812525922861,4.59042342698852,0.197472353870461,0.275699094131549,2.08252988816043,1.78030303030303,-1.61662817551962,0.49789352738414,0.457491422035841,-1.86407766990291,-3.455202892728,0.360288230584467,1.06930693069307,-0.517515923566875,-3.11986863711002,1.7741935483871,-1.14192495921697,1.92,-2.12418300653595,2.74135876042909,-1.61485668146953,-5.26986825329366,-5.04464285714287,-1.17434507678409,1.64371390493115,0.749559082892408,-3.60895386021014,0.499999999999997,-0.686498855835234,1.79775280898876,-1.04450499545868,0.900090009000897,2.20070422535211,-2.85196921684019,4.1648590021692,-2.12671688081524,-1.89616252821671,0.0451263537906208,2.97723292469352,-2.51346499102333,-1.54968094804011,0.136549840691842,0.946798917944098,2.76194651468654,1.5112262521589,-2.52324037184595
0,0,0,0,0,6.9620253164557,-3.94736842105263,5.59006211180125,-18.3823529411765,-4.61538461538462,9.72222222222222,-16.1290322580645,3.125,11.1111111111111,-24.1379310344828,10.7692307692308,-8.33333333333334,0.826446280991736,-0.833333333333334,6.25000000000001,4.47761194029851,-8.94308943089432,-3.36134453781513,17.9310344827586,0.684931506849316,-5.79710144927537,9.80392156862746,7.27272727272727,2.94117647058824,-10.3896103896104,-6.20689655172414,2.68456375838926,-9.55882352941176,-8.80000000000001,-7.75862068965518,-5.45454545454544,0.0,2.65486725663715,5.83333333333334,-21.2121212121212,-5.31914893617022,-2.17391304347825,-8.23529411764707,10.5263157894737,7.76699029126214,-14.4444444444444,11.7647058823529,-13.3333333333333,10.0,-5.26315789473685,5.0,-3.09278350515464,-6.59340659340659,13.3333333333333,-1.94174757281554,0.0,-7.29166666666667,5.88235294117648,-5.15463917525774,3.0,13.0434782608696,-13.8613861386139,-2.02020202020202,9.17431192660551,0.90909090909091
0,0,0,0,0,3.02267002518892,1.24378109452735,0.0,-7.48663101604276,-0.268096514745315,2.0997375328084,-8.23863636363637,1.94986072423398,2.44565217391305,-3.37078651685394,7.04960835509138,-4.93150684931507,-1.38888888888888,-3.44827586206897,5.69105691056911,3.1496062992126,-2.69541778975741,-2.2038567493113,-0.833333333333328,0.277008310249302,2.43243243243244,1.59574468085105,1.05263157894737,-3.26086956521738,-7.28862973760933,5.24861878453039,-8.70870870870871,-5.04731861198739,3.93939393939394,-1.22699386503068,-6.18892508143322,1.28617363344052,0.320512820512828,1.88679245283019,-5.29801324503312,0.330033003300323,-2.71186440677965,0.337837837837831,-0.33898305084745,3.27868852459015,-3.04054054054054,0.336700336700344,-6.07142857142859,2.0979020979021,-2.5089605734767,2.10526315789474,2.3972602739726,-3.18021201413427,4.71380471380472,0.335570469798651,2.29508196721311,-4.81099656357387,6.73076923076923,-6.48464163822525,1.67785234899328,1.97368421052632,-1.67224080267558,-3.46020761245675,-0.34722222222223,2.70270270270271
0,0,0,0,0,-5.8670988654781,0.194111937884176,-1.51067323481117,-1.43237841439041,1.70268500327439,3.07838781339258,-2.07321023647554,2.89399182132746,4.62046204620462,-4.67964824120603,2.77862595419847,-0.398528510116501,-0.0613496932515215,-0.12285012285012,2.04572803850782,1.39424503114802,-0.988615937687233,1.27181307305531,-3.58455882352942,14.5326001571092,-1.35350318471337,0.606700079134785,0.78513478147083,2.35113723485817,0.204029584289718,-0.153256704980849,1.11139176559739,0.201663725737329,-1.14737378888323,-1.52731038053325,-0.782676754500402,-0.70940620073567,-4.13132694938442,1.95815450643778,-1.05719707237734,0.054185857491184,-3.24475524475524,-4.25780110819481,1.6915137614679,3.53982300884954,-3.19634703196346,0.53931308543854,0.311262026032842,4.58963282937364,-4.10342889263632,5.06937033084311,-0.509519978546521,-1.33152173913044,1.55163188871055,-0.700431034482772,-2.25895316804408,-1.82328190743338,2.94037571467465,0.271517784414883,8.81406288685319,1.94221898519057,-2.87212787212787,2.38907849829352,0.50933786078097,-0.880841693173475
0,0,0,0,0,10.6217616580311,-5.75342465753425,-4.28571428571428,-6.38297872340426,-3.45911949685534,4.79041916167664,-3.40557275541795,3.00300300300301,-0.604229607250756,-7.81758957654724,9.43952802359883,-8.65384615384615,0.0,10.6017191977077,1.69014084507041,-0.852272727272722,-0.284900284900292,-5.72289156626506,7.26256983240224,1.91780821917808,2.92553191489361,5.05050505050506,0.0,3.17848410757946,-7.63157894736842,-4.39560439560439,3.95778364116095,-2.71002710027101,-2.78551532033426,2.97297297297298,-6.32183908045978,-0.578034682080925,-0.289855072463762,11.7647058823529,-12.3563218390805,-0.869565217391299,-5.1829268292683,-7.89473684210526,4.10094637223974,4.80480480480481,-2.46153846153846,-1.24610591900312,0.310559006211187,8.26210826210825,-7.01219512195122,13.9107611548556,0.522193211488251,-8.19209039548023,11.0552763819095,-1.53061224489796,-3.15789473684211,-10.1449275362319,12.6582278481013,-4.49735449735451,4.78589420654913,-10.5849582172702,-2.27920227920228,-0.28571428571428,1.40845070422535,4.31266846361186
0,0,0,0,0,-1.65229885057472,-1.90336749633968,-1.18518518518519,-4.65116279069767,-0.860046911649736,1.38781804163455,-0.309358081979899,2.48868778280543,0.896860986547093,-4.94117647058824,1.54440154440154,-2.53365003958827,-2.10185933710591,-0.569105691056898,-1.31795716639209,0.0823045267489694,-1.33444537114262,0.0833333333333316,-2.82776349614396,4.10846343467543,0.0,-2.61382799325464,2.86650286650288,-112.717770034843,7.26978998384491,4.91551459293394,1.06382978723405,-5.61797752808988,-4.35510887772196,-0.674536256323778,-0.338409475465306,-1.37221269296741,-2.64084507042254,-7.16981132075472,-3.92156862745098,-9.91379310344828,-11.8072289156626,-3.49127182044889,-0.50125313283207,5.89622641509434,-6.53266331658292,2.45098039215686,0.244498777506107,2.61904761904763,-3.19410319410319,-0.246305418719228,11.353711790393,-6.51162790697675,0.462962962962974,2.92134831460674,-4.95283018867924,-5.73566084788031,6.96055684454756,-1.17370892018779,2.06896551724138,0.229357798165153,9.91735537190082,-2.76008492569002,10.2857142857143,0.379506641366216
0,0,0,-5.53580497714576,-4.45623342175066,-4.20121614151466,1.5242242787153,0.433604336043351,1.17836100696306,-0.0535905680600298,-2.35874931431706,2.51336898395721,0.743099787685778,-3.80165289256199,2.20905172413793,-1.19956379498364,16.2174508908177,-0.968634686346867,-3.3857892226991,-3.04668304668303,1.88042430086787,-4.58900655572365,-0.303490136570555,-1.59301130524151,0.205128205128201,14.5111793073213,1.68103448275862,0.215053763440863,-1.39555167902312,-0.835532102022873,-1.92738682205289,0.932504440497339,3.05639259578132,1.98312236286919,-0.253807106598979,0.126742712294048,-1.45735105015004,1.76842105263159,4.50341777241657,-1.22100122100122,-1.19439868204283,1.46103896103896,3.10656704679512,1.43410852713179,0.692840646651269,0.230414746543774,-0.308166409861319,0.1922337562476,-1.4430577223089,-3.09609971853639,2.35571260306242,0.235017626321983,3.76931775348662,-3.83561643835617,-0.392927308447943,1.92678227360308,0.383877159309027,-2.35756385068763,1.54738878143134,1.93474962063732,4.00582665695558,1.75313059033989,-1.08499095840868,1.91557289819086,-17.5072947061276
0,0,0,-20.231822971549,-7.11060948081265,-5.60190703218115,0.592417061611362,0.705882352941182,5.02793296089385,-2.8735632183908,-2.9585798816568,-0.955794504181602,-3.33333333333333,-5.46875,2.53807106598985,-1.67741935483871,-1.97368421052632,1.6817593790427,-1.57687253613666,-0.661375661375671,2.95250320924262,-1.83006535947712,-0.13089005235603,2.67515923566879,10.2857142857143,-1.86263096623982,1.6036655211913,3.0,0.662251655629145,-2.83768444948922,-4.13711583924349,1.96987253765933,-0.116009280742478,1.48571428571429,0.681044267877418,0.0,-3.64705882352942,-3.03030303030303,3.50877192982457,-2.64105642256904,-0.969696969696971,-1.60098522167489,-0.123304562268801,-1.50187734668334,0.868486352357324,1.70731707317072,3.52941176470589,0.584795321637435,0.696864111498243,1.14810562571758,4.28571428571427,1.93965517241379,-1.97802197802197,2.77777777777778,2.29645093945721,0.415800415800407,3.0241935483871,1.39165009940358,-2.23577235772358,4.65116279069768,5.32110091743119,2.67857142857142,-2.94117647058822,-0.554528650646955,1.9927536231884
0,0,0,-1.53401511783016,2.64069264069265,-0.961538461538472,1.23030433844162,-0.281385281385272,-0.609756097560978,1.0984277406849,-0.956729723853007,-0.943810359964881,-0.219973603167623,-2.92053429929816,0.763873286901812,-2.15744778517328,3.64882795223352,6.02660016625104,0.701609574907147,0.513241634161363,1.15665584415584,-5.27665028839991,0.298189563365283,-0.213447171824976,-1.07874865156419,-0.760869565217394,-1.16560369474379,0.241333918385255,1.51253241140882,0.622718488297185,-0.344753285929765,0.257898130238566,-0.0430015050526836,2.39244491080798,1.20257101389177,1.2893982808023,-2.21757322175733,-0.399075824406632,2.0571898786258,-1.16545265348596,0.661567087037421,-0.290275761973876,0.310045473336101,1.2451520718514,2.29357798165137,-1.78643930166464,-0.22380467955239,0.0610004066693801,-0.346867986125284,-1.28125645794585,-0.456715798214654,1.02732689541812,-1.92670157068063,3.45733926405176,3.01960784313725,0.410076157000587,-1.30563798219585,-2.66043866774979,0.303705203482483,-0.263905805927736,1.75508575987236,1.66699352814278,0.584909339052441,-0.312927831018965,-0.353287536800785
0,0,0,-8.8235294117647,-4.21455938697319,-6.09756097560975,-0.408163265306114,1.20967741935483,-1.63934426229508,-5.17241379310345,2.92887029288704,4.4,3.10077519379845,-9.32203389830509,3.67346938775511,-1.6597510373444,-3.43347639484979,5.28455284552845,-1.23456790123456,-2.10084033613446,5.17928286852589,10.6761565836299,-5.6390977443609,5.33807829181494,1.40350877192983,-8.77862595419847,1.13207547169811,5.69395017793595,7.86885245901639,-11.7216117216117,-7.48031496062992,6.61764705882354,6.52920962199312,3.0,0.0,6.83229813664597,-2.87539936102237,2.79503105590063,8.26210826210825,3.03867403314918,2.16216216216216,-0.543478260869566,-3.08123249299721,1.38121546961327,-1.68539325842697,9.18367346938775,0.50761421319797,20.2429149797571,-1.22950819672132,-4.27350427350428,4.48979591836736,1.80360721442885,8.77513711151736,-6.00775193798449,0.57803468208093,1.70454545454545,-2.52427184466019,-7.51565762004176,-2.1321961620469,2.08768267223381,2.04498977505112,2.20000000000001,-2.88065843621398,2.60521042084168,-0.808080808080809
0,0,0,-3.73608903020668,-1.39028813217811,4.72259550777501,2.88963460104399,-1.28398791540785,-0.837776085300833,-2.00038842493688,-0.605705353653775,0.602058652165473,-2.79496905569974,-3.59875904860393,-1.68243953732914,-1.06269925611052,-2.32709873858199,0.217013888888892,0.108389334489495,2.53538981618423,0.189793336145094,1.90318576748035,-4.49632511889322,0.750911821497536,-0.387680379065259,0.59944337400985,1.03813559322034,2.88065843621399,1.0989010989011,0.1219512195122,-1.40148392415499,0.979591836734688,0.142653352353781,3.21499013806707,0.255754475703316,1.56855151045701,-1.79381036861818,-0.674737051002176,1.65886026541764,-0.510003923107111,0.234833659491203,1.33230353350067,-1.74852652259332,2.71406727828747,2.07748455923638,-0.526810912511761,-1.97620874904068,-0.559521512637467,1.05001909125621,-1.47229755908564,-0.310921103769912,-0.155702608018681,-2.37099023709903,1.37551581843192,1.79467387109224,0.326985958838241,-0.619314882910781,-5.23421588594705,-0.759285860866006,1.01564086938858,1.52030406081217,0.15977631316157,-5.81149619611158,-4.8062015503876,3.46375881975626
0,0,0,0.244897959183668,-2.76845637583893,0.749375520399666,0.579470198675499,5.55121188428459,3.54449472096531,-1.60919540229884,-1.87353629976581,-1.02523659305994,1.47630147630147,-4.88997555012225,3.23343848580442,-2.25806451612903,-2.22588623248145,2.33494363929146,4.53497309761722,0.762776506483598,0.0,-1.94401244167963,6.06281957633309,1.79340028694405,3.12717164697707,-1.26671358198452,2.26960110041264,0.818553888130975,-0.686813186813184,-1.18137595552467,-3.15412186379929,1.55257586450247,-1.21428571428571,2.23463687150838,1.64835164835165,1.3550135501355,-4.09026798307475,-1.06913756236636,0.637393767705381,-0.35536602700781,0.141944641589777,-1.07604017216643,1.13475177304965,-0.213219616204686,-1.66184971098266,-0.144717800289433,-2.14338507021435,0.514705882352943,3.40909090909091,0.424328147100428,4.00543109300747,0.338294993234093,1.46666666666667,-1.2829169480081,-0.135226504394871,1.53129161118509,2.21354166666667,-3.85395537525355,-0.680735194009528,3.10026385224275,2.0671834625323,2.88582183186951,-2.24502886465683,0.128122998078152,-0.970245795601543
0,0,0,-3.69557263080864,-1.0351201478743,-3.12619138391155,1.24246987951807,1.15370301451434,1.61113145367996,0.51001821493625,-1.44124168514413,2.76679841897233,0.713521227256521,-1.52118797537125,-2.18356772760918,-0.708162504658969,-0.788880540946647,1.55325443786982,6.82288077188146,8.9711417816813,0.685358255451721,-4.15314730694355,-1.85062789160608,0.819403474270731,-1.02649006622517,-4.89753386592567,1.03128222756961,4.46633825944171,0.749674054758802,-2.50584697627798,-3.27812284334023,-0.0690607734806615,-1.47161878065873,1.92439862542956,0.817995910020445,0.441126569392599,-2.14904679376082,0.688468158347674,1.92437542201215,-1.57750342935528,-1.32036136205698,3.32549546523345,0.898801597869506,2.56243918261433,2.18908629441625,-3.68421052631579,1.23456790123458,0.0649350649350635,-0.818330605564648,-1.39395950879523,2.5549805950841,1.93466539803362,-1.87399030694669,-0.781504395962222,3.63978663319736,2.74641440341777,1.76858513189447,-0.755058894593778,1.98342214328005,0.676271684798579,2.71739130434783,2.99667036625971,-0.111111111111109,-0.0834028356964168,-4.0798611111111
0,0,0,3.27402135231316,0.378161191207761,-4.52075098814231,0.491642084562446,0.294117647058817,0.390625000000009,-4.99871827736479,-0.801033591731254,-0.965301330550495,-0.0783289817232406,-0.762957116548275,0.34084950183535,4.29109159347554,-1.01394169835234,1.02860010035122,2.32786081842686,2.22807858169621,1.5566037735849,0.749063670411986,-8.04248861911988,-1.02197240674501,0.760649087221088,-0.84377397085144,6.43540669856459,-0.917431192660539,0.456621004566205,0.239750659314316,-2.78462296697881,0.294840294840306,-2.28700678562454,0.475237618809399,-1.31779016725797,2.13293650793651,-1.6641452344932,-0.583312198833368,2.52163164400495,1.12441945734538,2.05889394302132,1.11268939393939,0.84507042253521,3.7940379403794,2.20848056537102,-0.376856572821994,-1.71364148816234,-0.772551692797099,0.542372881355937,-2.35947258848023,0.207756232686988,-0.208188757807086,-2.36798484489699,2.06400742115028,4.04984423676013,2.74832287383684,1.55517682147422,-1.03314679294016,0.811272416737836,0.403997448437163,1.95955805711903,0.124921923797631,0.620732464307877,-1.02424749163879,0.540540540540536
0,0,0,-1.02880658436214,2.60521042084168,-5.94479830148621,3.28542094455852,4.3222003929273,-2.00400801603206,0.0,3.10679611650486,1.52963671128107,3.3271719038817,-6.49606299212599,3.23809523809524,-1.35135135135136,-3.80761523046091,-1.01214574898785,-3.34728033472804,1.0351966873706,3.2064128256513,-1.21703853955376,-1.44032921810698,1.0183299389002,-0.821355236139631,-6.33187772925764,0.217864923747272,4.17536534446764,-1.91489361702127,-6.09480812641085,-6.49038461538461,5.88235294117647,5.35331905781585,1.68421052631579,-1.71306209850107,-1.9650655021834,-2.00445434298441,-2.04545454545454,3.7199124726477,-1.33037694013305,15.8582089552239,3.42342342342341,-8.18713450292397,-2.6,1.76817288801571,-1.19284294234592,-1.00401606425702,-1.63265306122449,-0.823045267489713,-3.18471337579619,4.46247464503042,0.604838709677424,-2.05761316872427,0.409836065573762,1.01419878296146,-0.203252032520321,3.33988212180746,-2.62096774193548,-1.84804928131417,-0.205761316872424,2.60521042084168,1.18811881188118,-1.60965794768612,-2.05338809034907,0.612244897959189
0,0,0,4.85312899106001,2.85359801488834,-1.93929173693086,-0.126635711270568,0.545759865659106,-0.252525252525247,-1.84312044577798,-4.75976650202065,0.669045495093676,-0.358102059086848,-2.0557332115121,-0.137236962488569,5.40891389009087,-0.697167755991286,-0.218340611353715,3.61952861952863,0.168067226890753,-1.36286201022147,-2.53275109170306,-2.18652387327085,0.178173719376388,-0.853548966756504,-1.13584734211722,3.12499999999999,-3.27272727272727,1.47783251231526,-0.26942074539739,-0.315315315315317,-0.452488687782796,-1.00548446069471,-0.922509225092248,-1.59325210871603,-0.850661625708883,0.563909774436095,-0.519603212092581,0.329566854990568,-2.50965250965251,1.3802950975726,2.50580046403712,-0.74801309022908,0.742459396751741,3.62254025044722,0.445235975066792,-0.762673844773449,-0.179775280898873,0.179452669358453,-0.677506775067744,-0.226346763241289,1.69114374721851,-2.27583067819754,0.498188405797099,2.98769771529,2.10752688172042,1.10591237771162,-1.5112262521589,0.728675525075003,-0.300945829750631,2.84043441938179,-0.757575757575756,-0.337837837837846,-1.11016225448334,0.0
0,0,0,3.96039603960396,-1.0,0.0,4.76190476190477,7.0796460176991,-11.8811881188119,-3.06122448979592,5.76923076923077,-1.96078431372549,3.77358490566038,-7.07070707070708,7.4766355140187,-2.88461538461539,-5.05050505050506,6.60377358490567,-6.00000000000001,11.5044247787611,4.23728813559322,-7.27272727272726,4.34782608695651,10.8527131782946,-4.03225806451613,0.0,-3.33333333333334,10.4477611940299,4.28571428571427,-15.702479338843,-11.0091743119266,3.53982300884954,3.41880341880342,8.59375000000001,-3.22580645161291,0.800000000000001,-8.69565217391305,-2.67857142857141,2.6086956521739,-3.60360360360359,8.26446280991734,12.9496402877698,9.15032679738563,-10.0719424460432,0.714285714285715,4.76190476190477,-5.75539568345324,-1.45985401459853,0.0,-2.23880597014926,2.18978102189781,2.14285714285713,-8.52713178294573,-6.61157024793389,-0.833333333333334,5.51181102362205,-6.72268907563026,-2.58620689655173,1.69491525423729,-1.72413793103448,2.52100840336135,16.7832167832168,-13.4920634920635,-1.61290322580645,3.125
0,0,0,0.657894736842106,-3.40136054421769,-1.03092783505154,1.68918918918918,0.671140939597316,-3.11418685121107,-9.46969696969697,-0.380228136882138,1.86567164179105,-3.87596899224807,-1.5748031496063,3.05343511450382,0.380228136882121,-6.91056910569105,5.01930501930502,-3.18725099601594,-2.03252032520324,1.99203187250995,-1.20967741935483,-3.33333333333334,-2.56410256410257,4.48979591836736,-11.3636363636364,-6.28019323671499,0.956937799043063,1.41509433962265,10.9243697478992,1.65289256198347,2.41935483870968,-1.22448979591836,-2.94117647058825,6.66666666666666,0.390625000000009,1.15830115830115,-2.77777777777777,5.26315789473685,0.0,6.66666666666667,4.68227424749164,5.9748427672956,-5.64784053156147,0.986842105263166,1.2987012987013,-0.325732899022809,-0.986842105263151,-0.996677740863796,-0.333333333333326,1.31578947368421,0.327868852459009,-9.71223021582734,-1.09090909090908,6.14334470989762,-1.0344827586207,-3.57142857142857,-0.358422939068093,-1.08695652173914,5.47945205479453,2.01342281879195,3.87096774193549,-4.0268456375839,-4.56140350877193,6.25
0,0,0,-0.126518218623475,-0.25367833587012,-0.663942798774273,3.42786683107275,1.67313288069836,1.12682809877727,-2.30561687515329,-1.26676602086439,2.32896652110626,-0.365230094959821,-4.66360856269113,-6.14011360562619,-7.2215777262181,-0.0290107339715637,0.0,-0.378567268491542,3.91717963066592,0.139703827884876,-1.73393973848778,-1.67630057803468,-1.1104617182934,-11.9764397905759,-4.33595083646296,-0.618344211611129,-4.78761699064074,5.89430894308943,0.739744451916607,-1.25978890023833,-0.0681431005110718,1.51006711409396,-0.675675675675673,3.98962049951345,-2.08609271523178,-1.64927633793335,-0.643631436314367,4.46601941747573,-1.04643557880968,3.98744113029828,2.86672766087221,1.9730941704036,2.16437554840595,1.15640358485113,-3.16134804652551,0.178624590651987,-2.75313551544817,2.65038713519953,-0.599161174355889,2.34055002925687,0.146070698217929,-1.45228215767633,-1.90274841437633,5.02008032128514,-0.432152117545372,2.05981941309254,-1.54727793696275,-3.68389780154487,1.92307692307693,3.75771172181715,-8.38905775075987,4.30482838859803,-1.41592920353983,-30.2843966179862
0,0,0,4.04040404040404,-7.02702702702702,-3.64145658263306,7.27272727272728,2.03562340966921,-5.64516129032258,-4.78873239436621,-1.42857142857142,3.58126721763085,-4.3103448275862,-7.73993808049536,1.82370820668693,-4.11392405063291,-0.958466453674129,5.72289156626506,-5.0632911392405,0.940438871473348,5.05952380952381,-1.81818181818182,0.0,5.98290598290598,-6.04229607250755,-3.11526479750779,-3.54838709677419,6.90690690690691,-0.604229607250756,-4.74683544303797,-4.98338870431895,0.986842105263166,-3.05084745762711,9.78593272171253,-5.14469453376206,-2.30263157894736,-5.92334494773519,2.04778156996587,7.27848101265823,-4.98338870431895,1.63398692810458,0.325732899022794,4.36137071651091,2.43161094224924,0.0,-0.304878048780495,1.79640718562874,-0.300300300300294,2.34604105571848,-0.887573964497049,1.45772594752187,2.27920227920227,-4.46428571428571,-3.06748466257669,3.26409495548962,0.882352941176465,0.0,-6.24999999999999,-1.5873015873016,-0.961538461538455,1.88679245283019,5.07462686567164,-3.07692307692308,-0.619195046439629,3.00300300300301
0,0,0,-1.50659133709981,-8.81147540983606,0.408163265306132,1.60642570281125,4.41458733205373,-0.385356454720608,-6.57084188911705,-0.619834710743807,2.41935483870968,3.87596899224807,-9.09090909090908,3.46938775510204,1.80360721442885,0.199999999999996,-1.01010101010101,2.36686390532545,3.79506641366223,5.72450805008945,0.710479573712256,-2.55009107468123,-1.29151291512916,3.73001776198934,-1.2589928057554,3.47222222222222,4.47761194029852,-4.32525951557093,-0.34722222222223,-5.30164533820841,2.49554367201427,-0.178571428571441,6.97674418604651,2.43111831442464,1.28,-0.969305331179315,3.1298904538341,3.18181818181818,-0.609756097560976,3.81231671554253,1.8705035971223,1.83615819209039,-1.14285714285714,-1.01010101010101,-9.13385826771654,-4.09836065573771,-2.3489932885906,-1.18845500848897,0.0,0.338409475465321,0.838926174496641,-0.33670033670033,-4.39367311072056,1.04347826086956,1.20274914089348,2.51256281407034,-4.92091388400702,-2.52252252252253,2.2887323943662,3.56536502546689,-0.170068027210881,3.13014827018123,-2.36087689713323,2.14521452145214
0,0,1.7384105960265,-0.248962655601654,-3.43347639484979,0.469884664673214,0.0426985482493662,0.297999148573847,-0.98882201203782,0.810234541577815,1.75953079178886,-2.00854700854702,-0.601891659501277,3.08333333333333,-0.292519849561221,6.08320251177394,2.26313770617568,1.06261859582543,1.16279069767441,-2.57791458253175,-3.13492063492063,0.23752969121141,2.28239845261122,-7.66347355268638,-0.967199327165687,-3.39130434782609,3.32072299285414,-1.4498933901919,-0.947051226861812,1.69276343630977,1.62364696086595,-1.65044435040203,-2.16169476869866,1.99152542372882,1.33779264214047,-1.87393526405452,0.550614146548069,-2.78624292555507,-4.4090909090909,2.61177512173528,2.2923875432526,-1.94003527336861,-0.265251989389915,-2.39927569035763,-3.17608594114899,0.511152416356875,0.829493087557602,-0.416473854696899,0.230840258541093,5.04164839982463,2.89484887186036,2.93388429752066,3.47028320702035,0.31809145129224,-0.399201596806379,-1.5403323875152,-0.776143790849678,-0.3690036900369,-0.618811881188128,-1.97728228859907,-0.891341256366727,1.04997900041999,-0.889830508474565,-1.3745704467354,-4.5822102425876
0,0,0.0955109837631307,-2.046783625731,-0.293255131964803,-0.392541707556437,-0.295275590551175,0.0983284169124856,0.0982318271119822,3.32383665716999,-0.190294957183631,-0.382043935052523,2.60465116279069,-0.186393289841562,2.7198549410698,5.07745266781411,-0.0861326442721773,0.343347639484986,-3.28014184397164,-2.17391304347826,-1.5639374425023,-5.32945736434107,7.44394618834081,0.446428571428562,-4.38024231127678,-1.99619771863119,0.28436018957347,-2.62645914396888,-3.420523138833,1.09452736318409,-1.10663983903422,-4.08376963350784,-0.951374207188159,3.56778797145769,4.75728155339806,1.15163147792706,-0.0960614793467799,-0.0961538461538441,-0.48309178743962,0.192864030858241,-8.58638743455496,-1.92102454642478,-3.53591160220993,-3.42857142857144,2.56124721603564,0.443458980044336,2.16919739696313,3.04942166140903,-0.63492063492064,-0.425079702444199,0.738396624472577,2.16718266253869,-0.103305785123965,2.02429149797572,0.803212851405623,-0.707785642062692,1.49402390438246,-1.51668351870575,-1.85375901132852,-2.75132275132277,-2.71739130434783,1.39335476956057,1.26984126984126,-2.82916213275299,-4.43181818181817
0,0,1.11398448378755,0.337034099920687,12.2171945701358,-2.35126469540435,-0.555257030270468,0.339164584077124,0.160399215826049,-0.393630345321165,1.0270940322295,0.545966889749916,-0.888415067519545,0.600494524902855,-0.443498314706404,2.45717252119744,1.76780554139045,-0.238541489180441,2.63769077637691,1.29359751105289,-0.196882690730102,-1.27949484878698,0.905647949942363,2.37903873975246,-3.37321369225657,-2.67872376727521,-0.325231085244775,1.2174501183632,2.5057698648203,-1.04947526236881,-2.12657366451174,-0.017015484090519,-1.69579512026303,-0.138624155259051,0.637052341597792,0.257599175682635,0.563524590163944,-0.428742925741725,-0.0343112026076568,1.43726750084545,-1.63258291802716,-1.07694980024318,0.277152260523119,-1.35182584269662,0.210231254379813,-1.08021958562068,0.808009836641491,0.350078767722743,0.0349956255467997,-0.245570952464481,-0.831269897417755,1.11927247289262,-1.23937677053825,2.02948829141371,1.36869118905048,0.45980926430517,2.42605516782985,-2.43404255319149,-0.461696306429554,0.374787052810913,-0.841779762927335,0.291195614936625,0.0171262202431889,-0.378201822245142,-2.0884520884521
0,0,-1.04166666666666,-2.78372591006424,-17.9292929292929,1.24688279301745,-1.00755667506296,0.501253132832081,0.249999999999995,2.43902439024389,0.0,-2.49999999999999,5.88235294117647,0.700934579439258,4.67706013363029,2.39130434782607,4.76190476190477,3.97614314115309,-1.2072434607646,-0.201612903225802,2.55402750491159,0.196078431372545,-1.39165009940357,1.7578125,-2.4,-6.15711252653928,0.422832980972526,-0.852878464818764,-7.81609195402301,2.68456375838926,0.0,-1.13122171945701,-3.5128805620609,0.2336448598131,4.25055928411632,0.44543429844099,-0.67264573991032,1.54525386313466,7.17213114754098,1.41414141414142,-3.99159663865547,-1.27659574468084,-1.0752688172043,-4.49438202247191,2.62582056892779,-0.43956043956045,4.00843881856541,-2.5974025974026,7.41482965931864,5.84905660377358,0.0,-7.07070707070706,-4.87288135593221,2.07468879668051,1.83299389002036,5.21235521235521,4.07407407407409,-5.67514677103718,-3.23232323232323,-5.31914893617021,-2.17391304347827,-0.436681222707414,-2.23214285714285,-0.223713646532454,-5.67375886524821
0,0,0.486510393631134,-1.64081816138457,0.824788230049036,1.25467752586397,-1.5195530726257,3.05459272097053,-0.478885502829776,1.56417398757232,0.912951167728237,-2.23572823963534,1.81159420289855,1.75879396984924,-1.92061459667093,3.56040337518009,0.796243364638615,0.467384677911002,-0.387596899224802,-1.8703241895262,-1.60472972972973,0.399579390115663,1.67493796526055,0.514297469656449,-2.07895842083159,-2.07931404072883,1.33248730964468,1.35614437721677,-0.250993516000831,2.42857142857142,-0.163532297628778,-0.287002870028701,-1.09844559585492,0.20682523267839,1.3869059759331,1.08936856969941,0.800480288172901,-0.888350494649703,0.36210018105009,0.420673076923079,0.259740259740251,-0.240336471059478,0.537848605577695,-1.94963444354184,-0.101646676153698,1.44259667401322,2.15643991374241,0.332161000390781,-0.274294670846396,-1.41068944963243,1.00314712824549,-0.0196734212079581,1.12818517798093,0.271580989330748,-2.18037661050544,-0.900000000000006,1.74887011200629,-0.712448050662971,-0.597252637865826,0.0,-0.239473159050085,0.909630215542814,1.63392336121376,-1.76167854315121,-2.3915687069315
0,0,-1.9876627827279,-3.47517730496454,-1.0752688172043,2.3109243697479,-0.210526315789469,1.38408304498269,0.89163237311386,2.21327967806841,-3.11203319502074,-3.35954253037885,0.780141843971627,-0.355871886120989,-1.37085137085138,2.3943661971831,3.8591740013541,1.92563081009297,0.528401585204756,-1.61073825503356,-0.607697501688048,9.75015234613041,0.0609013398294858,-0.736196319018411,-2.00250312891114,-1.13924050632911,-0.317460317460322,0.630914826498421,-1.148691767709,0.759974667511078,-0.701530612244894,-0.70648683365446,-2.97619047619048,-0.19880715705765,3.2071840923669,1.39152435167616,1.06382978723404,-0.566393958464442,-0.506008855154966,1.00187852222918,0.622277535780956,2.42865816636308,0.0,-3.13087038196618,0.560398505603973,-1.51706700379266,1.61691542288556,0.495049504950506,1.70316301703164,5.24495677233429,0.573065902578784,0.513112884834663,0.113895216400909,-0.45766590389015,4.58515283842795,-1.21546961325966,0.330396475770918,-1.85081323611891,0.889382990550307,-1.06741573033707,0.614182021217194,1.53930731170974,0.763775231860322,-1.38274336283186,-1.63012928611579
0,0,-0.0884433962264184,-2.57030541276081,1.78200178200179,-0.838574423480087,-1.52021891152326,0.303122158229771,-1.820987654321,1.75864160097028,0.75233222991273,0.894721145243079,-0.209205020920503,1.67499265354099,0.0587371512481528,4.05748098055792,1.33444537114261,-0.111327581408292,0.443336104183995,0.386420093844862,-0.387919091160968,-0.22216051096919,1.28837719298245,3.36423841059603,-2.16508795669823,-5.84359782297338,-0.200918484500554,-0.926998841251449,-2.06978119455944,0.500147102088855,1.47826086956521,-0.524475524475524,-1.65876777251186,2.31481481481483,4.23940149625935,0.633259911894265,2.2604951560818,-0.950828579190422,-0.190528034839413,0.0544069640913929,1.63232539470163,-0.0803427959292823,0.187115744453337,-1.46460537021969,-2.84518828451882,0.278164116828933,1.01872246696035,1.06238082266413,0.568797399783318,-2.44173140954496,-0.334075723830728,2.65582655826557,0.216333153055701,0.591397849462382,1.97628458498024,-1.06524633821573,1.46943059564419,-3.05570578691185,-1.31506849315068,-1.30446849847349,0.989282769991754,3.44919076678163,0.264620269912679,0.290237467018468,-10.7863197895352
0,0,1.24683009298395,-2.3356401384083,-0.0432713111207337,0.580770058077013,-0.84598698481562,2.22693531283138,-2.45545415036939,0.647668393782377,1.53061224489796,-0.448430493273544,0.59435364041605,0.590841949778437,-0.445103857566767,15.7048418795783,-2.43411420204978,0.636479359883618,3.61086765994741,0.471039776692259,0.624133148404992,-1.26404494382022,0.558659217877095,0.882505623810344,-2.28318584070796,-3.1021897810219,0.218499635833949,-3.3301975540922,0.374882849109659,1.03876831756631,-2.21843003412968,0.0,-1.24784027644461,-0.192344681669555,2.01658499811534,-0.817024510735321,0.978363123236117,-0.283018867924526,0.73047387151152,1.25762899944516,-1.00878012329535,-1.53641881638847,-1.05424573509679,-2.35432607416128,0.156709108716941,-0.117670131398304,1.44955546965597,-0.174249757986454,0.366512345679022,-0.660194174757288,0.999615532487511,0.0768344218209741,0.496941896024461,2.53353204172876,-1.22572128983594,-0.932622763608683,4.80159449175575,-1.32182852946576,-1.66106756252333,0.538333023946536,1.22845617895123,2.04741379310345,-1.03429504627109,1.41323792486583,-1.65484633569739
0,0,-3.28227571115973,-1.1061946902655,-2.49433106575962,-0.227272727272722,0.452488687782796,0.674157303370792,0.890868596881961,3.44086021505377,1.48305084745761,0.840336134453782,1.03950103950104,-1.05042016806722,1.03950103950104,4.56349206349207,12.1951219512195,0.0,2.21465076660988,-0.859106529209619,1.35593220338983,-10.2803738317757,5.30973451327435,2.75387263339069,-3.19715808170515,-3.30275229357798,2.15439856373429,0.713012477718361,-4.08163265306124,4.09252669039147,1.40350877192983,-1.60427807486631,-0.178571428571441,-2.00364298724953,3.85288966725043,-0.883392226148407,0.527240773286472,-0.352733686067028,1.04712041884818,0.865051903114184,0.857632933104628,-2.1015761821366,0.174825174825171,4.0268456375839,2.45499181669395,0.0,2.23999999999999,0.318979266347681,1.72413793103449,0.931677018633548,-0.940438871473362,2.29709035222053,1.21028744326778,1.19581464872945,1.03550295857987,0.734214390602053,2.57510729613735,-2.04379562043796,-2.08643815201192,-6.33914421553091,2.62345679012347,0.307692307692301,-0.154083204930659,-1.72413793103449,-6.8676716917923
0,0,-0.305944055944057,-1.2837538733953,-0.578806767586816,-0.492170022371362,-0.585058505850597,1.89845474613686,-0.890868596881957,2.00785683107814,2.21937686726419,2.0484949832776,0.291788245102112,1.1536876802637,-1.42081069786878,0.992966487381059,0.206440957886033,1.06209150326798,1.52855993563958,0.200722601364917,-0.484066155707951,-1.30772374335922,0.689935064935072,-3.01003344481605,-2.13492741246798,-3.03563572371316,0.655594405594399,0.521739130434787,-0.744634253175654,0.392670157068078,-1.46082337317398,-0.489323843416368,-1.62748643761302,0.180505415162451,1.99026979212737,1.65289256198347,0.260303687635585,-0.217391304347829,0.519031141868516,-0.0432713111207337,-0.872981230903533,-1.28205128205128,-0.399467376830891,0.132978723404245,0.397350993377483,0.3519577650682,1.47377546597312,1.49444918872759,0.762711864406778,-1.85584807941303,-0.520607375271154,0.902837489251938,-0.954861111111122,0.518134715025911,-1.04712041884816,-0.174825174825187,1.88679245283019,-1.08365843086259,-0.566695727986046,0.260869565217386,0.432900432900439,1.86915887850466,-1.2908777969019,0.0430107526881788,-2.64900662251656
0,0,1.63934426229508,-5.17241379310345,-2.65486725663717,0.0,1.73913043478261,12.8787878787879,2.22222222222222,2.87769784172661,0.0,-8.59374999999999,8.57142857142856,1.40845070422535,-7.57575757575756,5.7142857142857,3.44827586206897,2.68456375838926,-2.75862068965517,-2.11267605633803,0.6993006993007,-7.51879699248119,2.91970802919708,6.80272108843536,-5.0,-3.70370370370369,1.45985401459854,0.724637681159405,-6.15384615384614,4.41176470588236,1.44927536231883,-5.34351145038167,-3.1496062992126,3.78787878787879,5.03597122302157,1.41843971631206,6.00000000000001,1.96078431372549,0.64935064935065,0.0,2.53164556962026,-6.04026845637584,1.32450331125828,-11.8518518518518,4.25531914893616,0.704225352112677,5.96026490066226,-0.666666666666667,2.5974025974026,3.14465408805032,-2.58064516129032,4.32098765432099,38.4030418250951,-6.91056910569105,-9.82142857142856,5.08474576271185,-0.425531914893608,-1.29310344827587,-1.75438596491228,-6.54205607476634,-5.41871921182268,9.37500000000002,-2.75229357798165,-2.3474178403756,-9.23076923076923
0,0,1.31147540983607,0.0,-5.17241379310345,0.0,2.35690235690237,0.0,-0.337837837837846,0.336700336700344,-2.41379310344829,-2.83687943262412,0.704225352112677,1.73010380622838,2.6936026936027,-2.41379310344829,3.65448504983388,5.04731861198739,6.48967551622419,0.586510263929619,1.72910662824208,-2.35988200589971,-3.6697247706422,0.607902735562311,0.0,-6.12903225806451,2.82131661442006,-0.949367088607589,-1.93548387096774,1.89873417721519,-1.60771704180065,-1.9672131147541,-2.00668896321069,0.664451827242511,1.95439739413681,-0.986842105263151,-1.33333333333333,-2.38907849829351,0.677966101694916,0.337837837837831,1.98675496688742,-4.13793103448276,3.33333333333334,0.66225165562914,-0.666666666666667,3.22580645161291,2.51572327044025,-6.00000000000001,2.2801302931596,3.45911949685536,-4.60526315789474,-1.33333333333333,-3.44827586206897,0.0,-1.04529616724738,-1.41342756183746,0.0,-2.16606498194946,-4.52830188679246,3.98550724637681,1.77935943060499,3.10344827586206,0.0,-2.11267605633803,-1.7921146953405
0,0,-2.2816679779701,-2.54134731746673,-0.73140999593661,0.364372469635627,1.671974522293,-0.721732157177224,1.8882769472856,-0.913060738388251,-0.800320128051232,1.34228187919463,2.72657450076805,1.28885519332828,-0.725467735777005,2.67558528428093,3.30578512396694,1.38199858256556,-0.498575498575501,-1.07991360691144,-1.34987230937614,0.0364697301240028,-1.36783733826248,-1.08370702541106,-2.52873563218391,-1.47744945567653,2.72314674735251,-0.685453160700684,0.830815709969784,0.150829562594265,-2.51256281407035,-0.271317829457365,-5.91133004926109,1.33657351154314,1.00240577385726,1.0710035700119,-0.678913738019176,3.46954510408636,-0.231839258114383,16.2188410488831,-2.04823257350512,1.2720156555773,-0.29440628066732,-0.857802705377768,-1.03333333333333,1.92873488067996,1.22699386503067,1.52623211446741,0.726010101010102,-2.62390670553935,-0.162232316677484,-1.0160603080957,-0.560316413974956,-1.33600534402137,1.61025303976339,-1.63660654642618,-2.7806385169928,-1.42757660167131,-2.42510699001426,-4.00593471810088,-1.2012012012012,0.634091756807155,2.15328467153285,0.03648303538855,-2.62074129539498
0,0,0.319488817891367,-2.62295081967213,-3.38983050847456,0.0,9.50920245398772,-6.18892508143322,-0.326797385620908,2.23642172523961,-4.33333333333333,0.0,1.63934426229508,-0.993377483443702,3.82165605095542,2.18068535825545,1.23076923076923,0.0,1.51515151515151,2.65486725663718,-1.8018018018018,-4.0625,-0.313479623824459,-1.59235668789808,-0.319488817891381,-3.64238410596026,1.628664495114,0.967741935483879,-1.30718954248366,1.29032258064516,1.58730158730158,-3.61842105263157,-2.01342281879195,0.0,1.97368421052632,3.18471337579618,0.317460317460311,0.316455696202539,-0.636942675159236,-1.61812297734629,1.5923566878981,-2.28013029315962,-2.33333333333333,-0.671140939597316,8.58895705521472,-7.59075907590759,0.980392156862753,-0.990099009900998,1.94174757281554,3.43750000000001,0.0,-0.313479623824459,-1.91693290734824,2.79503105590063,0.617283950617284,0.0,0.0,-3.18471337579618,2.18068535825545,-1.90476190476191,-0.318471337579611,-0.319488817891381,-1.62337662337662,-0.983606557377057,-4.45205479452054
0,0,-1.05263157894736,-0.352112676056346,-1.42857142857143,-1.08303249097472,-0.180831826401443,3.32167832167831,3.37837837837838,2.31023102310231,0.81833060556466,-2.6890756302521,2.13815789473684,2.40770465489567,5.74886535552193,3.22108345534407,0.437317784256563,-0.882352941176478,1.44927536231885,11.7647058823529,-5.10752688172043,-0.949796472184536,2.89855072463768,2.44215938303342,-3.59520639147804,-3.4435261707989,-0.276243093922646,-1.40056022408964,-3.47826086956521,1.84921763869132,0.142045454545452,-1.88133140376266,-0.875912408759131,5.90659340659341,5.20833333333333,4.95049504950495,2.17917675544794,0.959232613908874,-2.8360049321825,3.79596678529063,-2.05811138014528,-1.72413793103449,-1.49999999999999,-2.82776349614396,1.143583227446,2.71940667490729,-0.247831474597269,-1.00125156445557,1.84275184275185,-0.369913686806426,-1.62907268170425,0.869565217391308,-0.249066002490677,4.40476190476192,1.63934426229507,-2.15311004784689,3.46420323325636,3.24022346368714,-0.788288288288271,-1.25427594070697,2.01117318435754,10.3206412825651,-0.808080808080809,-2.91060291060292,-1.69133192389005
0,0,-0.22143489813995,1.48342059336825,0.130718954248356,-3.00718132854577,-27.1689497716895,-1.68311085316308,-2.92712066905617,0.0,32.0892494929006,1.00401606425703,-1.79885527391659,-3.3375580904098,0.0422297297297213,0.545989080218392,-2.18884120171673,-2.32762406675451,-0.308370044052865,-3.36976320582877,2.61640798226164,-3.77358490566038,1.18235561618917,3.42555994729908,-0.087912087912086,3.02642796248935,1.34566862910009,0.834028356964134,0.0833333333333316,0.497512437810949,-2.46389124893799,-0.512382578992303,2.00836820083681,1.56507413509062,-1.54746967795902,-1.09936575052855,1.04602510460251,1.48392415498765,0.164609053497939,0.28723840787854,-0.994612515540829,-0.207641196013292,2.11382113821139,0.6060606060606,-3.08204914618908,1.23406005758946,-0.537634408602146,-1.04471374843293,-0.588482555695673,1.65357585779248,0.123864574731617,0.737704918032786,-1.0351966873706,0.494437577255876,0.0823384108686685,3.07262569832402,0.555555555555558,0.552486187845306,1.13148653921186,0.774293457220284,-1.29411764705882,-0.39370078740158,0.392156862745104,-1.19047619047619,0.982318271119843
0,0,-0.113765642775899,2.11581291759467,-1.58371040723983,-1.37614678899082,-0.34522439585732,-1.16414435389988,0.348027842227371,2.92792792792795,2.6315789473684,-1.44605116796439,0.332594235033252,-1.92090395480226,-1.49082568807338,1.91226096737908,-2.89351851851852,-2.12765957446808,-0.594530321046382,-1.81598062953996,-0.854700854700858,-2.7603513174404,0.125313283208029,1.84501845018451,-3.83141762452108,3.21384425216316,-5.06493506493506,-0.917431192660554,-0.659630606860156,3.92902408111533,0.504413619167718,-0.252844500632106,3.30073349633251,12.6068376068376,-1.62866449511399,-3.36700336700338,-2.88683602771363,-0.115606936416183,-0.231749710312857,3.1425364758698,-3.24449594438006,3.89755011135857,1.42700329308451,-0.551876379690938,-2.48868778280544,2.42825607064018,-1.79775280898877,-0.907029478458051,-2.08333333333333,1.25714285714285,1.01809954751131,0.562429696287972,-0.90805902383655,-1.49769585253457,1.69875424688562,1.11982082866741,4.69583778014941,5.16194331983807,-3.239289446186,0.0,0.312499999999993,-0.418410041840995,0.0,-1.59404888416578,3.08959835221422
0,0,-0.461729710530986,0.949868073878626,-0.548284400424482,0.580270793036747,0.90608119881513,0.139203062467371,-0.401816911250868,2.15384615384615,2.02646122927483,-0.827423167848703,-1.78755586112066,-3.6153161175423,2.12654697577131,-4.49908925318761,-1.19815668202765,-3.39241471316943,0.152235965746904,-1.31096973202236,1.06809078771696,-1.25531093086133,-2.25118483412322,0.197083169097362,-0.794596742153354,3.5632183908046,1.17379780386217,0.396002262870075,-1.49282296650718,1.22873345935728,0.80630039377461,0.336385722294898,1.30947989671708,0.239190432382709,-0.239763924751019,-0.147765053564829,-1.2341062079282,1.54639175257733,0.984323733138897,0.489751496462911,-1.02620487447316,-0.275633958103636,1.28786504625431,0.720331352422112,-1.68467313678814,0.528233151183969,-0.641613198900094,-0.981118104405765,0.258493353028053,0.221075902726611,0.183891136447226,0.965215807685292,-1.98736998514115,-1.24106807070328,-0.891671409599694,2.18964557431805,1.64263551743019,0.850524791892868,0.234699404224594,0.108205590622186,0.430957083857057,-0.252025202520253,0.0359906424329731,-1.72066630056745,1.99138858988159
0,0,-0.995024875621892,4.96453900709222,0.0,-1.68269230769231,1.187648456057,-3.18627450980392,1.21065375302663,0.481927710843385,5.25114155251141,0.680272108843543,-2.7972027972028,-3.37349397590361,2.12264150943396,2.75229357798165,-0.460829493087568,3.76940133037694,-6.87203791469195,-9.6103896103896,0.0,-9.06515580736545,-4.74777448071216,4.26136363636363,-2.62390670553935,2.55681818181818,-0.859598853868189,2.78551532033425,4.52127659574468,-1.62162162162161,-4.8158640226629,1.12044817927171,5.30503978779841,-2.1680216802168,-2.21606648199446,-1.9774011299435,-0.854700854700862,-0.862068965517236,-2.35294117647059,6.5934065934066,-2.82485875706215,2.4793388429752,1.08991825613079,2.65251989389921,-0.533333333333334,-0.267379679144379,-3.03030303030304,-4.61095100864552,-1.46198830409358,0.58139534883721,0.0,0.578034682080925,9.4240837696335,0.261096605744131,-5.80110497237569,3.46666666666666,-0.267379679144379,2.60416666666666,-1.31926121372031,-4.12087912087912,-1.11111111111111,-2.27272727272727,-1.73410404624278,2.53521126760563,-0.566572237960341
0,0,-0.721054800164815,0.979192166462676,0.305064063453322,-1.17283950617284,0.836563966537434,-0.657219141507497,0.225409836065573,2.47801758593126,-0.502108857200241,-1.19918699186991,0.384693257744478,-2.76737411568872,-3.5106612104243,1.69383866186745,-7.80643688655557,0.725130296850216,0.942760942760931,-2.34321157822191,-1.04456824512535,-2.25492523142653,1.08006574313219,1.52601156069363,-1.05140186915889,3.58188781257041,2.99388111888111,-0.770755340233432,0.219731927049003,1.98147749300022,0.150537634408603,0.470890410958902,-0.408338706211042,-1.04234527687297,0.238301559792026,-0.676117775354406,1.14273393704183,0.876255610173107,1.24525116082736,0.147523709167545,-1.12958226768969,0.0426075841499702,1.88127090301004,-0.209467951403438,-0.759814267623469,1.66044001660439,0.248447204968939,-0.499375780274646,0.228357899107327,0.186489846663896,0.801644398766702,0.450173930836912,1.13291523366377,1.6318407960199,-1.61779575328614,1.23826642700219,1.99647680563712,2.35091743119265,-0.306748466257676,0.153139356814712,1.9335460859771,0.243445692883887,0.558659217877103,-0.37383177570094,0.260999254287846
0,0,0.798630918425559,1.57215047725995,-0.338028169014077,-1.77752293577981,0.171722953634789,0.569151963574282,-1.73711638679792,1.37064534551686,1.40765765765766,0.559910414333695,-5.05882352941176,-2.59505129752565,1.95266272189348,0.879765395894441,-0.294117647058828,-2.04081632653061,0.774270399047046,-7.07908163265306,-1.2265978050355,0.449871465295632,0.0,2.32266164469554,-1.33587786259541,3.55828220858896,1.21212121212121,1.01979604079185,-0.180288461538468,1.30486358244365,-1.13977204559087,-0.846944948578346,1.95729537366547,1.51869158878506,1.26874279123413,0.0,-2.18031820860342,0.0,-1.79964007198559,1.00950118764844,-2.30862697448359,0.302846759539677,2.88235294117646,1.62037037037038,0.230946882217085,-0.756253635834782,-2.1390374331551,-1.26353790613717,2.17775161859916,1.79190751445088,-0.933488914819137,3.1638418079096,1.88470066518847,1.09649122807017,-1.44605116796439,3.69576861274773,0.585729499467516,1.05374077976817,-0.52966101694916,0.105820105820104,-0.158982511923676,-0.640000000000005,0.0,0.318979266347681,0.73878627968338
0,0,-3.58200118413263,-0.0888888888888923,0.0,-1.77925211097709,1.74814814814816,-0.866706515242078,0.475907198096361,2.03962703962705,2.66591038003403,-1.17647058823528,-0.0574217628481284,-4.81492627144147,-1.00303951367781,0.0303859009419569,-1.26153846153845,-1.21457489878543,3.77584656877434,-0.815709969788508,2.21565731166913,-0.864123957091773,7.16459197786998,2.0590625846654,-0.0542152344808783,4.77542591636552,1.22386537480876,1.92548137034259,1.72032440403046,0.997566909975678,-0.636630754162581,-0.640709709216375,-0.197530864197527,0.0986679822397611,-2.60693495317641,-1.51593011305241,-0.985988583290095,2.08333333333333,-0.768049155145922,0.812595226003048,-0.974358974358981,-0.463678516228747,2.60913196186653,-0.936946062294245,1.81501740427647,-1.48877113298006,-1.12273539168156,1.58211953792065,0.895968143354901,0.27302060064532,-0.977443609022558,1.72413793103449,2.30991337824832,2.23476828981415,-3.35521517140772,2.85781766650921,-0.450771055753274,1.74825174825175,-0.586166471277843,0.906133828996284,0.416473854696899,0.299884659746257,0.459242250287017,-1.63360560093348,3.14195298372514
0,0,-1.08573567952078,1.14729829755736,-0.65189048239896,1.55848918225156,0.438116100766707,0.616835994194478,-1.04491292392301,1.42753885074089,2.00106251106782,-0.0886210563629868,0.247524752475249,-1.52575839167116,-2.07035544155369,2.37882310856734,-3.13595277624054,-3.02166476624858,-1.60262598957327,-2.65609514370663,1.59937585332553,-0.430950048971608,-1.67297351125273,0.966469428007893,0.373354293574372,1.81362145475593,2.29971724787936,2.01329885482084,-0.913327120223676,0.389899740066842,-0.241950493206779,-0.467464472700075,0.981299759303835,2.24434389140272,0.0361859960195461,-1.31989000916591,0.655618284465488,1.32973944294699,-0.505689001264225,0.681614349775789,-1.41895579406949,0.865644724977464,1.50976909413853,1.77948360083741,-1.39748805943747,-1.00053600142934,-0.792364487664322,-2.22754050073638,-1.09808300763075,-0.636823375163881,-1.19408642911297,2.07869339272458,-1.91034613202195,-2.10505986867516,-2.29158435401028,9.52636282394996,0.249598858976646,0.355302895718593,0.897887323943659,-0.744945015963098,0.634473034896016,-1.10477548111191,0.531726338177959,-1.32902298850575,0.10764262648009
0,0,2.28384991843393,3.76766091051806,1.39318885448916,-0.780031201248047,1.38461538461538,-2.20125786163522,-2.25080385852091,1.42630744849445,-0.158730158730155,-0.799999999999997,2.79937791601866,-5.58292282430213,-2.18120805369127,0.666666666666667,-2.73972602739726,-0.863557858376508,-0.346620450606594,-8.25515947467166,6.65499124343257,6.08552631578948,4.251968503937,6.48011782032401,-4.62249614791987,3.27868852459016,1.3235294117647,3.54609929078014,1.53631284916202,0.417246175243397,0.138888888888886,0.138696255201107,3.73831775700935,2.60078023407022,-11.4492753623188,-4.07239819004526,1.19225037257824,1.46842878120411,0.583941605839417,-0.146198830409354,-3.01204819277109,2.92397660818714,1.44092219020174,0.857142857142852,-1.59651669085632,0.289435600578878,-0.290275761973882,3.23033707865169,0.835654596100273,0.416088765603332,5.75163398692811,1.03492884864166,-2.92942743009322,1.18421052631579,-3.54223433242507,-2.37099023709902,4.90716180371353,3.8265306122449,0.381194409148669,1.625,-1.52284263959391,-1.41570141570142,-2.64200792602377,-2.71370420624152,1.73333333333333
0,0,1.11111111111111,1.5748031496063,-0.882612533097967,-0.221141088014156,0.1766004415011,-0.265604249667989,0.834064969271296,1.04257167680277,1.28644939965695,-1.03986135181977,1.40965399401966,-1.51777970511709,-1.72033524481693,-1.65919282511211,-1.73357664233576,-0.92081031307552,-0.742115027829314,-1.26820103334899,0.838379133674894,-0.940291490362009,0.281293952180022,2.6027397260274,0.13679890560876,3.60439560439561,1.64288802421098,0.686990124516961,0.512601452370786,0.678829019940603,-0.554607508532419,0.340136054421761,0.843170320404719,0.126315789473689,-1.53911928174433,-0.558899398108336,-0.301854247520484,1.31914893617021,-0.0851788756388397,0.0425713069391146,-0.902061855670091,-0.954032957502179,0.603448275862072,0.300816501933822,-0.605274535235627,0.729613733905587,0.0429000429000344,-1.08412836079792,-0.260869565217386,0.647948164146862,0.25850926324861,1.14991482112436,-3.61871138570168,-4.8588616381305,-0.0462962962962871,-0.84033613445378,0.741427247451328,0.185013876040716,-0.558139534883726,0.0,0.60101710587147,0.505979760809565,0.730593607305937,-1.20147874306838,0.0461893764434088
0,0,-0.537634408602151,-1.63934426229508,1.08108108108108,-4.51977401129944,-18.0,2.5974025974026,-1.98675496688742,1.30718954248366,0.0,2.54777070063694,7.64705882352941,-5.59006211180123,-3.87096774193549,0.641025641025642,-0.645161290322581,-1.30718954248366,1.29032258064516,1.27388535031847,-3.28947368421053,-16.030534351145,3.6764705882353,8.72483221476509,-7.19424460431655,5.4421768707483,-0.684931506849316,0.0,0.0,2.01342281879195,-7.19424460431655,8.55263157894738,1.2987012987013,-0.653594771241831,-0.657894736842106,-2.01342281879195,0.666666666666667,6.25000000000001,1.840490797546,-9.39597315436241,-3.47222222222222,7.6923076923077,1.26582278481013,4.24242424242423,-2.48447204968943,4.16666666666666,1.75438596491228,-0.588235294117648,4.49438202247191,1.65745856353591,-0.555555555555556,-1.69491525423729,1.11731843575419,1.10497237569061,1.09289617486339,4.68749999999999,0.518134715025907,-0.520833333333334,-2.12765957446809,0.0,0.0,-8.67052023121387,0.0,-1.76470588235294,1.73410404624278
0,0,-4.10447761194029,6.62020905923345,0.69204152249135,-3.95683453237411,-1.45985401459853,0.724637681159405,-0.729927007299254,2.8368794326241,0.0,0.0,0.0,-11.0236220472441,-3.6734693877551,-2.51046025104603,2.04918032786885,2.00803212851407,-2.04918032786886,-4.27350427350428,0.0,1.26582278481014,0.0,1.6597510373444,1.63265306122449,1.60642570281125,-2.89256198347109,-1.255230125523,-7.17488789237669,-3.24074074074073,-1.40845070422536,12.7049180327869,-0.826446280991736,-1.68067226890756,0.418410041841014,-0.843881856540085,0.420168067226882,0.833333333333334,0.826446280991736,-0.833333333333334,-1.26582278481012,-2.5974025974026,2.1186440677966,0.421940928270052,-1.28205128205129,0.425531914893627,0.0,-0.858369098712447,1.68776371308017,-0.851063829787235,4.8582995951417,-0.40650406504066,-0.408163265306114,0.406504065040642,-0.819672131147542,0.813008130081302,1.20481927710844,0.0,0.796812749003967,-9.60698689956331,0.0,2.13675213675213,2.90456431535271,6.5891472868217,-2.38095238095238
0,0,1.43721633888049,1.52700186219739,-0.750469043151981,1.62421557770395,-1.38473053892216,-1.13550340651021,-3.40508806262231,4.01953418482344,0.930405656866394,0.555144337527752,1.24269005847953,-3.16742081447964,-1.2987012987013,-0.925212027756355,0.574932924492137,-4.11013567438149,-1.45748987854251,-2.87380258225738,2.63584752635847,-1.56507413509061,1.97819943480016,3.39313572542902,-3.42880193626463,-1.59836065573771,-0.082034454470876,-6.69584245076585,4.19287211740042,-0.210084033613448,0.91590341382181,-3.0901287553648,0.171379605826903,-0.560103403705295,-1.08885017421603,2.13128729752771,0.593220338983053,0.881982360352782,-0.548986486486482,1.78349232683534,-0.668058455114823,-3.58996539792387,3.86694386694387,1.87678498572012,-1.36476426799008,-0.58236272878536,0.372979693327807,1.06601066010661,-0.246609124537617,0.490797546012274,-0.575894693541755,0.937245313773433,0.848484848484852,-0.855745721271397,-1.15416323165704,0.0,-0.413907284768218,3.04975922953452,4.59418070444104,0.419367136866182,1.53903903903904,-1.64059519267455,0.569044006069797,-1.03487926408586,2.13803450862716
0,0,1.05263157894738,2.06185567010309,0.682593856655291,-1.3840830449827,3.34448160535117,-1.35593220338983,-0.340136054421777,2.0,-1.010101010101,-3.48432055749129,-0.701754385964913,-2.5179856115108,-1.83150183150182,0.364963503649643,-4.58015267175573,-5.22088353413654,-0.403225806451622,-8.77192982456141,1.72413793103448,-4.50450450450449,-1.8348623853211,-5.31400966183576,1.42857142857144,2.32558139534883,5.28634361233481,-0.88888888888889,-0.896860986547086,-1.36363636363635,-10.0,5.66037735849057,2.30414746543778,0.913242009132421,-0.921658986175116,-1.87793427230047,0.0,1.84331797235023,0.0,0.458715596330286,-3.31753554502371,-3.94088669950739,10.1769911504425,3.82978723404257,-7.79816513761468,-0.925925925925927,3.99999999999999,-2.73972602739726,-2.33644859813083,-4.39024390243904,2.8436018957346,4.95495495495497,1.33333333333332,0.881057268722468,-3.65296803652968,0.904977375565612,3.49344978165939,10.546875,9.21985815602836,0.0,2.75862068965517,1.36054421768708,-4.25531914893617,-3.67647058823528,-1.11524163568774
0,0,0.637619553666318,0.94736842105263,-0.849256900212315,2.98661174047375,0.918367346938774,-4.14452709883104,0.94736842105263,2.46406570841889,-1.14226375908618,1.63432073544431,-1.13636363636363,-1.89473684210526,0.0,2.46406570841889,-4.17112299465241,-3.65853658536585,1.63576881134133,-22.2666666666667,1.05540897097625,-0.530503978779841,-3.28767123287672,5.68475452196383,-1.30890052356022,1.92554557124519,-1.69712793733681,-0.789473684210533,0.653594771241839,0.260756192959577,-0.13054830287206,-2.26969292389853,2.60078023407022,-1.1842105263158,-1.06382978723404,-0.939597315436234,3.24675324675325,0.900900900900893,0.128534704370189,0.128369704749676,-3.728362183755,0.661375661375659,2.45161290322581,4.7911547911548,-0.867410161090462,1.82481751824818,-0.858895705521476,-5.56994818652851,-1.98150594451783,1.56046814044213,0.129870129870127,1.28205128205128,-1.16731517509727,0.516129032258065,3.00375469336671,1.35802469135802,2.87769784172662,-0.120048019207681,-0.120192307692305,1.187648456057,0.590318772136962,-0.833333333333337,-1.08303249097473,0.953516090584029,2.78099652375435
