0,0,-5.82655826558265,1.6,-13.2930513595166,2.7900146842878,1.01744186046512,0.0,-1.02790014684288,1.01744186046512,5.10344827586207,7.17029449423815,-4.13333333333333,1.5748031496063,-5.10344827586207,-7.40740740740741,10.0,0.793650793650789,-4.27586206896551,0.0,0.0,2.55376344086022,-2.62068965517242,4.1005291005291,1.69050715214565,0.0,0.774193548387092,-1.70603674540682,1.67741935483871,-2.51322751322752,-4.27586206896551,-0.834492350486782,0.0,-11.6459627329193,-7.33333333333334,-4.34782608695652,0.0,-1.05448154657293,-1.24555160142349,-1.07913669064749,3.30434782608696,1.03270223752151,-2.10896309314586,1.04347826086956,0.0,8.0,5.58912386706949,5.42857142857143,-1.74418604651163,0.864553314121045,0.857142857142852,-1.74418604651163,-1.92592592592592,-0.896860986547079,1.76211453744492,2.71428571428572,0.0,-3.7037037037037,-2.89634146341464,2.81481481481482,0.0,10.0,0.0,-1.6260162601626,1.6
0,0,0,5.80046403712297,-2.86396181384246,-4.75000000000001,1.47783251231526,1.57575757575759,0.0,-3.125,1.47783251231526,-4.77419354838709,0.0,-6.89655172413793,1.76151761517615,0.0,0.0,-5.42857142857143,5.1490514905149,-3.65168539325842,-7.55287009063444,-1.84615384615385,3.7037037037037,0.0,-1.96374622356495,1.92592592592592,-1.96374622356495,1.92592592592592,-1.96374622356495,-3.76175548589342,0.0,-2.08,3.84615384615385,0.0,-10.5442176870748,5.92,0.0,-2.12418300653595,0.0,0.0,2.08,-4.16666666666667,0.0,0.0,1.96078431372549,-4.08163265306123,2.0,-4.34782608695652,0.0,6.04575163398693,-4.08163265306123,9.53846153846154,0.914634146341457,-9.33333333333333,5.95611285266458,-6.33333333333333,1.96078431372549,-2.0,-4.34782608695652,0.0,-6.87732342007435,0.0,8.50340136054422,0.0,-6.90909090909091
0,0,0,0,-6.87732342007435,8.50340136054422,-4.62633451957295,0.0,-2.18181818181818,2.13523131672598,3.27022375215145,-3.38078291814946,6.33333333333333,0.0,-4.34782608695652,4.16666666666667,-4.34782608695652,2.21088435374149,-2.26086956521739,4.16666666666667,-6.76156583629893,0.0,4.42176870748299,-1.20481927710844,-3.38078291814946,4.42176870748299,-1.20481927710844,-2.10896309314586,3.23129251700679,-4.62633451957295,-2.18181818181818,0.0,-7.421875,2.47619047619047,-5.0,4.76190476190476,0.0,0.0,-5.0,1.18577075098813,-1.19999999999999,-2.45901639344263,4.6875,-7.78947368421053,3.84615384615385,1.19999999999999,0.0,-2.45901639344263,-8.44444444444444,0.0,-5.88235294117647,0.0,-13.3333333333333,-5.33707865168539,0.0,-5.32544378698225,0.0,5.0561797752809,-1.71428571428572,1.68539325842697,0.0,-1.71428571428572,3.58126721763085,3.2,0.0
0,0,6.66666666666667,-10.9467455621302,6.8870523415978,0.0,1.6260162601626,-3.65168539325842,5.06666666666667,-3.30578512396694,1.6260162601626,1.6,-1.6260162601626,4.65116279069768,-3.2,14.3835616438356,0.0,-6.31067961165048,3.05882352941176,0.0,-6.25,5.88235294117647,0.0,-3.15533980582524,5.93607305936073,-6.31067961165048,8.44444444444444,-5.88235294117647,0.0,6.79824561403508,8.80000000000001,2.34375,-1.18577075098815,-3.68852459016393,0.0,0.0,-8.44444444444444,0.0,2.5974025974026,0.0,-1.31578947368422,-1.33333333333332,5.26315789473684,6.12648221343873,-2.42914979757083,3.51562499999999,-2.4,7.0631970260223,2.18181818181818,0.0,-2.23048327137547,2.18181818181818,0.0,-2.23048327137547,-5.078125,0.0,4.83271375464684,-7.6,0.0,0.0,2.34375,1.34874759152216,1.14285714285714,1.12994350282485,-6.19999999999999
0,0,-3.95010395010396,1.4344262295082,0.0,-1.45530145530146,-4.1125541125541,2.73684210526316,2.66393442622951,0.0,-2.73684210526316,-2.81385281385281,7.6,0.0,0.0,-8.22510822510822,7.6,-2.45901639344263,0.0,-5.62770562770562,0.0,-2.66666666666667,5.26315789473684,0.0,5.0,0.0,-2.45901639344263,13.1672597864769,-2.18181818181818,2.13523131672598,2.26086956521739,4.16666666666667,5.95611285266458,-2.08,0.0,-6.29251700680272,-3.33919156414762,-1.24555160142349,-4.46096654275093,2.18181818181818,0.0,2.13523131672598,-2.18181818181818,1.07913669064748,5.4421768707483,-6.90909090909091,2.13523131672598,4.42176870748299,-4.62633451957295,0.0,2.26086956521739,-2.31316725978647,0.0,0.0,0.0,2.26086956521739,-4.54545454545455,0.0,-2.23048327137547,0.0,-2.47619047619047,-2.5390625,-4.91803278688525,0.0,4.6875
0,0,0,0,0.0,4.76190476190476,-5.0,7.0631970260223,0.0,-7.6,0.0,0.0,0.0,0.0,0.0,2.34375,-2.4,0.0,-2.45901639344263,0.0,0.0,2.4,0.0,-2.45901639344263,1.21457489878544,0.0,0.0,-4.00000000000001,-2.81385281385281,0.0,-5.47945205479453,0.0,-3.05882352941176,-6.25,0.0,5.88235294117647,-6.25,-14.2857142857143,0.0,-3.55029585798817,9.86666666666667,6.25,-3.35917312661498,6.06796116504854,3.05882352941176,2.96803652968036,-6.31067961165048,-6.45994832041344,3.25,-6.66666666666667,3.10077519379845,3.25,0.0,0.0,1.47783251231526,-4.9095607235142,0.0,-3.2,3.10077519379845,6.06796116504854,0.0,-6.45994832041344,-1.5748031496063,4.75,-6.66666666666667
0,0,0,0.0,0.0,0.0,3.10077519379845,0.0,4.67980295566501,-4.9095607235142,3.25,-3.35917312661498,3.25,0.0,1.47783251231526,1.45631067961166,-4.56852791878173,0.0,-1.80878552971576,4.67980295566501,1.45631067961166,0.0,-6.45994832041344,8.94117647058823,-4.67980295566503,-1.49999999999999,11.1111111111111,7.78688524590164,0.0,-5.62770562770562,7.6,-2.45901639344263,1.21457489878544,1.19999999999999,2.34375,8.89679715302491,10.08,-11.2099644128114,-7.04761904761905,2.41635687732342,0.0,6.43478260869565,6.04575163398693,-4.08163265306123,0.0,2.0,1.96078431372549,-11.2727272727273,2.13523131672598,4.42176870748299,-4.62633451957295,0.0,-2.18181818181818,0.0,-4.76190476190476,-2.5390625,0.0,4.83271375464684,-5.078125,-4.91803278688525,0.0,2.4,-2.45901639344263,-2.73684210526316,0.0
0,0,5.0,0.0,4.76190476190476,-5.0,4.76190476190476,2.41635687732342,1.1029411764706,1.09090909090908,-2.23048327137547,-7.6,7.0631970260223,-5.078125,-7.78947368421053,-2.81385281385281,-5.47945205479453,2.66666666666667,-1.35135135135134,9.01639344262294,0.0,1.21457489878544,8.17843866171003,-5.078125,2.47619047619047,-5.0,-2.45901639344263,4.6875,-4.91803278688525,-2.73684210526316,5.0,0.0,-5.26315789473684,7.2265625,-3.64372469635627,-1.22950819672132,4.6875,0.0,2.47619047619047,-5.0,0.0,0.0,0.0,-2.45901639344263,0.0,0.0,2.4,1.18577075098813,-1.19999999999999,0.0,0.0,5.83804143126176,1.30111524163569,0.0,0.0,2.18181818181818,1.07913669064748,-1.09090909090908,4.34782608695652,-3.41726618705037,-1.09090909090908,2.13523131672598,13.5384615384615,-1.88087774294671,-2.08
0,0,-2.08,2.03761755485893,0.0,1.84615384615385,5.52325581395349,9.71128608923885,0.910273081924581,18.0170575692964,-4.22222222222223,-5.88235294117647,-6.25,-6.66666666666667,-1.6260162601626,0.0,-1.79310344827586,4.85564304461942,-1.6,0.0,0.0,3.2258064516129,1.6497461928934,1.5,-3.2258064516129,1.6497461928934,-3.41207349081365,2.43277848911651,2.375,-1.52284263959391,2.95566502463053,-1.49999999999999,3.03030303030303,-4.69543147208122,0.0,0.0,-0.896286811779773,-2.49343832020997,6.15763546798029,3.10262529832937,-3.20197044334977,-1.49999999999999,0.0,-2.43277848911652,-0.774193548387092,0.0,0.0,0.0,1.6497461928934,0.0,1.5,0.0,-3.2258064516129,11.4285714285714,-4.41527446300715,0.0,0.0,2.78422273781901,-2.86396181384246,1.41176470588234,1.3921113689095,0.80552359033372,-0.812064965197219,6.81081081081082,-2.0971302428256
0,0,0,0.0,6.44490644490644,0.0,0.0,-1.26315789473683,-2.7027027027027,-1.42543859649124,3.38983050847458,-4.88888888888888,2.7027027027027,-2.0971302428256,0.657894736842091,1.40540540540541,2.63157894736842,-5.55555555555556,0.0,0.0,2.06746463547334,3.26315789473685,0.627615062761511,-0.631578947368426,-2.04081632653061,-2.08333333333335,0.0,1.40540540540541,-1.42543859649124,0.0,-0.662251655629125,0.657894736842091,-2.70270270270268,1.33333333333332,0.0,-1.35135135135134,1.33333333333332,0.662251655629145,-0.666666666666672,-7.39856801909307,1.41176470588234,1.3921113689095,-0.700934579439237,-0.705882352941182,0.0,-0.710900473933655,-0.715990453460605,0.0,0.0,-3.20197044334977,0.0,-3.04568527918781,-2.4707412223667,3.875,-2.43277848911652,0.88832487309645,0.0,-3.41207349081365,-8.85714285714286,1.68539325842697,-7.55287009063444,-1.84615384615385,-6.20915032679738,8.52017937219731,0.888888888888883
0,0,0,0,-1.72910662824206,8.92388451443569,-3.25203252032521,0.0,-5.42857142857143,0.0,-5.74018126888217,3.77906976744186,-3.92749244712991,-2.79503105590062,-3.04000000000001,0.0,3.84615384615385,1.81268882175227,0.0,1.92592592592592,0.881057268722461,2.71428571428572,-3.7037037037037,0.881057268722461,4.35393258426967,-1.71428571428572,-1.74418604651163,0.0,-1.92592592592592,1.88953488372093,-3.92749244712991,0.0,1.92592592592592,-8.0,2.03761755485893,0.0,-3.06946688206784,0.959999999999994,2.03761755485893,-5.28052805280529,5.01567398119123,0.0,1.84615384615385,0.0,-1.88087774294671,1.84615384615385,-3.01109350237719,1.09717868338558,0.0,-2.08,0.0,3.84615384615385,2.84005979073244,2.76162790697674,-3.92749244712991,0.0,-5.92,0.0,-2.12418300653595,-4.08163265306123,1.01010101010102,-1.02040816326531,1.01010101010102,2.94117647058823,-11.2727272727273
0,0,4.54545454545455,-4.76190476190476,4.02193784277879,0.54545454545455,-4.76190476190476,5.57553956834532,3.30434782608696,2.21088435374149,-4.62633451957295,2.26086956521739,0.0,2.21088435374149,0.0,-4.62633451957295,-2.18181818181818,0.0,2.13523131672598,0.0,0.0,-2.18181818181818,4.34782608695652,0.0,-4.54545454545455,10.1307189542484,9.33333333333333,6.89655172413793,1.76151761517615,-1.79310344827586,0.0,0.0,-6.4610866372981,1.01744186046512,-1.02790014684288,0.0,0.0,6.06896551724139,3.33333333333333,-2.59917920656635,-2.66853932584269,-0.849858356940517,1.80806675938805,-4.50581395348838,4.70914127423822,3.73333333333334,-1.6260162601626,0.0,4.7741935483871,-1.70603674540682,-5.10344827586207,6.45161290322581,-5.01355013550136,-3.65168539325842,0.0,1.79310344827586,1.76151761517615,1.6,3.2258064516129,-4.16666666666666,-2.62068965517242,0.820793433652526,-3.54107648725212,0.84269662921349,-0.849858356940517
0,0,0,-0.857142857142852,-0.864553314121032,-1.90895741556536,3.54107648725212,-2.61627906976744,-1.92592592592592,0.0,-1.96374622356495,2.7900146842878,2.71428571428572,0.0,-3.7037037037037,-3.84615384615385,2.84005979073244,-2.45022970903522,3.25925925925926,-3.84615384615385,2.84005979073244,-1.98170731707318,0.455235204855846,-1.38461538461538,-1.88087774294671,0.0,2.74390243902439,-2.82131661442006,0.0,5.48148148148148,3.57142857142857,0.0,1.68539325842697,-0.849858356940517,0.0,2.62068965517242,-5.37790697674419,0.0,3.37078651685394,-3.48837209302326,0.864553314121045,0.857142857142852,-1.74418604651163,0.0,-3.92749244712991,-1.84615384615385,1.81268882175227,-1.84615384615385,-16.9064748201439,3.30434782608696,6.04575163398693,-3.03030303030303,2.94117647058823,0.0,0.0,-6.43478260869565,6.04575163398693,0.0,3.01109350237717,-1.93861066235863,11.5714285714286,0.0,1.68539325842697,5.06666666666667,0.0
0,0,0,-0.849858356940517,4.33604336043361,1.33689839572193,6.49999999999999,-4.98687664041995,3.2994923857868,-5.06666666666667,-2.59917920656635,-0.827586206896546,-5.37790697674419,0.0,5.10344827586207,1.76151761517615,-1.79310344827586,-5.37790697674419,8.26666666666667,6.25,-4.03120936280884,0.774193548387092,-1.70603674540682,-0.7936507936508,2.45161290322581,0.0,-0.780234070221061,3.875,1.47783251231526,-0.744416873449116,3.00842358604091,-3.48692403486926,0.37220843672458,3.81861575178998,-3.20197044334977,-1.49999999999999,1.47783251231526,-2.65486725663716,2.58620689655171,-3.04568527918781,2.95566502463053,-6.56167979002624,0.910273081924581,-2.53333333333334,1.5748031496063,-1.6,1.5748031496063,-3.25203252032521,-9.33333333333333,5.19662921348315,1.79310344827586,-3.57142857142857,-7.69230769230769,0.0,0.0,1.81268882175227,0.0,-1.84615384615385,1.81268882175227,1.04633781763827,-1.05740181268883,0.0,1.92592592592592,0.0,-3.84615384615385
0,0,0,0,-2.87009063444108,0.0,1.04633781763827,-1.05740181268883,0.0,-3.76175548589342,5.48148148148148,0.0,0.0,0.881057268722461,1.01744186046512,1.71428571428572,-3.7037037037037,3.57142857142857,3.44827586206897,-1.82584269662921,6.56167979002625,-2.41935483870967,-0.813008130081307,0.806451612903232,0.799999999999995,1.5748031496063,-3.25203252032521,4.7741935483871,4.55665024630541,1.57575757575759,-1.60098522167489,2.28640192539111,-1.46520146520148,0.727272727272733,-1.10294117647059,-0.492610837438435,3.10262529832937,-2.31990231990234,0.727272727272733,-1.60098522167489,-0.744416873449116,-2.28426395939087,0.0,4.48484848484849,1.55131264916469,-1.57575757575759,-3.125,0.0,0.0,1.47783251231526,3.10262529832937,-3.20197044334977,-3.04568527918781,0.0,4.48484848484849,-1.60098522167489,1.57575757575759,0.0,0.722021660649825,0.0,0.835322195704061,0.0,-1.57575757575759,-0.732600732600739,0.0
0,0,0,-1.60098522167489,-1.49999999999999,3.03030303030303,-3.125,-1.52284263959391,-1.67741935483871,-1.70603674540682,0.0,-5.10344827586207,-7.40740740740741,6.11961057023644,4.13333333333333,0.0,-1.6260162601626,8.43672456575683,3.00842358604091,-0.727272727272733,2.25118483412322,0.705882352941182,1.3921113689095,0.0,2.92792792792795,1.33333333333332,6.44490644490644,-1.26315789473683,-4.16666666666668,1.40540540540541,3.24267782426779,3.23886639676114,1.78926441351888,3.08285163776493,-1.26829268292684,-1.28458498023716,0.0,-1.19999999999999,-3.95010395010396,0.0,-2.55863539445627,-1.40540540540541,7.5,3.66088631984586,7.73333333333333,2.17391304347826,-1.05448154657293,-5.86046511627908,-1.2241054613936,-4.2198233562316,-1.9,-3.19917440660475,0.103092783505152,1.82186234817815,-1.33333333333334,2.5,-1.21457489878542,-2.27743271221533,-5.92105263157896,-1.33333333333332,4.66101694915254,-2.27518959913325,2.84210526315789,-1.27931769722814,0.0
0,0,0,-3.4675615212528,0.666666666666672,-3.56731875719218,0.0,-2.96208530805687,-2.3030303030303,0.0,1.55131264916469,0.0,0.0,-3.20197044334977,3.10262529832937,1.41176470588234,1.3921113689095,0.0,-6.1576354679803,3.10262529832937,0.0,0.0,-1.57575757575759,-1.60098522167489,0.490196078431384,1.80505415162455,5.02857142857142,5.40540540540541,6.37651821862349,1.19999999999999,-5.26315789473684,1.24740124740124,0.722394220846236,1.92307692307694,2.37154150197627,1.26829268292684,-4.48521916411824,-2.61506276150628,-0.631578947368426,1.96078431372549,5.46341463414635,-5.12820512820513,6.06936416184972,-0.67895247332687,1.8095238095238,1.12994350282485,-1.14285714285714,-2.4390243902439,-2.5,-3.95010395010396,0.0,0.0,2.63157894736844,-9.77777777777779,1.3157894736842,5.1975051975052,1.33333333333334,7.67045454545455,11.1111111111111,2.5430680885972,2.48,0.950871632329629,-0.959999999999994,5.66037735849057,-1.92307692307692
0,0,0,-1.01960784313726,4.7085201793722,0.0,-3.88198757763975,-7.33333333333334,0.0,-4.34782608695652,-4.54545454545455,8.7893864013267,3.52,-0.969305331179315,0.0,1.90174326465926,-0.477707006369417,0.0,4.26829268292682,0.981132075471704,2.7165932452276,1.87319884726226,-2.81481481481482,2.73775216138329,-1.90895741556536,-2.32907588279488,-2.38461538461539,-10.0762066045724,2.55775577557755,3.04000000000001,-0.482315112540197,3.41614906832299,-2.54777070063694,-6.8936170212766,4.08163265306122,1.52733118971061,6.11320754716982,6.62438336856941,0.421052631578951,-1.78571428571429,0.849858356940504,-0.857142857142852,-0.864553314121032,0.857142857142852,0.849858356940504,0.0,5.48862115127176,-2.18878248974008,-5.8653149891383,2.19546742209631,-1.29124820659971,3.05980528511823,2.50847457627118,0.0,-3.50877192982456,-6.02678571428572,3.17002881844381,0.0,0.857142857142852,-0.430416068866575,-0.432276657060509,-2.35988200589971,-1.34529147982063,-0.981132075471704,-1.92307692307692
0,0,0,11.4754098360656,-2.48655913978494,0.799999999999995,-1.69491525423729,-2.57301808066759,-3.60230547550432,-1.90895741556536,-2.79245283018867,0.0,1.85185185185185,0.881057268722461,-0.442477876106185,2.30547550432277,2.59649122807017,4.23387096774194,1.58730158730158,3.20102432778489,-1.56046814044212,-5.19835841313271,1.747311827957,1.58730158730158,5.14429109159348,0.375000000000003,-2.43277848911652,-3.30687830687831,0.0,-1.61290322580644,0.0,0.799999999999995,0.0,3.2258064516129,5.37240537240537,-2.7603513174404,3.743961352657,-0.363636363636356,12.0,0.635930047694759,-2.66594124047879,0.0,0.0,1.3419216317767,-0.702702702702697,2.63157894736842,-3.37323177366703,0.0,-0.712328767123282,0.707290533188243,1.3419216317767,-3.49999999999999,-0.671140939597321,-1.47559591373438,-3.64705882352942,-3.03030303030303,-8.19672131147541,-2.48655913978494,4.0,3.48692403486923,-0.437773608505306,-7.45967741935483,0.0,2.0408163265306,7.93939393939394
0,0,-1.16492949110976,-5.2258064516129,-1.63934426229508,0.0,-3.38983050847458,-7.27272727272727,-1.40117994100295,-9.53150242326332,-6.54044750430294,11.0260336906585,3.25925925925926,-5.88235294117647,-2.9886914378029,2.90196078431372,9.3172119487909,-5.08221225710015,0.0,-1.98170731707318,-7.10204081632652,1.05008077544427,1.90174326465926,0.0,0.0,-0.477707006369417,-2.53061224489796,-0.245499181669389,0.0,4.60577673692428,0.0,3.32075471698113,0.971599402092681,1.76211453744492,0.0,-3.8109756097561,0.981132075471704,1.85185185185185,2.73775216138329,0.0,3.00489168413697,8.38668373879641,0.446144040790314,1.19647355163729,-2.05655526992288,-1.1703511053316,-0.852459016393448,0.845253576072827,0.0,0.388601036269422,1.15236875800256,6.41102456560816,7.89183222958057,-4.31778929188256,-8.15691158156913,-3.61290322580644,-6.45604395604395,4.52459016393442,2.36875800256081,-3.30687830687831,1.24101894186807,-1.25661375661377,-3.41997264021888,0.881355932203395,-2.14681440443214
0,0,-0.806451612903221,1.58730158730158,0.0,-4.27586206896551,0.820793433652526,2.53333333333334,0.0,3.2258064516129,1.21096239643084,2.66749379652606,-5.49738219895289,2.98412698412699,1.93026151930261,1.53280196198651,-1.93749999999999,1.53846153846154,5.13718622300058,-4.19708029197079,2.2010707911957,-1.50966183574879,0.361010830324923,-1.0948905109489,0.363636363636356,-1.16492949110976,1.15151515151516,-3.90428211586901,1.12079701120796,-2.35818992989165,-2.88524590163934,3.17460317460317,-2.40572171651495,0.774193548387092,2.39294710327456,2.63641937461679,-0.369230769230761,0.0,-3.5691523263225,2.66749379652606,0.799999999999994,-0.80645161290322,0.0,-2.28426395939087,-1.67741935483871,2.39294710327456,-0.82539682539683,3.84615384615384,-0.429184549356225,-1.17866004962778,-1.12923462986199,-4.52459016393442,-2.48655913978494,3.25097529258778,-2.53333333333334,5.54156171284635,9.25714285714285,2.4526198439242,-3.28151986183074,-0.695652173913049,4.80132450331126,1.41458106637649,4.51948051948052,4.37158469945355,-5.28242677824267
0,0,0,0,0,6.93501454898157,4.93314891655141,3.85638297872339,-2.54545454545454,4.34782608695652,3.15789473684211,-4.99557913351016,2.20492866407262,5.82247557003257,-1.82421227197346,-9.63636363636364,-6.02409638554217,0.0,-1.51663405088062,2.10727969348658,6.95187165775402,3.23415265200517,-2.20361392684002,5.92868988391376,1.55102040816326,-1.28152128978916,-3.50877192982456,-1.60869565217392,0.0,-1.67992926613616,1.65217391304347,-1.67992926613616,1.65217391304347,3.68509212730318,-0.167785234899325,2.2149302707137,1.01502233049127,1.95063694267517,-1.00522718134298,2.69953051643192,-8.2133784928027,-1.06974753958066,-0.257400257400267,-0.778210116731516,-6.34482758620689,2.24719101123596,1.11111111111111,2.17391304347826,2.91262135922331,4.74467229593888,0.995222929936306,-0.721732157177224,-5.85738539898133,0.800000000000005,-2.68050151318634,0.516129032258069,-5.68181818181818,-1.14942528735632,1.98287516899505,-0.58930190389847,2.21631205673759,1.91304347826087,-4.54545454545455,-8.64197530864197,-1.25
0,0,-2.63016639828235,8.85518590998044,6.02298850574712,-1.73058933582788,-3.68574199806013,0.626506024096381,-6.41025641025641,-4.66988727858294,0.321027287319434,-9.10683012259196,-5.41538461538461,5.79710144927536,-3.79061371841155,3.65217391304347,-5.31135531135532,-3.80228136882129,-5.2,-5.26315789473684,6.55737704918033,3.96725440806046,-4.13114754098361,9.28019036287923,5.98434004474273,1.32450331125829,-1.34228187919464,1.32450331125829,-6.58823529411765,-0.710900473933655,0.705882352941182,1.44927536231884,-0.70052539404554,-0.764705882352935,2.1301093839954,-0.695652173913049,-0.70052539404554,4.19463087248322,0.0,8.30769230769231,2.5,1.23456790123457,0.0,4.97419052088221,0.0,2.56058527663467,3.05851063829786,-0.266666666666661,5.26315789473684,-1.88760188760189,-3.05039787798408,4.7578947368421,2.82324058919804,0.244897959183668,-1.03092783505155,-1.04166666666667,3.03030303030303,-2.06185567010309,-4.57093574816731,-3.06666666666667,-0.536193029490621,-5.46654099905749,-7.11761736496719,-3.60878661087865,4.68594217347955
0,0,2.03373015873016,-1.76678445229683,-1.32992327365728,-4.26666666666667,0.318979266347681,0.686378035902865,-14.3719806763285,6.70422535211268,4.36422413793103,-2.03408466190213,-3.94285714285715,-2.75983558426306,6.99071545603494,2.34666666666667,-1.35135135135135,0.697799248523881,-2.08219178082191,-6.97538100820634,1.7846862406448,1.08200455580864,-3.29411764705882,-1.13027959547889,4.21652421652423,-0.630733944954125,-2.58823529411765,-0.354191263282165,-6.27352572145547,-6.26666666666666,0.398406374501995,2.46113989637305,0.771208226221086,0.384122919334179,3.87692307692308,3.73222748815165,-4.71464019851115,1.58730158730158,3.30578512396696,-5.08684863523573,1.58730158730158,2.38379022646008,2.04319906596613,2.78093076049944,1.78372352285396,-2.16400911161733,2.44444444444445,-0.33444816053511,0.664451827242511,-1.40370578326783,-0.678349349915192,1.39353400222965,0.0,0.166944908180287,5.42105263157895,5.0,-0.300902708124367,1.53086419753086,-1.70768458061276,-2.73477812177503,-5.09761388286333,-0.162954915806633,5.29835390946503,-3.02066772655008,-6.30985915492958
0,0,2.52293577981652,-1.80969060128431,-2.63630916716595,-0.42117930204573,6.36619718309859,2.41891148982958,-5.8173356602676,1.43348623853211,0.342857142857136,-3.30578512396693,-4.63248919085855,0.369230769230761,2.22623345367028,1.54028436018956,-0.776119402985069,0.0,-9.40561724363161,-2.47657295850068,2.41672109732202,-2.47657295850068,-1.28813559322034,1.66666666666667,-0.401606425702815,1.64581961816985,-0.863213811420976,-2.30978260869565,0.607697501688048,-2.13793103448276,-4.01721664275467,1.27478753541076,3.41997264021888,-5.33141210374639,2.18463706835799,-1.57480314960629,5.28813559322033,-2.57301808066759,-2.27596017069701,-0.428571428571432,-1.59651669085632,0.433526011560697,2.46652572233967,1.32127955493742,-2.49465431218818,-0.645624103299856,-0.432276657060509,-1.90895741556536,-5.74534161490682,1.37825421133231,4.60189919649378,1.36887608069165,7.09504685408299,11.4928909952607,1.05509964830012,-4.15140415140415,9.00000000000001,-1.40845070422535,-3.37798485730925,-4.06060606060607,1.3157894736842,-3.27362569487336,4.08767772511847,-2.3030303030303,1.13840623127622
0,0,0,0,0,-0.729927007299254,-0.797057020233002,1.50966183574879,-0.914076782449717,-2.94855708908407,3.3939393939394,4.34782608695652,3.14430095451993,2.4109589041096,0.0,-2.06935123042506,0.0,2.72034820457018,-0.712328767123282,2.03972088030059,2.56276150627616,1.94871794871794,0.611620795107039,-2.93809024134314,-1.65333333333333,-3.2488986784141,-6.63534938344098,5.9635560463832,-1.6844469399214,1.05555555555556,0.332225913621255,0.331125827814582,4.63157894736842,0.0,-1.33333333333333,0.318979266347681,-0.319999999999993,-0.644122383252823,-1.91466083150984,-1.21816168327798,1.04109589041097,2.3542001070091,-2.07536865101039,0.380848748639827,-1.7718715393134,-3.19999999999999,-0.344036697247699,-0.402993667242374,0.742857142857137,-3.12315851502652,1.62318840579711,1.42857142857143,0.171135196805483,-0.171428571428578,-1.09763142692086,-3.15852205005958,-2.44200244200246,0.727272727272733,0.0,-0.732600732600739,0.0,-0.799999999999994,-1.18306351183064,-0.563556668753902,-2.83322601416614
0,0,0,0.0,2.85367334547662,-0.182481751824803,-0.182815356489952,0.725952813067157,-0.547445255474452,2.2010707911957,-1.32610006027727,-3.49344978165938,5.37190082644628,-4.63248919085855,0.0,-1.95214105793451,-0.82539682539683,0.190114068441061,-2.60078023407021,0.0,0.774193548387092,0.385604113110543,-0.777202072538867,-1.64581961816985,0.0,-2.98305084745762,1.66666666666667,1.63934426229508,-4.73901098901099,2.93333333333333,-3.44827586206897,-1.75438596491228,0.627615062761505,-1.55807365439094,1.80806675938805,-3.60230547550432,3.47705146036161,1.03234686854782,-2.61299435028248,-0.711237553342814,6.26666666666666,-4.31154381084839,-1.84135977337112,-0.857142857142852,-2.48901903367496,-0.293685756240829,-1.33928571428571,1.3215859030837,5.02092050209206,-1.05708245243129,-2.23342939481267,0.0,-4.75471698113208,3.21402483564645,1.58159597411934,-0.72411296162201,-0.217706821480415,-0.657414170927684,3.92982456140351,-3.18609703113685,0.504322766570607,4.27586206896551,-4.99637943519189,-22.7555555555556,-2.83363802559415
0,0,-0.54545454545455,-4.76190476190476,0.0,0.0,-4.37375745526838,-0.902708124373118,-2.25641025641026,5.1556420233463,1.53256704980843,-4.4,6.97674418604651,-2.38095238095238,-0.574712643678166,-4.60921843687374,4.13064361191162,0.857142857142856,0.284900284900279,-0.28571428571428,0.284900284900279,-0.86206896551724,-1.26091173617846,-6.72877846790891,1.22699386503067,4.58536585365854,2.93560606060607,4.0,-7.94896957801767,0.875486381322956,-4.0485829959514,-1.9607843137255,-6.95364238410595,3.71944739638682,-2.95404814004376,-8.29383886255926,1.74621653084983,-4.88400488400489,-1.61290322580644,-1.76767676767677,3.29670329670329,-1.61290322580644,-5.7742782152231,7.63636363636364,2.25118483412322,4.41676104190261,12.2266401590457,-1.2072434607646,-6.76691729323307,1.37711864406779,-2.72034820457018,2.02558635394458,3.49794238683127,0.917431192660549,6.30372492836676,6.68449197860962,5.55555555555556,14.4092219020173,-6.52340752110515,-5.25040387722131,-3.16666666666667,2.51827782290821,-2.58333333333334,-4.34782608695652,-9.52380952380952
0,0,-9.63517305893359,1.74632352941178,-0.647548566142463,3.91111111111111,11.7647058823529,-9.06757912745937,-9.35453695042096,-0.94428706326723,6.11702127659574,2.42214532871973,2.6936026936027,1.24688279301744,0.248756218905482,3.05466237942121,0.480000000000004,5.23123578468536,-2.40683229813664,1.82926829268291,1.42749812171301,-0.909780136467028,2.2962962962963,0.881057268722461,-4.0488922841864,-3.72424722662441,5.1840721262209,-5.46751188589541,1.48321623731461,-0.945626477541379,0.936768149882912,-0.945626477541379,-1.76423416198876,-1.29975629569456,-0.24429967426711,1.76,-1.54346060113728,-1.23355263157895,-2.35690235690235,-3.30434782608696,3.68509212730318,-0.844594594594592,1.82421227197347,5.41176470588235,6.18101545253863,2.30050323508268,-0.9433962264151,0.217233888486612,-1.84365781710914,-0.668151447661469,0.222222222222217,-5.38641686182669,-3.47334410339257,4.10534469403563,2.56603773584906,1.85185185185185,1.38787436084733,-1.86011904761905,-1.89537528430629,-0.533536585365856,7.73558368495078,-3.41818181818182,3.50877192982456,4.23387096774194,-1.08695652173913
0,0,0,0,0,6.31720430107528,-3.76569037656904,1.10344827586207,-3.12944523470839,-3.23054331864906,3.54107648725212,-1.4367816091954,6.45161290322581,-0.881355932203395,2.05843293492696,-3.43406593406593,0.205620287868399,-1.74337517433752,7.48387096774194,-6.23714873200823,2.73333333333333,4.76190476190476,0.379506641366227,-10.482180293501,-3.62056480811006,-1.61883738042679,-1.34228187919463,-1.89969604863222,-3.37784760408484,-2.33118971061094,0.480000000000004,-4.42773600668337,2.5244299674267,1.28617363344052,0.955414012738861,6.33855331841909,-0.52473763118441,-1.3677811550152,-8.22368421052632,-5.73913043478261,2.12765957446809,4.08163265306122,0.487408610885463,-2.58333333333334,2.51827782290821,3.9032006245121,4.26008968609866,-0.525920360631106,-1.13981762917933,2.51851851851852,-0.896860986547079,1.32743362831858,2.51617541337167,-4.50788880540946,-0.909780136467028,0.901577761081901,-3.33850931677018,-4.63038180341186,-3.61952861952862,2.30263157894736,1.21852152721365,7.72113943028485,-7.2347266881029,1.42630744849445,-3.52748154224774
0,0,0,-3.38283828382838,0.0,-3.41296928327644,6.23999999999999,4.28790199081164,-7.40131578947369,0.246103363412628,-1.58333333333333,0.74441687344913,-6.99115044247787,1.7391304347826,-0.524475524475529,-7.72128060263654,-1.72413793103448,0.0,1.69491525423729,-1.72413793103448,0.0,1.13636363636365,0.0,-0.284900284900296,-2.13385063045586,0.0,-0.29182879377433,0.963391136801555,-0.972762645914411,-2.18687872763418,2.42483026188167,-1.87747035573124,1.26829268292684,1.25240847784201,0.574712643678149,-2.45338567222767,-0.691699604743086,-1.50451354062185,0.299999999999994,-0.603621730382299,0.0,0.897308075772681,-0.299999999999994,3.66088631984586,1.98300283286118,3.19926873857404,3.18584070796461,-4.82374768089055,3.05755395683453,1.67992926613617,-3.95220588235294,0.0,2.15827338129495,4.30292598967298,3.16666666666667,-0.250626566416035,0.249999999999995,-0.502512562814075,-1.10076206604572,-0.510638297872345,0.254668930390487,0.674536256323778,3.18367346938776,-1.57545605306799,2.58481421647819
0,0,-0.482315112540197,1.19142176330421,1.71740827478533,0.0,-0.234741784037568,1.6923076923077,0.459418070444108,-1.16189000774594,-1.25490196078431,-7.95935647756138,-2.16262975778547,-0.521739130434787,0.77653149266609,0.258175559380373,0.598802395209583,1.01608806096529,-2.42844752818735,-0.260869565217386,8.87480190174326,0.551615445232469,0.470588235294122,0.234741784037554,-3.56564019448946,-2.32172470978441,1.0664479081214,-1.58333333333333,2.04081632653061,-2.5963149078727,-0.505050505050494,2.5430680885972,2.0096463022508,4.30769230769231,-2.68562401263823,5.59284116331096,18.5792349726776,-2.93749999999999,-3.55987055016182,-6.55172413793103,-4.76878612716763,0.717360114777616,-0.432276657060509,3.47705146036161,5.3324555628703,9.3134328358209,-3.26757090012331,-2.1410579345088,0.749999999999995,0.187149095446046,-1.19949494949496,-0.063171193935564,-6.38440860215053,-2.1978021978022,7.90638836179633,-6.75219446320054,2.05026455026454,9.02527075812275,-4.92424242424243,-4.27913100724161,5.41718555417185,-3.61290322580644,-0.584036340038935,0.772698003863485,-0.387847446670968
0,0,-0.911458333333337,4.17966313162821,0.18679950186798,2.84331518451302,-2.10006176652254,-1.37758296806513,0.187499999999996,-0.755667506297224,-0.442757748260596,-10.2510460251046,9.29791271347249,1.1875,-4.30247718383312,2.04342273307791,3.63076923076923,-1.5625,-11.8099231306778,0.900277008310242,-0.908455625436751,-8.24508320726172,-1.22511485451761,3.68731563421829,-0.444444444444448,1.60349854227406,2.83286118980169,-4.59259259259259,0.0,-3.84615384615385,1.21580547112462,0.22744503411675,-1.93199381761978,-4.01929260450161,4.30769230769231,-1.72143974960877,-0.709219858156027,3.79075056861259,-0.995405819295551,0.457317073170722,-0.690713737528779,1.88253012048193,0.747384155455915,-1.67173252279636,7.25863284002818,-1.79340028694405,-6.49350649350649,1.43072289156626,-1.68453292496171,3.68731563421829,-2.33962264150944,0.45078888054095,1.4074074074074,-0.371747211895916,0.148478099480337,2.95389048991355,-2.5868440502587,2.94117647058824,15.5151515151515,3.67775831873905,2.3931623931624,-1.73913043478261,-0.349040139616048,1.77142857142856,6.81576144834931
0,0,0,0,0,-1.64705882352942,-1.49253731343284,8.06805708013172,2.98189563365283,5.05561172901921,-1.12474437627813,0.0,11.0909090909091,-3.67577756833177,-0.61640587956377,4.74254742547426,9.96339975599837,-2.0755500207555,-8.90596745027124,0.0,-5.18307180218735,-0.81495685522532,-1.75609756097561,-3.53535353535353,5.71428571428571,5.49054905490549,6.4421052631579,4.04040404040404,3.99534522885959,-6.88225538971808,0.0,5.30035335689045,1.31731886865556,2.2718667171526,2.18518518518518,18.1818181818182,-7.31707317073171,-7.78128286014721,5.49850944021199,1.01639344262295,1.61290322580645,14.6240705039934,4.09403063919703,5.35,9.09090909090909,-4.53789498693275,-16.819317235637,-10.8615384615385,1.60460187708144,-7.30994152046784,-16.9897377423033,-9.07960199004974,15.0105708245243,5.74559946861508,-5.87201125175808,-6.437125748503,10.7548430193721,0.199999999999996,-3.87811634349031,-0.767620376831817,-3.3910533910534,-6.24760444614795,-8.70833333333333,-2.52029047415634,-2.63042525208243
0,0,0,0,0,12.059064807219,12.2390208783297,-2.28276877761414,-13.9261744966443,-5.06831203173203,-3.74942844078647,-1.10957004160889,-9.85271711528694,9.47126436781609,13.8613861386139,0.629673356946085,-8.54335753951303,-2.9010989010989,9.0,-8.08473843493299,3.86533665835411,7.92192881745121,5.63380281690142,3.24947589098532,-6.47321428571429,4.8495575221239,6.7964368195315,6.82446972025823,-2.55359394703658,1.27606598194835,7.19237435008664,-12.5853658536585,8.2089552238806,-0.75187969924812,-2.11916461916461,7.13063320022818,-7.77743621272672,-2.87792536369387,0.597296447657962,-4.50065703022338,2.592,2.70859277708592,8.22857142857144,5.25175961017866,5.28205128205129,3.1055900621118,-3.36414997431947,5.16317584023381,-2.01242236024845,-0.54958780914314,3.47238967928623,-1.29457743038593,2.96278739037687,6.24444444444445,18.13716572676,-11.1178492015363,3.47317073170732,-2.25458898643257,-3.46820809248555,11.3794365166484,-0.755760368663588,1.703207102736,-0.91424392027793,-3.79578667678877,2.42592592592593
0,0,0,0,0,-1.11807555480264,4.35839274141283,-2.76390276390276,4.33258999681427,1.04035308953341,-7.52542372881356,-2.60869565217391,4.42154255319148,1.8757135866906,-5.8711794163357,2.26160337552743,1.39790314528208,-4.34103142906755,-4.82344375682564,-1.74074074074074,-0.991210024312701,-8.15129449838188,-0.959771288544004,6.88343791595361,-4.65671641791045,2.95480880648899,11.668372569089,2.85051375538615,-0.768203072812293,3.23206205559147,-8.56140350877193,6.55737704918033,1.31046756188319,0.402835965194973,3.60360360360359,6.69565217391305,3.61782371839643,-5.87104406980183,3.31712896768658,3.57093616434579,7.46363868333758,1.48315736551032,-0.0754716981132104,6.47058823529412,1.16279069767442,-5.03175378602834,-3.64556962025316,7.87172011661808,0.510500058011368,-16.3000944541897,4.84078068823831,-2.81188118811881,1.46982310093652,4.35431699427718,-0.714196216013022,3.70415057915057,3.97404703974048,-1.31470829909614,4.07611755432947,-3.41173730787146,-1.77767243422612,3.2893982808023,6.4343163538874,-10.3550295857988,-3.04878048780488
0,0,0,1.87158825058487,-6.86111111111111,-8.89292196007259,9.42465753424657,-0.954224865163875,2.93959731543624,-11.3935406698565,4.79715302491104,5.06756756756757,6.1866125760649,1.86613585469022,-0.474999999999994,-0.313479623824451,14.1919517968582,0.0,3.24797001873829,-1.17969243732884,-4.32967032967033,-0.552486187845304,2.80313607560949,1.79305980381817,2.50899742930591,-3.58968896463571,-2.3884829316174,5.33760066074747,-3.87131367292225,-2.47252747252747,-2.46593852043689,-24.7506672285433,2.8122866894198,0.502580820429237,-8.66420664206643,-7.33523447401775,-14.7636363636364,1.11470693994965,-1.12727272727272,15.30643671081,11.7902743819614,-17.5662727563079,-2.23673469387755,-9.60987831066571,14.9337798751713,-6.05424604455925,11.5900656580074,0.891215164804068,-0.812892184826003,10.6182281708094,4.10707737440411,-8.80436228221839,0.817834058831295,-0.918530351437697,-0.494983277591979,7.93201133144476,-1.4875,-9.58904109589041,-13.2836747361887,10.4253544620517,-2.12947189097104,0.170068027210891,0.268551236749113,1.04895104895105,-13.276299112801
0,0,0,0,-4.5758183032732,-9.99265246142543,-15.8297872340425,2.08333333333333,10.0786811539903,3.15674891146588,5.77777777777778,-1.0711817553559,-5.466472303207,3.75306909856191,0.627396305332868,5.64051965137313,11.8695652173913,1.59726183685112,-1.99272727272728,4.18118466898955,3.28885294514085,-8.92673616209073,-1.18853067894815,-6.10025220680959,-5.94522378089512,2.02879581151832,8.43445692883896,-6.15458015267175,3.91198044009779,-2.97403619197482,6.62650602409639,-11.7936925098555,3.27295837305369,0.58442584109936,-7.6517599047781,-7.16107871720116,-0.476016111314546,-14.3874345549738,2.43154883530854,12.7940128296507,-12.6681389279261,-0.120603015075381,-3.64583333333333,-1.9974500637484,-2.30434782608696,-1.95035460992908,-5.07685142058687,-7.86234614418487,-9.06849315068494,-14.0625,10.4895104895105,-3.26400924321202,-2.57777777777777,-6.73624288425047,7.84027980180706,-7.01809107922645,-7.0808283233133,-2.5693730729702,6.20179948586118,10.7798165137615,-0.751010976314284,-3.71479928100657,3.80403458213257,5.2430365920262,-10.1353383458647
0,0,0,-1.80645161290322,11.9067917021881,1.73135995531976,3.99463806970508,7.8784885156829,-2.45445344129554,9.37858289383168,-9.49033391915642,5.50415183867141,6.312513891976,-0.64876957494407,-7.11718188353704,-5.67232210686248,-7.19326818675352,4.92903225806451,2.54024144869215,-1.29936305732484,-1.78941908713692,-2.93646556326749,1.05652403592181,-7.16105292952166,6.01223729715351,-3.75379519735028,-1.11638291934133,-2.40068591026006,-6.19119878603945,-0.641417226634089,-3.08564231738035,-0.857415052397597,4.3438639125152,10.7859078590786,-1.06820049301561,12.508986340762,3.84792626728111,-3.16139767054908,6.71840354767184,0.770077007700773,-2.13483146067416,-4.95283018867925,3.50477924442421,1.10285842898943,7.51457119067444,5.74847949774377,-3.15725561627201,-1.45790554414783,-0.828157349896492,-5.32054077627562,-1.82060390763766,0.0,-2.08522212148686,2.88355712084526,-3.25,0.0,5.559132861129,-1.28260869565218,-2.15411947590495,-6.25294950448324,1.89814814814815,4.34012400354294,4.80607082630692,4.16161616161617,-5.58873720136518
0,0,0,0,0,0,0,-6.69887985943333,-1.97088465845465,-1.45421495114747,-7.31528895391368,-3.82278481012658,1.49625935162095,3.90606278456745,-5.32559313478041,-0.278410528980004,0.628772635814889,7.7494199535963,2.08995910949569,-0.182066454255816,-5.95611285266457,0.192539109506614,0.502873563218393,2.45269796776455,-3.53083434099154,-3.50438047559449,1.04037651721574,-1.68765743073046,0.576008014024535,-2.2797131147541,-7.28222039021709,-2.1043771043771,-2.14961306964746,2.1043771043771,5.43910851684796,1.69535732916016,-0.60351613749673,-2.03480589022757,-3.75,0.0,-3.32950631458093,3.41003604103132,5.84703732706866,2.02046035805626,-0.462487153134634,-2.2595901208618,1.90721649484535,-3.60480640854471,-1.5180265654649,0.673128702207862,-2.65339966832504,-5.82041532611875,-5.23237919359802,-5.24781341107872,-7.93706293706294,-11.5009746588694,3.38983050847458,-2.11538461538462,-10.7797187899446,-32.2998872604284,-2.90023201856149,-4.61165048543688,4.1860465116279,4.65631929046563,-5.80645161290322
0,0,4.60317460317459,0.158478605388279,0.941915227629512,-5.23127753303964,-1.05731775180858,9.69849246231156,3.58527131782947,0.434153400868306,3.76044568245125,9.79899497487437,-7.56756756756757,1.11358574610245,1.75054704595187,5.85084466419447,1.46163215590743,0.605326876513326,1.11731843575418,2.67961165048544,-1.69826224328594,-5.28066528066528,1.83673469387755,1.20967741935484,-2.60653702937525,7.18125960061443,4.47542186353632,-3.57142857142858,0.566679259539096,-1.57329240214889,-2.47738891073535,6.33517495395948,0.0,-1.3816280806572,-2.21374045801527,4.90018148820327,-5.63650306748467,1.13722517058378,2.2962962962963,-0.148367952522252,0.258971513133556,-5.70981619084865,-1.71042163882259,0.632411067193676,-2.55370895824888,2.72082018927444,5.89981447124304,2.10679258990193,-0.879443019421041,-10.8448415922015,-1.48392415498763,0.164609053497939,1.81818181818182,-2.52692626346313,1.38888888888889,-2.46965257429887,-6.13060861839182,-0.715883668903804,2.44434744652989,0.779558250324815,3.67125573633708,2.91616038882139,3.3281127642913,-3.86335908906059,-0.203748981255097
0,0,0,0,0,0,0,-0.918580375782891,-0.672551492223624,-2.19072164948453,-0.0859845227858967,1.31523122613491,0.799663299663305,-6.07142857142859,0.0446229361892082,-4.52425373134328,1.19815668202764,-3.67892976588629,-0.23946360153257,2.20140515222484,-1.76358436606292,2.05415499533147,-3.42829550941575,-1.27139364303179,-1.94416749750748,-1.62107396149949,0.353356890459365,-5.3723404255319,-1.67658193618173,2.37592397043296,8.50241545893719,4.87132352941177,8.1081081081081,-1.15335326783426,-1.42980935875217,-1.76366843033509,-3.51437699680511,1.92479856759176,-5.52668871043929,0.889513108614222,-3.13858039594398,5.77797998180164,0.181653042688461,-0.962861072902342,0.863636363636369,1.9607843137255,3.27586206896551,7.3482428115016,-4.59482038429406,3.46774193548387,5.70342205323194,-0.727690540022985,3.7596756358275,-1.76294073518379,8.32187070151306,1.32337970817781,-4.800853485064,-5.20014964459409,5.48090523338048,1.97573656845754,-4.15162454873647,-1.35382363702891,0.364564345607005,1.54343144292893,1.90140845070422
0,0,-6.78345136041744,-0.864661654135327,-1.56548300878198,2.45810055865922,-3.66795366795368,4.95412844036698,-2.05992509363296,5.15097690941385,8.66320571057755,-1.28162997042393,-0.0986842105263195,1.7453135100194,2.11958241062954,-5.33155614795068,-4.34631432545202,-22.8534814181974,-14.1951219512195,-1.38476755687439,-0.597014925373122,5.50070521861776,-2.50602409638554,-7.96045785639959,-5.6624518966465,-7.00000000000001,-0.651272942569564,10.5876124933827,-9.63435867672664,-0.525087514585763,6.74646354733405,6.08073582013286,-0.462012320328541,-5.12682137075013,5.02306509482317,-5.17520215633424,-0.815217391304359,2.74841437632137,11.7948717948718,-9.83102918586789,5.37790697674418,-2.78884462151396,-0.2496255616575,-1.52052711606691,-7.63775231860339,-0.603732162458833,1.51351351351352,-7.2463768115942,0.975889781859941,1.47058823529411,-9.81366459627328,0.739827373612808,2.34798314268513,6.84240044868199,3.82955771305286,1.22535961640917,-3.75898286346047,-7.67857142857142,-2.68948655256724,0.365408038976871,-2.62500000000001,-0.628930817610061,2.15384615384615,0.184275184275191,-5.92062459336371
0,0,2.58107213765717,4.24588086185044,-4.71134704711346,-1.20886501007387,-14.980694980695,9.44055944055945,1.24309392265193,2.42587601078167,4.87179487179487,5.2823315118397,-4.90445859872611,0.317460317460322,0.505369551484524,-1.47435897435898,6.3063063063063,1.76991150442478,3.03203661327232,5.51351351351351,6.32911392405063,-0.0506585612968671,-6.30048465266558,-0.759631036353774,-7.6518691588785,6.1917808219178,0.707290533188243,5.8883768561188,-1.19170984455959,4.69135802469135,-3.79292670425422,6.65071770334927,6.52951699463328,-2.9940119760479,-2.02067669172932,3.3605812897366,7.01013513513514,-2.95652173913043,-2.63275323516287,-0.134048257372659,-5.41686292981629,-3.05825242718446,3.28638497652582,-7.035175879397,-7.277628032345,3.8860103626943,-6.33608815426999,4.77439664218258,4.65232616308154,1.03960396039604,0.541605120630229,-3.83435582822086,0.86163203243792,-0.972364380757427,-3.55060943296236,0.158730158730146,-5.52763819095477,-2.45995423340961,-6.97674418604652,8.30527497194164,4.55275843599358,2.81103591879229,-3.5021551724138,-0.378583017847487,5.47034764826176
0,0,-0.385038503850387,-4.6029919447641,1.08138873079113,0.902425267907502,-9.10769230769231,2.57793764988009,0.0,3.80622837370242,6.42201834862386,-2.65927977839335,4.24403183023873,-0.640683395622002,0.531067445565576,-2.55991285403049,3.11345646437995,1.81347150259068,0.103519668737058,1.1764705882353,-0.981404958677693,2.27158001009591,-1.01988781234064,0.0509683995922608,5.85412667946257,-9.39632545931758,0.832899531494014,-1.10526315789474,-3.2608695652174,-2.8507546115148,-1.35977337110483,-0.284090909090893,-0.80183276059565,-1.92644483362523,4.30167597765363,-2.16894977168949,2.55839822024472,3.85026737967914,0.106837606837605,1.62900683131898,-8.125,4.24374319912948,1.02315562735596,2.57082896117523,-4.38116100766702,-2.81531531531532,-2.42214532871973,0.516351118760756,-4.68468468468469,-0.604229607250742,0.301204819277113,0.180396873120851,-2.84477427334568,3.69267421083977,0.943952802359883,-0.414691943127964,-1.6255267910897,0.359928014397134,0.832837596668632,-0.478182904961137,-0.783132530120476,-3.42679127725857,-1.84010152284265,0.56782334384858,3.11735941320293
0,0,0,0,0,-1.01073910296905,-0.189873417721515,-3.74261326329613,0.522534291312868,0.713359273670554,2.95783511642543,-1.40395660497767,-2.01822916666667,4.0,-3.69410239792612,-2.86666666666666,1.05540897097625,0.915032679738566,-2.34113712374583,-3.10344827586206,-0.904662491301328,-0.771388499298734,-2.96028880866426,-0.0722543352601141,0.144300144300141,-2.89532293986636,1.9650655021834,0.86580086580086,2.60014054813774,0.350140056022402,-2.36559139784946,-1.60233066278222,-4.17298937784523,-4.68625893566322,1.4866979655712,-2.56821829855537,-1.88062142273099,1.37096774193548,-5.98290598290599,-3.44827586206895,0.0883392226148391,-2.72232304900182,0.271493212669694,-0.545950864422207,-2.99906279287723,-5.64356435643565,1.46341463414634,1.4423076923077,-0.192678227360304,-2.87413280475719,-3.80658436213991,5.72259941804074,-2.38331678252235,7.10332103321033,3.3006244424621,-1.53985507246378,0.180831826401459,2.98245614035088,-4.1095890410959,2.0572450805009,0.533807829181499,2.26086956521739,0.173611111111107,-3.41113105924595,-1.27272727272728
0,0,0,3.51307189542483,-2.68456375838926,1.65016501650164,-3.41296928327644,-5.87172538392051,-0.453720508166976,-3.66886171213545,3.27570518653321,-5.77478344562079,-1.07003891050585,2.0952380952381,1.40845070422536,3.53260869565216,4.24978317432784,1.45299145299145,-0.171232876712325,1.84873949579832,0.750625521267722,0.580431177446105,2.82030620467365,2.66666666666667,2.07373271889401,0.610687022900764,-6.15883306320907,-1.73124484748557,0.0,3.73015873015872,0.316455696202539,3.87832699619772,5.93705293276109,-3.55555555555556,-3.36906584992343,-0.461538461538465,0.306748466257662,2.39520958083833,2.48175182481752,5.25587828492394,-2.62597586941094,-0.427655024946547,3.24137931034483,0.206469373709562,-4.45722501797268,7.26666666666667,7.80577750460971,-2.39144115796098,-5.51128818061089,2.77598450613299,5.54878048780487,-2.88582183186951,-2.97157622739017,4.44444444444444,0.0616903146206142,-4.37862202189312,-6.22435020519836,2.66311584553928,-4.37804030576789,0.552868002764341,4.92772667542707,2.24791265253693,-1.69823644676682,-4.64798359535201,-1.59722222222223
0,0,-1.57534246575343,3.50297422339723,2.70096463022508,2.75171982489055,-1.91204588910134,3.2675709001233,0.368550368550382,-1.05524518932341,-3.46820809248554,-4.63709677419355,5.52380952380952,-2.20635950681376,1.21794871794871,3.10559006211181,-6.34081902245707,-9.71014492753623,6.81971640783254,-3.56643356643356,0.20935101186322,1.3764624913971,-4.38218390804597,-1.45772594752186,-6.43910007757952,-3.45104333868379,0.399680255795355,-1.29554655870445,3.4401876465989,3.54449472096531,-0.990099009900982,1.35236664162284,-3.33850931677018,1.67938931297709,-1.55038759689922,2.78824415975885,0.450112528132037,-4.79559748427673,0.39154267815191,-1.10847189231986,-1.93704600484262,1.27490039840638,0.396825396825388,3.07692307692308,-0.541376643464813,2.34138972809668,4.81667864845435,4.20110192837465,-0.484429065743947,-4.63432295438087,1.84790334044065,2.56232686980609,-2.1939136588818,0.211864406779657,0.351864883884593,2.40384615384615,2.67379679144385,-5.20393811533052,1.72771250863856,-6.47534952170714,-4.3778801843318,-6.89655172413793,0.163934426229505,0.813008130081312,0.0812347684809081
0,0,4.17598806860552,-0.374251497005993,1.98092443140133,-2.09737827715357,-0.678733031674207,1.04477611940299,2.89855072463768,-1.8450184501845,-2.65151515151516,0.0,-2.48447204968943,1.15118956254796,3.97936624907886,-8.56,0.159744408945684,1.49488591660111,-1.84294871794872,1.73228346456692,2.00617283950618,-1.80675569520817,2.97256097560975,-1.31274131274131,0.461183704842433,-1.08780108780109,1.1520737327189,0.30627871362941,-3.24110671936759,-58.125,3.49819059107357,0.599520383693054,6.91964285714287,-1.81818181818182,0.564971751412417,1.66666666666667,-2.27272727272726,-1.38248847926268,3.66259711431743,-0.334075723830728,-2.04545454545454,-0.686498855835246,6.62393162393162,-1.62866449511399,-3.71621621621622,2.4175824175824,1.19435396308362,0.324675324675318,-3.82022471910112,1.33037694013303,2.06297502714442,-0.545851528384287,-2.57558790593506,1.32596685082874,-0.443951165371819,1.20614035087719,-0.219780219780215,2.36051502145923,3.3195020746888,0.413223140495859,2.71356783919598,2.64187866927594,1.06485963213939,0.193236714975841,1.42857142857143
0,0,0,0,-0.396825396825388,3.07692307692308,0.763358778625955,-3.76237623762377,-6.76532769556024,0.421052631578938,1.8595041322314,2.12335692618808,1.68986083499006,0.0,2.04479065238558,0.291262135922341,1.43540669856458,0.286259541984744,-6.18034447821683,2.56663376110564,-0.396432111001,-1.81634712411705,-1.22574055158326,0.102040816326547,-4.0339702760085,2.18068535825546,1.23076923076922,3.94088669950739,0.196656833824971,0.0982318271119822,-0.394477317554232,1.64888457807953,3.82462686567164,1.74152153987167,-3.11909262759924,-3.62389813907933,6.92798541476755,0.272727272727267,1.34529147982063,1.24003542958369,-0.177462289263528,-2.73473108477665,1.70250896057347,-0.540540540540545,2.37467018469657,-0.53050397877983,-2.72479564032698,-4.65779467680609,-3.44149459193707,-1.7,2.15264187866928,-6.45833333333334,-1.47991543340379,0.421052631578938,1.55440414507772,-1.57894736842106,-4.74090407938258,0.548245614035076,-2.47191011235954,4.81283422459892,-1.6304347826087,3.6649214659686,1.24095139607031,-2.65392781316348,2.28215767634855
0,0,0,0,0.705645161290325,-5.41976620616365,3.78323108384457,-3.38266384778011,1.35557872784149,-7.39081746920493,2.51091703056769,-3.38600451467269,-2.54629629629628,4.74090407938258,-5.95794392523364,7.65911542610571,-0.216216216216212,-2.43632336655593,0.769230769230772,3.39702760084926,-3.28947368421053,-0.219780219780215,-5.32407407407406,4.21286031042128,2.38095238095239,0.645161290322586,-4.37710437710438,-4.45486518171162,1.72811059907835,1.02622576966933,2.12053571428573,-5.41176470588236,-2.28640192539109,-1.0948905109489,2.49110320284696,-1.56626506024095,-1.59118727050185,5.98388952819332,1.13765642775881,-1.61849710982658,3.24384787472035,-1.93842645381984,0.340909090909104,5.07011866235166,-1.42231947483588,-3.86363636363636,4.86486486486486,-0.65288356909685,0.325379609544481,-2.67260579064588,2.91891891891891,2.42616033755275,1.76165803108808,0.0,-1.04712041884816,3.82678751258811,-2.05549845837615,4.13793103448276,3.24118207816968,2.14552238805971,-1.32325141776938,-0.761904761904763,2.23463687150838,0.922509225092248,-0.931098696461822
0,0,-2.41779497098646,3.7243947858473,-6.97211155378487,-0.199600798403189,1.37795275590552,-0.693756194251737,-0.298210735586475,-1.61616161616162,-0.814663951120164,2.09371884346958,0.298210735586492,-11.65371809101,2.80474649406688,-3.0,0.0,4.25531914893617,-1.62162162162163,-0.108225108225106,-0.108342361863486,-3.59147025813693,-1.24999999999999,2.33074361820199,-4.76744186046512,-2.74790919952211,-2.44798041615666,3.99529964747356,3.73303167420815,-0.454545454545445,-2.44470314318977,7.2354211663067,-2.88888888888889,4.76190476190475,-0.53191489361701,5.43259557344064,-1.22199592668024,-1.13285272914521,2.89999999999999,-2.45901639344263,2.00803212851407,-2.99896587383662,0.616649537512852,4.51422963689891,1.45067698259188,-0.878048780487804,0.870406189555124,-0.878048780487804,1.53698366954851,3.16279069767442,0.46296296296297,-6.93069306930694,4.35606060606061,0.0,2.94117647058824,-4.51488952929876,1.42045454545455,-5.17928286852591,-0.0997008973080737,-1.93089430894308,-1.96891191709844,2.62361251261352,0.701402805611225,4.95238095238095,0.849858356940509
0,0,1.97841726618704,4.22049956933678,-5.06787330316741,-2.79069767441861,2.62681159420289,-4.44654683065278,-4.7571853320119,0.884086444007857,1.35658914728683,1.24401913875597,-2.05078124999999,2.19675262655206,-0.673076923076926,-3.8961038961039,2.15053763440861,-1.38751238850347,3.44497607655502,2.79069767441861,1.19485294117648,5.1438535309503,-5.81180811808119,5.07880910683012,-3.81818181818182,2.74093722369585,-1.16279069767443,2.4432809773124,0.174216027874561,3.61041141897565,-1.44804088586031,-0.427715996578278,-4.65532676812891,-4.88262910798122,1.20593692022263,-2.76453765490943,3.40699815837937,-0.0921658986175096,0.183992640294384,-2.16165413533833,-2.11132437619962,1.88323917137476,0.840336134453797,3.2520325203252,0.628366247755837,0.713012477718361,-6.65399239543727,3.75114364135407,-0.551977920883169,0.0919117647058967,3.46051464063885,1.74367916303401,-0.0872600349040121,-0.702987697715291,-0.976042590949434,-3.29972502291475,0.45620437956205,-0.735294117647059,0.457456541628535,-1.67441860465116,1.10395584176632,-0.184331797235019,-0.930232558139532,-1.70293282876064,-3.22265625
0,0,0,0,0,-1.91919191919191,5.893536121673,-0.285986653956143,2.69016697588125,1.28205128205129,2.41286863270777,-7.69971126082771,1.23574144486691,2.6827012025902,-3.14885496183206,0.474833808167131,-3.23529411764706,0.0,2.29885057471265,1.13636363636365,-2.12765957446809,-2.88557213930347,1.17994100294984,5.0420168067227,-1.32450331125828,0.0,6.46017699115045,-1.61870503597124,-0.907441016333935,-4.45497630331752,6.80212014134275,1.99134199134199,-3.12500000000001,2.01224846894139,-0.0875656742556899,0.695652173913044,-0.612423447069119,-3.81471389645777,4.17754569190601,1.71086398631308,2.50208507089242,-3.8994800693241,1.70357751277684,-2.89219982471516,0.349344978165931,-7.20973782771535,-2.39693192713327,-0.772946859903382,0.0,0.767018216682647,-2.85996055226824,5.05617977528089,-3.28820116054158,-0.485908649173962,0.675675675675679,0.384615384615393,-3.07234886025769,-0.7992007992008,-0.502008032128503,-0.403225806451622,-2.90456431535269,-4.44203683640303,2.43128964059197,-1.06837606837608,-2.85714285714285
0,0,1.99778024417314,5.15789473684211,4.61847389558234,0.399999999999992,0.299102691924221,0.987166831194486,-5.08298755186722,-1.36698212407992,0.626959247648908,-0.209424083769629,-0.951374207188159,-1.93965517241381,4.72279260780288,-0.515995872033031,2.71084337349399,-4.07523510971787,-1.26984126984128,-2.82916213275299,3.56768100734522,-1.16772823779193,1.56739811912226,1.03412616339193,3.3,6.10328638497653,4.82573726541554,16.4925373134328,0.0,-0.074682598954442,-4.69116497263488,1.4637904468413,1.66666666666666,3.64963503649635,2.14285714285715,3.78006872852234,-3.92857142857143,0.0713775874375431,-0.791366906474816,1.27840909090909,-0.0710732054015621,-1.07758620689655,-4.5045045045045,1.26019273535953,-3.21346595256312,-0.615858352578907,1.51630022744503,0.827067669172941,-2.38645111624327,0.915331807780314,1.42857142857144,1.8450184501845,-2.41874527588814,5.16129032258064,8.82352941176472,4.31519699812382,0.0624999999999987,-1.52284263959391,-1.67741935483871,1.7743979721166,-0.573613766730401,3.38669950738916,1.6949152542373,1.95845697329378,-3.18432333129212
0,0,1.5271838729383,2.73321449792036,0.941730429664509,0.117577895355692,-1.12960760998812,-0.298151460942163,-0.963275135460567,0.776583034647545,0.47562425683711,-0.298151460942163,5.09337860780986,0.338409475465306,-3.44224037339557,-4.70372632864997,3.36481700118064,0.117924528301884,-4.43349753694583,-1.81818181818181,0.993171942892614,2.4227740763174,-2.86604361370717,-2.68714011516315,4.05156537753222,-3.82409177820267,-1.03026400515132,0.956632653061227,5.37115268557635,2.12640283520378,0.587199060481511,-3.08716707021793,-0.0605693519079225,-0.855222968845452,12.9255319148936,-2.73224043715847,-2.29178311906093,0.886426592797785,-0.837988826815654,-2.57879656160458,2.67707752370329,-0.504484304932735,3.04347826086956,-0.381887615930171,-2.40223463687151,0.721020521353314,0.988467874794068,-0.942350332594244,2.38095238095239,1.22928915018707,1.05764145954521,-2.93957539466521,2.90697674418605,2.4742268041237,-0.622406639004136,-0.889586603872327,-0.420388859695209,-2.53232758620691,2.10970464135022,2.41893978383942,-1.94123819517314,2.15605749486654,6.70498084291187,6.5771812080537,8.06252570958452
0,0,0,-9.08277404921699,-5.02819548872181,1.1611704598235,-1.12728980742133,-2.01245807379012,-0.384800384800394,6.05512878445549,2.51101321585903,-0.309323906319047,-0.354767184035469,0.922671353251322,-2.0627802690583,0.223713646532442,4.85312899106001,0.423908435777878,-5.31250000000001,-0.628930817610049,-2.58064516129033,4.61538461538462,2.56959314775161,2.70833333333333,-0.882723833543509,0.376884422110552,2.49081257656186,0.325600325600333,3.91083300743058,0.117187500000004,2.77250284846182,-0.53455517373042,-0.769526741054263,-3.71109337589784,4.09491006505932,2.57270693512305,-2.36641221374046,0.644671975730003,-0.418888042650417,-0.844854070660532,-2.72189349112425,-0.755166931637525,1.33333333333333,0.778210116731515,-2.63578274760383,0.5559968228753,-1.77849636216654,1.43426294820718,2.93890177880896,2.34138972809668,-0.876190476190478,3.70506236243581,0.329067641681901,1.26353790613718,-0.0361141206211557,-2.21483942414176,1.05916727538349,1.89896094589753,3.49239280774551,-0.451545675581808,-2.09219858156028,-0.284495021337121,-2.32896652110626,0.6866642573184,0.82437275985662
0,0,0,0,3.96879240162823,5.75447570332481,5.49848942598187,2.76145710928319,-0.353773584905653,-0.742500742500742,0.53175775480059,-0.77403989282524,2.24097788125726,0.951282790429514,-0.725900116144019,-2.92887029288702,0.238521168753722,0.415676959619954,1.54925460391699,4.84005563282337,-3.24526134405515,2.51959686450168,0.915395284327319,-2.76510832383124,-1.56340474811812,-0.699708454810501,5.0124619219053,2.22041700514487,-1.42817907168361,-1.42061281337047,-4.08814149028703,4.64473320431297,1.49782135076252,1.84442662389735,0.848131460376359,-0.909334046536497,3.23498964803313,7.13770728190339,3.68055555555556,2.26244343891403,-2.22016651248844,1.95011337868481,-0.250056831097976,-0.410865099292398,-0.898203592814373,-9.50819672131148,1.56405163853029,-6.05581885202739,-2.09677419354837,-0.594916170903207,1.25500667556744,4.61029037187976,0.582425930615356,2.63806706114398,-0.920627021647187,-5.90250329380763,-0.264200792602382,-4.99306518723996,1.0973936899863,-2.50281214848144,-1.8327605956472,2.7027027027027,-1.64259416595865,3.49822355834928,-2.06415620641563
0,0,0,0.0823949464432684,-7.78567199526346,-4.54967502321262,4.1814946619217,-3.11926605504586,6.91716481639624,1.76174496644294,-0.817592331547785,4.85515021459228,5.62025316455696,-0.611309220580749,-0.229767679346429,-2.08496221005995,-2.31999999999999,-7.69672601952901,3.17018909899889,1.12730272202364,-2.01963534361851,-3.3033903216459,1.45631067961166,1.60157347569542,3.68064952638701,-1.76259983475627,-1.85133239831698,-1.04875283446711,0.0566572237960227,-3.09579439252335,-3.10147545919904,-2.75371287128713,-4.15726716081211,-6.04921394395078,3.27272727272727,-2.71646859083192,4.22764227642277,3.60501567398119,4.00240746313572,1.54074074074075,-3.46413243408952,5.44927536231885,-0.436681222707419,0.922988174214019,-10.2735368956743,1.41110065851364,-0.440944881889766,0.501410216233156,0.28125,-5.22854324235449,-2.11551376762928,5.00797448165869,4.94238932686475,0.2419842710224,-6.43915003219576,0.384862091084031,4.56075910621366,-5.42110358180059,2.11623499684145,1.52410575427682,-6.38649900727995,-2.02565833896015,7.52419606618795,12.7485698719695,-0.382827454197431
0,0,0,2.28084638636988,-1.33667502088556,-1.95911413969335,1.72991071428573,0.830105146651901,-4.42068766252528,-0.933216681248178,-2.32766338406446,-1.7304189435337,6.52667423382521,-0.71448985424407,-1.83352735739232,1.96861626248216,1.54494382022473,-0.140646976090026,-6.53281390470482,2.56934306569344,-2.17780429594271,-3.10673638880346,-0.494590417310654,1.07033639143731,-1.3325069724202,-1.89453741711399,-3.53056554429553,-1.56042496679946,1.05124835742444,-0.164527805199081,0.783545543584716,2.97751029458347,2.16919739696313,1.3451543870376,0.0,-1.14409400123685,1.13115255273616,0.0916310323763016,-1.48791072535649,8.94721987016653,-1.37339055793991,-1.09921897599075,1.17209834190965,-1.53846153846152,4.86053576360121,-0.165975103734446,-3.84946854352197,-0.201496833621187,1.69779286926995,-1.49339460080414,-0.664932061289381,-0.728013977868375,-2.44630071599045,-1.63735597331718,-1.16564417177913,-1.17939168218499,3.09774436090226,-1.27931769722815,-3.56466876971609,-0.157977883096369,0.283553875236294,3.05436774587661,1.9466906259359,0.772659732540856,1.20375807398709
0,0,0,2.55160550458716,5.19162815982603,-0.217924271315713,1.18438761776581,-2.88008861811132,-0.922302962548905,1.40534582529622,-0.554170130229969,1.84933369594778,-1.74322080796902,0.0829416643627347,0.193156732891833,-6.12005856515374,-1.36539032353814,-1.11044417767106,0.921796015462392,2.7191206248192,14.9778652238072,-1.85370741482965,1.67487684729064,-2.061337355455,-0.302571860816956,-0.252780586450946,1.76309908120189,4.00476758045292,-0.0238435860753579,-1.94457948468643,2.32668566001899,0.847457627118643,0.491918482080115,2.88898999090083,1.56739811912225,-0.359550561797745,1.3741134751773,-2.26654578422484,1.73719376391982,0.0,-4.54016298020954,1.98539479689639,2.38360436622856,-1.33182844243793,-0.362483008608964,0.113147770988905,0.785810507409074,-0.13489208633094,-2.04175269557236,-0.832755031228329,-5.08021390374331,-4.41624365482234,-1.80878552971575,0.0258331180573444,0.565116876444898,-0.959543568464724,-1.50039484074757,-1.44192256341789,0.319403779611385,-0.159957344708084,-0.887573964497037,0.561647499331374,1.24141574220813,-1.1758417958311,-1.40921409214093
0,0,0,0,0,-3.29516894722145,-6.73621460506708,0.944788898730441,4.24088210347752,1.88626907073509,4.62962962962963,1.61374284226966,-1.39878595935603,-1.52733118971061,-1.13821138211383,-2.64255910987481,0.772840187689743,0.11028398125174,-3.51027397260275,-0.0285469597487811,0.792976493911076,1.31358300726663,-1.21640735502122,-1.58045977011495,-3.17225022235399,-3.72078720787206,1.72257479601088,-0.0302297460701485,-0.151377535573712,-2.07045735475897,-1.09340830990316,-1.71591992373689,1.8709073900842,-1.64817749603803,-3.34097608909269,2.83259070655633,0.0318167356029208,2.78379214351995,-0.622471210706492,-1.61290322580646,-1.0223642172524,-1.98761811665037,-2.1978021978022,-1.93482688391039,-2.04364392102529,2.16875635377838,0.0,-0.785519125683061,0.0341413451689929,3.65131578947368,-4.43146684987976,-3.70502315639472,0.354987575434865,-3.98671096345516,2.0253164556962,0.718132854578107,1.79830747531734,-0.961196155215378,-0.142602495543669,-0.501612325331424,-1.15984052192824,1.00466451381414,0.88904694167852,-0.285306704707567,-0.357909806728697
0,0,0,3.21608040201005,3.46054333764554,2.02788339670468,1.74346201743462,-3.54609929078013,1.67987321711569,-4.60875331564987,-0.768459739391916,5.5239898989899,-0.0947867298578235,-1.96520618556701,2.63488080301129,-1.07799619530755,-1.05735341236783,0.383019470156391,0.349872773536905,-0.255102040816332,-2.01691607026676,-1.82179529645577,1.75724048161405,0.129996750081245,-0.984574991795211,-0.164365548980924,-0.528750826173166,1.20796604635977,-3.37495781302734,1.46325241104091,1.15055884286654,3.97727272727272,2.07109737248841,-3.02547770700638,0.190718372536562,0.474533375514073,-0.508744038155803,0.031786395422764,-2.87769784172663,0.228384991843394,-0.4588659455916,-1.26120146033854,-0.769230769230771,-0.809170600134856,-0.644723447573808,0.20318320352185,-2.71304347826087,-2.38603988603989,-1.26217093400648,-2.0610967979389,-1.04127928597992,1.6819012797075,-0.10980966325037,1.33622246298303,-1.16916331750091,-0.366703337000372,-0.183688464364441,-1.30256791961294,-2.55725190839695,-0.575815738963526,1.28836680560818,6.08540925266904,1.81691125087351,-0.210084033613453,-0.598802395209574
0,0,0,1.91570881226054,0.104384133611683,-1.0548523206751,0.245527884952649,-0.92035398230089,3.91156462585034,-0.857632933104631,-1.004851004851,0.138408304498267,0.857632933104631,1.6531713900135,-1.09140518417463,-0.273597811217517,1.61507402422611,9.88477865372953,-0.456899177581476,-1.20221948212084,0.490797546012281,-0.928792569659456,0.920245398773019,1.71842025927043,0.150511739915705,7.10290827740492,5.12072167683736,2.10389610389611,-0.811730819586285,-4.37277944793658,-1.78025034770515,-2.42165242165243,-0.573065902578805,2.32297788972851,3.09194467046379,-0.190217391304349,1.6305800588078,-1.21753246753246,-1.59428257284222,2.57096946973755,-1.21984277582001,-1.90607734806629,3.87679235262877,1.20671563483736,2.15605749486654,1.51668351870577,1.0505252626313,1.28395061728396,-1.88679245283019,0.250941028858222,1.33696459519683,0.419132149901385,-1.14713216957606,0.742574257425736,-5.23573847356082,2.48920497840995,-1.78386763185108,0.103305785123965,-1.255230125523,1.06080206985769,-0.363541937159181,-1.36878125822584,0.026315789473679,1.06743035667794,1.46228835300154
0,0,-0.509793399517032,0.374231488906692,-0.133832976445389,-2.10440010931947,-2.69435868650014,1.98074277854195,-0.192943770672548,-1.42577578976796,0.859201773835907,-0.753979335381167,0.0279173646007761,-15.1768488745981,-1.20403514480964,3.42551854179761,1.3639181649101,-1.22372136805773,1.33126934984519,0.0309501702259521,1.91256830601092,-3.13087038196618,1.23685837971553,-2.21238938053098,-9.4809688581315,-20.0166112956811,3.87225548902197,-1.13039967702867,3.09076682316119,-0.550747442958289,2.45587106676898,0.648112847884109,-1.04006163328197,0.612557427258806,-1.59471022948269,-2.51196172248805,-2.07570207570207,-4.37553101104503,1.91666666666667,-1.010101010101,1.8992568125516,3.58280254777071,-0.0796812749003967,1.14218196140212,-1.56,-0.725221595487509,2.66666666666667,1.58240061752219,-1.64770498234602,-0.0785237534354125,-1.19189511323002,-0.159172304019111,-0.842696629213472,-0.281690140845072,-1.88601886018861,2.16606498194946,-0.443190975020143,0.68027210884353,-0.280898876404481,-0.040144520272989,-0.524616626311537,-3.94295302013423,-1.57648061354922,-1.03314679294016,-0.345572354211671
0,0,0,0,0,0.279069767441855,-2.67430754536771,4.20860018298261,-0.690925840626433,2.90697674418604,1.06194690265488,-0.847835787594829,1.40783106027277,4.0928270042194,-0.765306122448978,-3.02233902759528,-2.05632543585157,-11.7382617382617,-3.94600207684319,-0.469483568075117,5.38005923000987,1.88861985472154,-2.94117647058824,1.47347740667977,1.02090422946038,-1.33004926108374,-3.36048879837067,-1.34158926728587,-1.94634402945817,-5.02762430939227,0.604063701263039,-6.24270711785298,10.4493207941484,-3.57142857142857,-0.489396411092984,-3.31460674157303,1.43964562569213,-1.86125211505921,1.99004975124378,2.11038961038961,3.44827586206897,-2.79269602577873,-1.085776330076,-5.25714285714287,0.455062571103517,-0.976450315910386,-2.71386430678467,-6.46984924623115,0.871731008717303,-10.0753941055517,1.55195681511471,4.38709677419355,-1.30718954248366,0.906735751295329,-4.89130434782608,1.99733688415445,3.40836012861737,5.52855407047388,7.99329234209055,1.7032967032967,-2.07515423443635,7.28029121164848,-3.05466237942122,21.8920050230222,5.9818968909878
0,0,2.32283464566929,3.38531761125904,-1.50579150579151,0.728248371023386,1.51000377500943,-0.760745530620005,-2.49512670565302,0.965250965250965,0.0,0.652090525508254,-2.35571260306243,1.12577639751554,2.1648309912647,2.48148148148149,-4.04624277456648,-4.21686746987952,3.18818040435459,0.194024058983317,2.34937476316787,-3.40909090909091,3.69811320754717,-0.798782807151011,-0.0380517503805099,0.416824554755587,-3.49019607843137,3.88239728609122,1.37546468401486,2.88808664259928,-2.89747399702822,0.333209922251018,3.05096913137113,-0.723065798987705,-0.655021834061134,0.0,-5.40851553509781,3.48019252128842,-2.38817285822594,3.15712187958884,-1.03857566765578,5.2372583479789,0.628711142158574,-0.280210157618208,3.31865899085676,-2.35701906412478,11.5844315047502,-1.20967741935484,2.48033877797943,0.241400120700055,-3.65968095089147,0.342892768079799,4.41001191895114,-0.209017617199165,0.0,-0.873493975903612,2.06489675516223,-1.61870503597122,-5.36955148452305,-1.86615186615187,5.53191489361702,-1.01320233343567,-0.215384615384616,2.89811771735883,2.44826581171671
0,0,-0.176626435089792,-2.72149984880556,4.64244521337947,-2.99970299970299,-0.507462686567169,-0.934016269960838,-2.53320976212543,-0.434377908780641,2.21480582524273,-1.22850122850122,-2.00501253132832,-0.630517023959656,-0.63451776649746,3.78510378510378,-3.96699460488733,3.2842234499693,-1.59027128157156,2.84762193274765,0.512356841470771,3.82608695652174,-5.50458715596329,-9.18196994991654,4.16,0.919467343056434,-8.87124611667242,-0.276912426445131,1.2982576016399,2.13975259110666,-3.60235538621406,3.67033700367033,-5.30569219957835,-2.66955266955268,1.3523131672598,-6.7629179331307,1.86428038777032,0.960118168389948,-1.61350844277673,2.13000367242013,-0.739918608953013,0.952729937706112,-1.60089352196575,-0.486344930789372,-1.55775075987842,-2.8125,2.43902439024389,-1.23456790123456,-0.232018561484928,4.00890868596883,3.8200642627633,-3.74074074074075,-1.77157934413871,5.75488454706926,-5.94655626646593,4.8011465424579,4.58119658119658,-5.71015540296349,-1.35531135531136,13.7713202779533,4.23472474289172,2.47787610619468,-2.72727272727272,0.722021660649825,-1.80704441041349
0,0,-6.04810996563573,-4.37589670014348,-4.576144036009,-0.338727888596161,-1.95702225633155,-2.43710691823898,11.9418483904465,-4.67391304347826,-11.3801452784504,3.95348837209302,-0.467289719626172,1.42034548944338,-6.50040883074407,-7.46924428822495,-5.07848568790398,-3.29041487839772,1.13154172560114,-2.36486486486487,7.08520179372198,9.82612211888395,5.64669973292637,2.49255952380952,5.81639803784163,-3.70639534883721,-2.34287839345481,3.06416726748377,-1.6117216117216,-1.07367641614217,-1.16104868913859,7.7720207253886,-5.27272727272727,-3.11211098612673,-1.32978723404256,-12.6230209670518,-5.4127198917456,-4.87228003784296,6.41876936697654,1.86794092093831,6.68828536684233,-0.325335502236689,-15.9358793022159,3.94021739130434,5.39845758354756,-4.56989247311828,7.1933471933472,3.99201596806387,-2.45398773006136,2.12169735788631,-1.33874239350914,4.49438202247191,-2.54270957489073,10.0107257776189,-1.19392185238784,5.21262002743484,2.21327967806841,-3.2906130931763,1.02845389098389,-0.620903759917224,1.72881355932204,-2.60869565217391,5.45873068069714,-0.0987491770901947,1.01010101010102
0,0,0,0,0,-1.64400885235536,-0.348984771573602,0.786905886056028,-6.21865596790371,-1.32113821138212,5.47550432276657,-3.99600399600399,2.6895657809462,-0.35772357723577,-4.30800542740841,6.50174437044085,-1.77533892834087,-0.129282482223656,1.55902004454342,0.663716814159295,2.7658266748617,3.4994068801898,-2.02723146747353,-0.916030534351136,1.355421686747,0.569032644504336,1.67844522968198,2.97142857142857,-4.38413361169102,-6.47824706255955,1.22333751568382,4.23550615800541,0.0,-0.574018126888211,-1.65847665847666,3.38278931750742,-1.93587416817907,-0.516874429917913,2.05479452054794,-1.57289776164548,-0.181818181818189,-9.48905109489051,-10.6867425633492,2.61087267525036,0.24973242953978,-0.250357653791131,-0.684191573640624,-3.00445103857566,5.20393811533052,-4.75138121546962,7.2112098427888,-0.549828178694159,-5.97232337946104,4.5201668984701,2.50847457627118,-0.579611319468127,-1.87565126780132,4.41567065073042,-3.22138450993832,-0.0342817963661228,3.34658714380384,-2.54841997961264,-2.6508545517963,0.208840932822829,-0.877808988764045
0,0,0,-3.69557263080864,-1.0351201478743,-3.12619138391155,1.24246987951807,1.15370301451434,1.61113145367996,0.51001821493625,-1.44124168514413,2.76679841897233,0.713521227256521,-1.52118797537125,-2.18356772760918,-0.708162504658969,-0.788880540946647,1.55325443786982,6.82288077188146,8.9711417816813,0.685358255451721,-4.15314730694355,-1.85062789160608,0.819403474270731,-1.02649006622517,-4.89753386592567,1.03128222756961,4.46633825944171,0.749674054758802,-2.50584697627798,-3.27812284334023,-0.0690607734806615,-1.47161878065873,1.92439862542956,0.817995910020445,0.441126569392599,-2.14904679376082,0.688468158347674,1.92437542201215,-1.57750342935528,-1.32036136205698,3.32549546523345,0.898801597869506,2.56243918261433,2.18908629441625,-3.68421052631579,1.23456790123458,0.0649350649350635,-0.818330605564648,-1.39395950879523,2.5549805950841,1.93466539803362,-1.87399030694669,-0.781504395962222,3.63978663319736,2.74641440341777,1.76858513189447,-0.755058894593778,1.98342214328005,0.676271684798579,2.71739130434783,2.99667036625971,-0.111111111111109,-0.0834028356964168,-4.0798611111111
0,0,-0.0884433962264184,-2.57030541276081,1.78200178200179,-0.838574423480087,-1.52021891152326,0.303122158229771,-1.820987654321,1.75864160097028,0.75233222991273,0.894721145243079,-0.209205020920503,1.67499265354099,0.0587371512481528,4.05748098055792,1.33444537114261,-0.111327581408292,0.443336104183995,0.386420093844862,-0.387919091160968,-0.22216051096919,1.28837719298245,3.36423841059603,-2.16508795669823,-5.84359782297338,-0.200918484500554,-0.926998841251449,-2.06978119455944,0.500147102088855,1.47826086956521,-0.524475524475524,-1.65876777251186,2.31481481481483,4.23940149625935,0.633259911894265,2.2604951560818,-0.950828579190422,-0.190528034839413,0.0544069640913929,1.63232539470163,-0.0803427959292823,0.187115744453337,-1.46460537021969,-2.84518828451882,0.278164116828933,1.01872246696035,1.06238082266413,0.568797399783318,-2.44173140954496,-0.334075723830728,2.65582655826557,0.216333153055701,0.591397849462382,1.97628458498024,-1.06524633821573,1.46943059564419,-3.05570578691185,-1.31506849315068,-1.30446849847349,0.989282769991754,3.44919076678163,0.264620269912679,0.290237467018468,-10.7863197895352
0,0,-3.58200118413263,-0.0888888888888923,0.0,-1.77925211097709,1.74814814814816,-0.866706515242078,0.475907198096361,2.03962703962705,2.66591038003403,-1.17647058823528,-0.0574217628481284,-4.81492627144147,-1.00303951367781,0.0303859009419569,-1.26153846153845,-1.21457489878543,3.77584656877434,-0.815709969788508,2.21565731166913,-0.864123957091773,7.16459197786998,2.0590625846654,-0.0542152344808783,4.77542591636552,1.22386537480876,1.92548137034259,1.72032440403046,0.997566909975678,-0.636630754162581,-0.640709709216375,-0.197530864197527,0.0986679822397611,-2.60693495317641,-1.51593011305241,-0.985988583290095,2.08333333333333,-0.768049155145922,0.812595226003048,-0.974358974358981,-0.463678516228747,2.60913196186653,-0.936946062294245,1.81501740427647,-1.48877113298006,-1.12273539168156,1.58211953792065,0.895968143354901,0.27302060064532,-0.977443609022558,1.72413793103449,2.30991337824832,2.23476828981415,-3.35521517140772,2.85781766650921,-0.450771055753274,1.74825174825175,-0.586166471277843,0.906133828996284,0.416473854696899,0.299884659746257,0.459242250287017,-1.63360560093348,3.14195298372514
0,0,0,0,0,-1.78443968593862,-1.27710843373494,-2.04081632653061,2.77312933301457,-0.0957166786312495,2.17696629213483,-3.43825665859565,-2.71076846555582,3.52687140115163,-2.30731467844869,-2.23337515683814,0.722471350274039,-1.56882591093117,-1.28139415684264,-0.0512820512820593,-0.905562742561453,-0.651041666666667,2.38942552109813,2.84020745863176,-0.646283867760391,-4.711087975013,-2.1536825312417,-0.507749866381608,1.2664907651715,-1.06666666666666,1.5748031496063,0.729546638874417,0.775594622543943,2.76520864756159,1.16770186335403,1.10565110565111,-1.95390781563127,-1.26839167935058,2.32903865213082,-0.548081714000994,0.986679822397629,2.14820178614531,0.979923518164445,0.333492139113848,-0.913461538461528,-0.192678227360304,-0.289855072463779,1.61596958174905,2.18503021850303,-0.046511627906984,1.05844454670962,-0.508788159111931,1.0752688172043,-3.08962264150944,-1.67865707434052,2.38764044943819,-0.564971751412434,-0.71123755334281,-1.12682809877727,-0.385078219013246,0.144196106705124,-1.09329446064141,-0.734214390602049,0.0244678248103695,-0.0489596083231237
0,0,0,-0.444773906597479,0.0493949123240383,-1.70811353931173,-0.327620967741942,-1.06979113601631,1.87453136715821,-0.0500125031257715,-0.83207261724661,0.825206301575407,0.124875124875118,1.1358024691358,-2.92249047013977,-3.30795484379102,1.7032258064516,-0.649350649350649,0.439617274372903,-0.337311883757142,2.55372945638432,-2.01186484395149,0.513215293815745,-1.29971406290616,-2.45006657789614,-1.76151761517615,-2.78551532033426,4.39414114513981,1.46943059564419,1.70234717565129,-0.75363825363827,-2.72290443139348,0.266240681576149,-1.26718792127258,0.881881346873325,-5.17144463181564,-4.27901524032826,0.40863981319323,-0.913107511045641,2.27403569372481,-0.871080139372835,0.433651344319184,-1.16993272886811,3.44535441965546,0.365785030951048,-3.16400580551523,-0.967174677608457,-3.2375189107413,-1.44260282381829,4.42945145203874,2.62782062267922,-0.980674935102383,1.196922200057,-0.114122681883042,1.95804195804197,2.90602933188485,-0.108754758020661,-4.13363533408834,-0.141763538417911,-1.90696330540307,1.28351397604108,-1.00835494093921,-4.99092558983666,-0.486322188449859,-1.85758513931889
0,0,-0.155424308361819,2.63317191283292,2.24852071005917,1.11176126389702,-2.1213026590977,0.976331360946741,0.879765395894441,-0.977198697068399,-4.00369571912536,0.885225885225883,-0.398406374501978,-1.49300155520997,2.72314674735249,0.0,2.67962308598352,-0.236127508854777,-2.07893943959025,-1.77859552284575,3.11942959001782,2.46305418719212,2.07150964812714,2.81301709873137,-0.415397396842976,1.1767925561029,1.24324324324325,-0.680272108843537,-2.7972027972028,1.48801322678424,-0.276319425255599,0.303030303030301,-0.0551267916207167,0.247456695078351,-2.85633484162895,0.618324901630126,-1.0221465076661,-3.25417766051011,1.07308584686774,-3.29538645895744,3.10595065312047,-2.46876859012494,-0.930651456019199,4.58321397880262,1.52327221438648,1.69162506932889,-2.99914310197088,2.88488210818308,-0.445806631373632,1.59034823142308,0.761904761904765,1.84294871794871,-0.53705692803436,-1.22315846697473,-1.48965517241379,0.684931506849315,-0.773053561568197,-0.138236107271211,-0.138427464008871,2.06073752711498,-3.33426730176521,-0.450323670137902,-1.68860904407557,-1.07029216083308,-0.435793143521204
0,0,2.21774193548386,-1.34267367192061,2.44874715261959,0.538091192296813,-1.08789006584598,-1.83673469387756,0.0,1.77548682703323,3.08076602830974,2.33125508267823,0.45871559633028,-1.42309797482212,-1.92468619246861,1.5920944276695,2.38478027867096,0.691857370941985,2.0078226857888,-0.130548302872074,0.0,-0.922266139657429,-1.79721030042919,-1.63576881134133,-5.49324129997123,0.827153451226466,-1.59374094465374,-0.700320980449358,0.493612078977917,1.57187767933697,-3.61267397098016,2.28587962962963,-1.34897360703813,-1.36741973840666,3.66552119129439,-1.95620437956205,0.11665208515602,-2.54186602870814,1.18203309692673,1.28354725787631,-1.21051077649839,-2.23362511319045,0.986252241482362,-0.269703326341035,0.35831591519858,-1.17824773413897,-0.0302206104563252,-2.03515263644774,2.23093156466687,2.81277468502784,-0.530191458026509,0.730994152046784,0.523560209424083,0.607111882046837,2.42595204513399,0.309336332958379,2.09251101321585,-3.44631159213899,0.791183950268441,-0.368689733408969,0.0,0.592049619396676,-0.367855121675143,-0.884955752212396,2.6674076132259
0,0,0,0,3.66449511400652,-1.76795580110497,-0.110619469026566,0.358225406448064,1.35906496330525,1.12872883633432,3.47600518806744,2.20700152207003,1.45,-1.39416983523447,1.12781954887217,0.399400898652031,0.91516200840959,-0.572139303482579,-1.13207547169812,-0.913937547600912,-0.974109202768528,-0.308562612496779,-0.102960102960101,0.307929176289447,-0.438144329896912,1.6725798276736,-2.94808244195148,0.389812889812886,-0.917912404930486,0.0786163522012422,0.780031201248061,1.30869899923017,1.31678906052166,0.403530895334165,0.501882057716444,-1.76200204290093,-2.45944531658817,13.0770980213782,-0.894905920146858,2.80999107939341,3.92114848939361,-1.36837532580365,2.62267343485618,5.34534534534535,2.19306833757587,-2.92220878677953,-6.02564102564103,1.32827324478179,-5.87053571428572,3.55220667384285,-2.22271126760565,0.590680376285284,-3.29943502824859,0.673400673400667,-0.36044154088758,1.98719364098035,1.8847487001733,-0.173611111111107,1.76934555531869,-0.708458565908111,1.60540768905789,3.19018404907974,-0.86633663366337,-1.14750678072188,-0.714435805841556
0,0,0,-1.60462130937099,-0.6893580353296,1.04455340012789,2.59551495016611,0.124429697221075,-0.521159057744424,-1.20253164556962,0.399243538558531,0.895460224906288,-2.19195573526282,-0.363092695429307,2.41767403084618,2.81547498480859,-2.76852622814321,9.22146636432351,4.71732084983795,0.0,-0.890099909173482,0.0,-0.566313481914496,1.03055505333574,-3.98571159992481,2.47524752475248,5.39462272333044,-1.05170902716915,-1.42222222222222,3.03395966212722,-0.922059846903273,-0.366684127815599,-1.34489470890109,-1.96679898953446,-1.14984486220114,0.381818181818183,1.45135280415697,0.799857803057227,-1.24167716393737,-2.37656595431098,-1.38214419125888,0.833487682904247,-1.82949830252735,2.71559633027522,0.474799123447768,-0.71730733860585,-0.369208048735455,-1.93827625141137,-10.5471187851051,0.26970954356847,-2.03217612193057,-0.983326207781105,-0.775527789745798,-1.82057468743145,-1.28860253277051,0.332152347209917,1.50490730643403,2.88074560474476,1.68679716784674,1.17308088083968,0.266830870279137,3.96215257244234,2.94624067342645,-0.538565108674747,-0.560928433268857
0,0,-4.02631054414988,-0.0797925393975646,1.06571936056838,-0.795703202705388,2.21746741879011,0.15536997475239,-2.30478839658256,0.690607734806633,-2.23925761549324,2.65121759622938,-1.43426294820717,1.89564197772132,-0.372695174578276,-3.09403437815975,0.201816347124106,-3.40150250417361,0.125052105043758,7.48168145005785,-1.80604632901453,-3.85321100917431,-2.40083507306889,-8.39556460737724,-2.76744186046511,-7.5,10.0112485939258,-6.39061752034467,3.6661286603643,2.51741964486402,3.9300367091341,-0.324956672443687,1.05037513397642,-3.00287039081475,2.58120025812003,-2.22075637642921,3.19284802043423,-0.967117988394575,-2.46641708874698,-0.331418471056117,-2.98065984072809,2.91583830351226,0.0,-0.354688539126588,-1.16618075801748,2.1505376344086,2.91861951427354,1.32436409501787,-3.84195590482427,4.12306404353286,4.83967337183828,0.67260138476755,-0.857940941739824,0.791765637371349,-0.677560781187731,3.59269932756964,2.12485896953743,-7.8483066315149,2.79913266311846,-3.78477905073649,-2.47379454926625,-4.39921208141826,-2.6510896427769,-0.112460638776422,-9.80489009632008
0,0,0,4.05585106382978,-1.09791619986555,-0.427542754275438,-9.97277901509528,-1.15143929912389,0.720675944333994,8.29535095715588,-1.38632162661738,-7.95709653280119,2.07620908646799,-1.91685337316404,4.99053926206244,-1.29372304743651,5.15791865485116,-1.56935148857604,-1.02588015854511,-0.728041333959611,-2.40500240500241,-5.02652184895174,-4.7908946532557,-2.38482384823849,-0.737100737100726,0.0,-10.2649006622517,-9.09688013136289,1.32858068697343,3.50218886804253,-1.87957948391207,-4.52880452880453,-1.11111111111112,-1.50375939849623,-0.861771802826611,-2.54506892895017,-2.64876632801161,1.2893982808023,-3.637713437268,-1.2781954887218,2.34948604992657,0.329308452250274,5.72611245256985,1.36100714528752,-0.478632478632481,1.18243243243244,0.202292650033711,-0.0337268128161941,-3.81652661064426,2.75791624106232,-0.0681431005110718,-2.40753663642708,6.15586116568435,2.83168946866052,7.31347685048657,-2.10779885576632,0.568862275449095,-1.24280084874203,0.0908540278619053,-0.548112058465285,1.23308270676691,-2.49691738594329,0.976800976800978,1.35501355013551,-3.04064536146449
0,0,0,0,2.77777777777776,2.73127753303965,4.56838565022422,1.76211453744494,2.67952840300107,-0.674399784192069,-0.706329801684319,-0.821692686935098,2.56204963971177,-1.35244793075467,-1.81768107959239,-1.25488008923593,-2.48642469276936,1.32543711223914,0.727883538633813,0.722623679822118,-3.56937248128957,5.98105548037889,2.32619614062912,1.43303804064618,-4.35019032082654,3.81799163179917,-1.7291832934291,-2.20228384991844,0.701943844492435,-2.51868253528922,0.0553250345781356,-0.0553556601162359,0.959429824561388,2.69405174713258,4.45973496432212,-3.89197776012708,-0.452127659574473,2.69151138716356,-0.651211252930451,0.775394158697331,-1.15032679738562,1.72147995889004,3.59177607134009,0.883869383746623,-0.816831683168313,-1.7888636936256,2.55340044193469,2.23235717714834,0.311079205551573,-0.408457472369057,0.23969319271333,-0.968054211035814,3.48049521139921,0.302748020493702,-3.12199807877041,-1.75953079178885,0.413725967388663,-1.10728346456694,1.69327527818095,-1.00171023698999,0.0488400488400565,-1.26112759643918,0.246669955599412,1.14606193611314,-1.30928853754941
0,0,0,-3.03179689425683,-1.29837702871412,-5.0905274206245,-4.23960612691465,1.2692411558196,1.80323521612304,-4.25767210395355,-1.91603268526345,2.55354200988468,-2.41844769403824,3.00054555373703,-0.218698742482226,0.245432233433334,-0.218638972396825,2.86700292009556,-0.399786780383792,2.84826514759191,-0.363825363825365,-0.0780234070220911,-0.234619395203346,-0.65599580162687,-1.87115744453355,35.6331727460427,9.4139650872818,-6.31317315658657,-0.265824887855132,2.95066107707192,4.14219474497682,-2.0826759230041,-1.22983548953842,-2.18704096621511,0.114118030648843,1.22383252818035,1.56918687589159,1.32937128558022,0.234045872991115,1.17193523515804,-12.19723183391,3.95480225988701,-0.233177881412393,-0.805910006715912,-3.22357019064125,1.46857923497268,-1.2448132780083,-1.884798308966,0.368550368550358,-3.78870673952641,1.87667560321717,-0.883519653804547,0.858062209510184,1.0611956137248,2.1291327678726,-0.943561069369223,3.24598478444633,-2.69097222222222,4.9661771984821,-3.73096012322437,1.99597450519959,2.43822614956636,-19.4021101992966,8.47639484978541,-0.647948164146867
0,0,0,0.0900738605656587,-1.55506769118185,-0.9604728481714,0.0369276218611448,-2.65352539802881,0.34000755572346,1.1391223155929,-2.19465648854962,0.588123695693421,1.67879127028539,-2.89827255278311,-1.61888043690267,-3.01386377335744,-2.89435600578872,1.44661776691117,0.0,0.486618004866184,1.28102481985589,-2.98907441764585,1.32221318144833,0.927045546150748,-0.567490879610851,5.00577589526376,-0.83478936128907,-1.37768155874827,1.35895942535429,0.290360046457605,-0.466744457409558,3.9417149262096,1.63542815141492,0.1101321585903,0.547645125958387,0.182215743440236,-0.457624016108365,0.0731662703493674,-1.48505661778356,-0.578790141896929,-0.0934404784152575,1.0722869291921,-1.44411102775695,-0.0750750750750735,0.0937558597412285,2.2006235099945,0.836515730132753,4.26532033426183,-0.595446584938698,-0.812146892655369,-1.05263157894737,-0.556153570147103,0.836150151218642,3.21969696969697,-0.938477580813346,-0.156657963446469,0.777202072538853,0.39566488904181,1.54132791327913,-0.544959128065396,-4.37255599004621,-2.72046740916559,1.598993891484,0.411522633744863,0.974486180014169
