0,0,0,0,0,0,9.18803418803418,1.31787032156036,2.71794871794872,5.1556420233463,7.59550561797753,-0.701516180131257,-9.11111111111111,2.40963855421687,0.288322921672267,-1.04394270453994,0.746987951807234,11.7021276595745,1.30197396052078,3.30964467005077,-6.18801207416989,-10.1139601139601,-8.16640986132511,2.65000000000001,5.32544378698225,1.03068634340594,7.07444492816717,-2.22518914107699,-1.85856754306437,-5.67664670658682,-9.15032679738562,5.83456425406203,-2.83544303797468,-1.28205128205128,1.26582278481013,6.79565832940067,1.57919182535996,4.31111111111111,1.63934426229508,-10.560657322378,0.289156626506018,1.33143128863529,6.53333333333333,0.0,1.91804707933741,0.260869565217386,-3.95480225988701,3.40537000654879,-4.11363636363637,-4.14201183431953,-8.16692268305171,-11.9839449541284,0.342857142857136,2.0979020979021,-6.71641791044776,0.356930398572271,-0.930651456019199,-5.74603174603175,1.37758296806513,8.58614768174012,0.427472214306086,-3.97037037037038,-6.2992125984252,-1.17909496494583,4.73588342440801
0,0,0,-12.2292103424179,-2.43378668575519,-23.5190097259063,-5.799812909261,5.4818744473917,-6.44705882352942,-4.93827160493827,-0.646123260437371,12.9757785467128,1.61702127659574,5.54662379421221,0.71827613727055,-0.481154771451473,3.8550501156515,-1.96540880503145,-10.0346020761246,-2.75555555555556,-0.267379679144379,0.79575596816976,-2.53853127833183,4.08695652173914,8.0,5.87349397590361,-0.226415094339618,-2.67338240991864,-1.69424743892829,-2.29746070133011,-3.89447236180904,-3.82608695652173,0.260190806591495,-0.260869565217386,0.260190806591495,-2.76292335115863,-7.4712643678161,0.0,-5.03018108651912,0.600000000000005,2.4390243902439,-2.80842527582748,-14.3348623853211,-20.2758620689655,17.2374429223744,2.66666666666667,4.30622009569377,1.00000000000001,-6.26398210290828,5.29661016949153,-7.51708428246014,-1.44425187752744,0.745412844036712,-10.7301587301587,0.81863979848867,2.27692307692307,-3.17460317460317,-28.5714285714286,-5.96885813148788,8.39936608557844,0.0,4.75471698113208,7.85813630041725,1.64158686730505,-15.2088258471237
0,0,0,0,-7.70909090909091,-25.0,-22.2222222222222,1.3157894736842,-6.54205607476634,0.0,4.88888888888888,1.3157894736842,17.9856115107914,4.30292598967298,-5.63636363636363,0.0,8.56192851205319,9.20754716981133,-9.86733001658374,8.98113207547169,16.5617128463476,-2.45161290322581,0.0,-6.01915184678523,0.881355932203395,-2.57301808066759,2.90344361917623,-3.92982456140351,-1.78571428571429,-2.26442658875092,-4.34451219512195,-0.459418070444094,-9.38023450586266,-2.75387263339071,-6.4102564102564,-5.91658583899126,-6.06995884773662,-6.57894736842107,11.5421920465568,6.78119349005425,-4.73484848484848,1.76744186046511,-8.80566801619432,-4.00000000000001,6.77134445534838,1.83044315992294,-5.06072874493927,-1.33333333333334,0.0,-11.4285714285714,4.05701754385964,-2.70270270270268,1.98675496688741,-1.00334448160535,5.57894736842105,-0.635593220338988,-12.6491646778043,-4.75000000000001,7.19257540603247,-6.94789081885854,14.6186440677966,-6.30630630630629,-3.85964912280702,1.61104718066742,-7.01970443349754
0,0,0,-3.125,5.88235294117647,-2.28640192539109,-0.605326876513326,10.7027027027027,3.74609781477627,0.207684319833867,8.72037914691943,-8.20512820512821,16.8088737201365,2.89975144987572,-0.751252086811351,-3.72294372294372,-1.31578947368421,5.62913907284768,0.0,0.576131687242801,11.3138686131387,-5.14198004604758,8.56140350877193,-4.39560439560439,5.20833333333333,-1.05263157894737,3.58592692828146,1.26920507682032,-0.200803212851413,6.44959298685035,-7.90540540540541,0.0,-1.71821305841924,10.7361963190184,-1.24223602484472,0.0,-1.00376411543289,-2.83870967741935,0.641025641025639,2.5,-1.3299556681444,-2.79947916666667,-1.2524719841793,-1.13333333333333,2.66060999351071,-2.52827677977379,12.4125874125874,-0.822561692126913,0.117370892018777,1.6733987305251,-2.54437869822485,0.588235294117655,-0.058858151854041,-0.0588928150765489,-6.05871330418488,0.249221183800618,0.987045033929674,1.75757575757575,-5.83707504810776,6.25375826819001,-1.58827122785582,-0.0611246943765377,3.25251330573625,10.8592514496573,-13.5248354278875
0,0,0,0,0,0,0,0,-0.351906158357764,-5.44217687074829,4.65801886792452,-5.27622594661702,-3.86847195357833,3.0625,0.373599003735982,2.01342281879196,1.79748352306771,10.1238556812062,-2.48344370860927,2.73752012882447,2.7154046997389,-2.3516835916622,-0.916936353829567,0.322580645161303,-9.41176470588236,-0.770598695909893,-0.836820083682012,2.73255813953488,-0.291545189504377,0.34863451481698,-3.67469879518072,-4.6658259773014,-0.126262626262624,1.85873605947956,1.28440366972478,1.97841726618704,-1.58343483556637,0.785498489425976,-1.90886699507391,-0.308832612723886,-4.11575562700965,1.26984126984127,3.13653136531366,4.85664131070801,-3.26283987915407,0.120700060350028,-0.60716454159078,1.02163461538463,0.834326579261028,-3.96530359355638,-2.80254777070065,1.875,-5.26315789473685,-1.26582278481012,-27.4193548387097,2.32172470978442,-8.16143497757848,0.446428571428562,-0.628930817610049,-5.19848771266541,1.85528756957328,-1.79414542020774,1.48837209302326,6.195462478185,-1.95729537366549
0,0,3.9655172413793,3.25271059216014,-2.91845493562232,-1.30434782608696,-0.349040139616048,4.49999999999999,4.0,-2.54306808859722,1.21555915721232,3.59375000000001,-7.29253981559096,-3.46921075455334,4.7107438016529,4.12044374009508,-2.60162601626015,2.76679841897233,1.55642023346303,0.541795665634677,-0.544747081712065,-1.18110236220473,5.22388059701493,0.593471810089021,1.96363636363636,-1.4760147601476,0.73260073260073,-0.663716814159291,-3.90804597701149,0.381679389312969,5.82314881380302,8.48684210526315,-2.01342281879194,-5.59886605244508,5.93333333333334,1.5748031496063,-2.97297297297297,-0.338983050847462,1.60106737825217,0.398671096345518,-0.199733688415454,-1.07671601615074,4.31423052157115,2.01892744479495,-2.72197018794556,1.08974358974359,0.0,0.82644628099174,0.190355329949235,-2.33766233766233,-1.18265440210249,-0.395778364116098,3.62364907819453,3.73317013463892,2.50596658711218,2.04558737580361,-0.058479532163731,-8.22784810126583,2.16718266253869,-2.86624203821656,-1.29032258064516,1.14795918367347,3.50769230769231,2.22623345367028,-5.12333965844403
0,0,0,0,0,0,0,1.70562223626026,-0.507936507936508,4.54545454545455,-5.02864417568427,-0.705128205128213,-5.05050505050505,-0.883152173913037,0.808625336927218,-13.8910207214121,-1.55884645362431,-3.46774193548387,0.0,1.19521912350598,7.31166912850811,-4.07378939277478,-0.852713178294569,0.769230769230766,-3.58565737051792,-2.44897959183674,-1.74418604651164,0.165837479270326,-5.88235294117647,-0.707338638373122,1.56657963446475,-1.68141592920354,8.13008130081301,1.83559457302473,-9.2414995640802,1.88195038494439,-3.91111111111111,4.90278951817413,-3.7719298245614,1.2987012987013,-4.52488687782805,3.49344978165938,-1.77777777777777,0.442477876106201,-2.82074613284805,1.78731009830205,0.533333333333338,8.01308258381031,-9.58781362007169,7.38589211618258,2.03252032520325,-2.75689223057644,2.99837925445704,2.29612034837689,-0.238095238095247,2.32558139534884,6.18181818181818,0.0,5.0414364640884,-7.10059171597634,-0.970873786407759,3.59971202303816,-5.14761544284633,4.20594633792602,-3.2185628742515
0,0,-0.0769230769230753,-13.3391455972101,-1.86500888099468,-0.986547085201789,-6.19047619047619,11.690496215307,-15.2131782945736,3.55140186915887,-15.0537634408602,13.7291280148423,-1.98675496688741,1.21495327102803,-4.49218749999999,2.6615969581749,-2.13592233009708,1.43540669856458,-0.674373795761065,0.0962463907603444,-11.2419700214133,5.65656565656566,-2.69709543568464,-9.04977375565612,2.6431718061674,-1.90796857463524,-35.8231707317073,16.4331210191083,-24.0126382306477,2.61538461538461,1.96078431372549,15.9695817490494,5.16826923076924,-4.0,3.03030303030303,-1.60098522167489,0.123001230012319,-0.868486352357324,1.10429447852761,-6.67539267015708,3.8993710691824,-2.58064516129033,3.125,-3.2258064516129,-9.00140646976089,5.82781456953642,-2.02702702702702,-15.0855365474339,-1.25984251968504,-0.157728706624602,-4.10509031198686,0.490196078431377,-0.327868852459024,3.93700787401575,10.6891701828411,-1.13798008534851,-5.87349397590362,-7.09677419354838,4.17310664605873,-2.6984126984127,-2.77324632952692,4.51713395638629,8.80681818181818,6.50730411686587,-10.5726872246696
0,0,4.38871473354232,6.45161290322581,-4.12213740458016,-4.8,-5.57432432432433,1.33333333333333,0.826446280991733,-5.03472222222222,1.87393526405452,0.676818950930627,-10.2611940298507,-22.9357798165138,16.1538461538461,-11.1111111111111,7.8740157480315,-3.46232179226069,3.72549019607842,1.16279069767443,7.36086175942549,20.3147353361946,-26.8602540834846,-3.9622641509434,-5.36779324055665,8.21167883211679,-8.94632206759444,7.36648250460404,-6.05468749999999,0.967117988394581,-4.0241448692153,1.58415841584159,-1.60965794768612,0.600000000000005,-0.806451612903226,-2.26804123711341,1.02040816326532,-2.08333333333334,-2.12765957446808,2.69151138716356,-2.11416490486257,-2.15982721382291,3.74220374220374,2.63157894736844,-3.78151260504203,1.85567010309278,-2.10526315789473,5.0,-2.6694045174538,2.20883534136547,-3.75000000000001,-1.05263157894736,3.06122448979593,-8.40707964601772,-6.60377358490565,5.98669623059866,-4.39814814814814,-12.2077922077922,3.50877192982456,-1.0126582278481,1.49625935162094,-1.00755667506296,0.25125628140703,19.5959595959596,-16.4705882352941
0,0,-6.73854447439353,-21.6393442622951,0.651465798045603,0.324675324675332,-1.98675496688742,4.12698412698412,1.56250000000001,4.4776119402985,7.20221606648199,1.36612021857924,8.04020100502512,-6.41711229946523,12.0,-6.25,-2.82776349614396,-9.5774647887324,-4.41176470588235,5.02793296089386,29.2490118577075,-0.396825396825388,-2.0242914979757,0.202020202020198,6.07210626185957,2.58780036968578,7.83645655877342,-1.38169257340242,1.86440677966102,1.66666666666666,5.2132701421801,5.38116591928252,11.1553784860558,-1.20967741935484,0.13422818791946,0.666666666666664,3.96927016645326,-4.27236315086782,0.133333333333331,0.0,-3.30578512396694,10.3703703703704,10.5960264900662,-6.58823529411765,-2.04081632653061,-7.0694087403599,-1.1703511053316,3.875,-0.882723833543509,-1.01910828025478,0.883838383838387,3.64963503649636,-4.84693877551021,2.0,-0.628930817610061,-1.53256704980843,0.254777070063689,-1.29032258064516,0.0,-2.51322751322752,-3.41997264021888,-2.95774647887324,-0.282485875706209,11.5,-5.26315789473685
0,0,0,0,0,0.80428954423592,-2.75482093663912,-0.833333333333328,1.5047879616963,4.69361147327249,-0.261437908496726,3.04182509505703,0.126582278481021,-1.80412371134021,-1.30548302872062,1.54241645244216,-3.73333333333334,0.398406374501995,-5.6100981767181,-5.78635014836795,-4.3343653250774,0.920245398773,4.53879941434847,-5.72755417956656,-5.38336052202284,-2.68006700167504,-3.82608695652173,0.346620450606578,-2.85204991087343,-4.85981308411216,0.0,-0.943396226415091,2.39410681399631,3.38078291814947,-0.178253119429586,-2.37226277372263,-1.85873605947956,0.920810313075503,-0.929368029739774,4.09982174688058,-2.74725274725275,4.87804878048781,0.519930675909868,3.67278797996662,-4.72027972027973,2.05479452054795,-4.09982174688056,-3.31491712707183,-3.03605313092979,-1.15163147792706,-0.773694390715668,10.7081174438687,-2.65957446808511,9.61538461538462,8.10014727540501,-5.43478260869565,2.71903323262839,0.451127819548876,-6.40000000000001,-2.29132569558101,2.55183413078149,5.71428571428573,-3.10077519379845,3.00751879699248,1.04166666666666
0,0,0,2.20994475138122,-2.4045261669024,0.841514726507709,5.43766578249337,-5.89887640449438,5.57029177718833,0.789473684210521,-1.74029451137885,-0.673854447439351,-3.63128491620111,1.91780821917808,1.35135135135136,1.33333333333333,5.89711417816813,-3.37224383916991,-0.390625000000003,5.06798516687268,1.93939393939394,3.05522914218566,1.16144018583043,0.0,6.61605206073754,-8.72641509433963,-1.80072028811525,-7.48387096774194,-1.43979057591623,3.29113924050634,-0.381194409148669,1.37844611528822,0.249999999999995,-4.16666666666667,-5.63961485557084,3.83597883597884,1.04712041884817,3.29113924050634,2.10656753407683,-0.498132004981332,0.0,0.741656365883813,-0.247831474597269,-1.63727959697733,-9.06593406593407,1.88679245283018,10.2781136638452,-7.96344647519582,4.25,-4.84927916120577,13.0979498861048,6.39658848614074,-6.59090909090909,-1.14942528735634,-5.19951632406288,-2.73291925465837,-10.2739726027397,-2.67229254571026,2.86885245901639,-1.2448132780083,-0.556328233657859,-0.278940027894009,-0.702247191011233,-3.63901018922853,8.27770360480641
0,0,-3.22147651006712,4.11840411840411,11.2,2.56124721603564,-0.559910414333715,0.556792873051233,1.53508771929823,-4.22857142857142,-2.21962616822429,-4.77356181150551,2.85374554102259,-5.38847117794486,2.91970802919708,-1.60692212608159,6.14849187935034,-3.60576923076922,3.81502890173411,-4.3425814234017,-0.729040097205331,0.242424242424237,-7.28218465539661,-1.8543046357616,-5.00695410292071,-5.58002936857564,-7.41324921135646,-3.08943089430894,2.53565768621235,6.10119047619048,0.73855243722304,-0.594353640416035,4.40340909090909,4.6070460704607,0.135317997293637,4.52196382428941,-3.2,-4.31154381084839,0.0,0.553250345781467,2.16508795669823,1.46666666666667,-3.44827586206897,2.02702702702703,1.33333333333333,4.33673469387755,-5.23489932885906,6.75844806007509,1.35802469135802,-7.42705570291777,2.58397932816538,1.90114068441064,2.83251231527093,2.40384615384617,-0.604594921402669,-1.34803921568627,3.08788598574822,-6.98856416772554,2.2360248447205,-6.2005277044855,-1.20160213618157,-7.0,3.84615384615385,-1.9607843137255,5.92885375494071
0,0,0.0,2.0125786163522,0.0,-2.58064516129033,-0.129198966408266,0.896286811779762,2.00752823086575,1.84729064039408,-5.45454545454544,-1.71730515191545,-3.69863013698631,0.680272108843535,5.8898847631242,-7.57575757575757,-1.53846153846153,0.694444444444442,2.83400809716599,0.670241286863268,0.267379679144391,-1.35501355013551,0.67294751009421,3.63164721141375,-5.32786885245901,0.813008130081295,0.539083557951483,-1.50478796169631,-5.48340548340548,0.573888091822095,-0.287769784172656,1.27840909090909,-9.99999999999999,1.38674884437596,-6.04575163398693,3.3175355450237,-0.796178343949042,-2.44698205546493,8.64381520119225,-3.70942812982999,0.154320987654331,3.28358208955224,1.47058823529411,0.0,-1.04011887072807,-0.447761194029854,-3.07692307692308,-0.154083204930659,-3.50877192982457,-1.95121951219511,8.34575260804768,-2.91411042944786,-3.00157977883096,2.16383307573415,-0.46583850931676,3.44827586206896,0.891530460624079,-2.12443095599394,4.49275362318841,-1.47058823529413,0.874635568513127,2.97029702970297,0.841514726507709,-1.13475177304965,-0.714285714285712
0,0,0,0,5.67081604426003,2.2972972972973,2.11640211640211,1.30548302872063,0.648508430609596,-1.58102766798419,4.64824120603015,-0.12578616352201,1.60891089108911,1.46341463414633,-2.37203495630461,-4.02597402597402,4.7029702970297,0.246913580246908,-1.88679245283018,-5.85885486018642,2.84605433376456,2.39898989898989,-3.93700787401575,-3.95634379263302,-3.38504936530325,1.66435506241332,7.68245838668373,-1.69270833333333,4.71464019851118,0.370828182941896,-2.275600505689,1.125,3.84615384615385,3.03030303030303,-5.4054054054054,4.90654205607477,-4.64547677261615,3.76470588235294,2.85714285714286,1.24153498871331,3.90455531453363,-3.01675977653633,0.555555555555563,1.09890109890109,1.62162162162163,2.11640211640211,-4.99999999999999,-4.40835266821347,-5.37897310513447,0.848484848484852,6.25000000000001,-11.9592875318066,3.08261405672009,4.13711583924352,-1.43884892086332,-2.33128834355828,-1.875,0.249376558603486,-2.42656449553001,4.16156670746634,-2.50941028858219,7.64774044032446,0.804597701149408,-2.11267605633802,3.0716723549488
0,0,0,0,3.60551431601272,-4.3141592920354,0.659340659340665,-2.47747747747746,2.84463894967177,-3.51075877689695,-1.02974828375286,1.46561443066515,3.79609544468548,4.6535677352637,-5.91456736035048,4.3979057591623,1.84994861253854,-0.724637681159423,3.2064128256513,2.34833659491194,-2.92044310171199,-0.812182741116752,-8.36083608360836,6.86475409836066,1.01419878296146,1.40000000000001,-2.88065843621398,-2.63991552270327,-2.15749730312838,1.80084745762712,-1.39634801288936,-1.97152245345016,-1.33185349611544,-1.69300225733635,1.99115044247787,0.110497237569078,-0.332594235033272,1.42076502732241,-0.660066006600666,2.25806451612904,0.641025641025627,-2.07197382769901,0.434310532030412,-2.56124721603564,1.75054704595186,-1.21816168327798,0.220994475138136,0.658616904500535,-1.33481646273637,-8.31325301204819,0.954653937947495,1.29564193168433,0.117647058823527,3.18906605922551,-1.50289017341039,-0.933488914819137,2.39179954441912,-1.03567318757192,7.05882352941177,1.99161425576519,3.83064516129033,-4.42105263157895,5.4726368159204,0.396432111000983,-6.54699049630411
0,0,-4.76706392199349,-2.55555555555556,-6.88836104513064,0.236966824644545,-2.42718446601941,-0.610500610500619,-0.738007380073785,-1.11940298507465,-2.94494238156209,-3.30687830687831,6.89655172413793,-9.28667563930013,4.74358974358974,-6.41200545702592,-0.825309491059154,5.58441558441559,2.28426395939086,1.00502512562814,-0.505050505050506,-3.52941176470588,-5.51724137931035,1.09140518417463,-2.37430167597765,-9.14634146341464,-7.18954248366012,10.0,-0.147275405007361,-0.592592592592593,-3.05343511450382,8.64714086471409,2.84552845528455,8.32298136645964,-6.6225165562914,5.625,-3.49288486416558,-5.31335149863761,3.6745406824147,-3.53260869565217,5.03225806451612,-8.39160839160839,8.33333333333333,2.98507462686566,-0.249376558603486,-2.0356234096692,1.13207547169811,-2.58064516129033,3.125,2.20048899755501,3.19526627218934,-1.31894484412469,-0.846432889963728,5.70125427594071,0.791855203619913,0.112994350282483,2.10176991150442,-9.97566909975667,-0.858895705521476,-1.24223602484472,-3.60360360360362,4.3103448275862,0.368098159509216,-1.1166253101737,6.27906976744185
0,0,-1.61290322580646,4.61538461538461,-7.43801652892561,-1.43712574850301,4.02298850574712,-3.20284697508896,-3.05623471882641,-1.363073110285,1.94410692588092,1.67264038231779,2.56111757857975,-0.116550116550114,0.0,-2.50896057347671,2.21962616822431,3.82022471910112,0.0,-1.59817351598174,1.57303370786517,-0.451467268623035,-3.14318975552968,2.38636363636365,1.23456790123456,-0.224971878515181,0.447928331466956,-0.112107623318383,0.55741360089187,0.333333333333326,1.3157894736842,1.40540540540541,-3.58342665173573,1.21681415929203,-4.02761795166858,-1.8757327080891,3.06818181818183,0.0,-0.57142857142858,-0.69044879171462,0.458190148911809,2.67558528428094,-2.63157894736843,1.46561443066515,-2.90023201856149,3.36322869955158,-2.52873563218392,2.79329608938548,0.334075723830748,-0.67264573991032,1.65380374862183,2.4731182795699,1.16896918172157,-1.72972972972973,0.963597430406851,-0.538213132400438,1.17021276595746,0.948366701791358,0.315126050420161,0.314136125654462,1.95071868583162,-1.24740124740126,-0.944386149003146,-0.315789473684204,-3.2608695652174
0,0,0,0,0,-2.32558139534885,0.578034682080933,-0.464576074332183,-0.349650349650342,-2.26460071513706,4.11428571428571,-1.0392609699769,-0.231481481481477,0.230946882217085,-7.17821782178218,-1.0,-1.91082802547771,-1.29032258064516,0.768245838668369,2.375,-1.1378002528445,-3.26370757180157,1.28865979381443,3.0,-3.2258064516129,-2.10803689064559,5.59701492537313,-4.14507772020725,-1.04712041884817,-8.21529745042493,-1.4367816091954,2.65734265734266,-2.58249641319944,-0.287769784172656,0.714285714285712,0.426742532005693,0.706214689265534,-3.05676855895196,1.85714285714286,1.40845070422535,4.05405405405406,-4.07876230661041,0.0,0.0,-1.86246418338109,-4.49101796407187,-5.69620253164556,-3.43698854337152,3.01587301587301,0.158478605388269,-0.158730158730155,7.07964601769912,-4.62962962962963,1.06870229007633,2.5297619047619,-1.05263157894736,3.90173410404624,1.14285714285714,0.284900284900279,3.57142857142858,-1.81818181818182,-8.16944024205749,4.47976878612716,-2.06489675516224,-1.19402985074627
0,0,-1.35338345864661,5.27065527065526,2.77008310249308,-0.417246175243385,-0.55944055944056,1.51515151515151,0.954979536152801,-1.66435506241332,-0.278164116828923,0.690607734806627,-0.555555555555556,-1.26582278481012,0.698324022346366,-0.42075736325386,0.972222222222226,-0.98176718092567,-0.706214689265534,-3.05676855895196,-0.291970802919715,0.868306801736621,-0.72886297376093,4.05594405594406,4.41176470588235,-0.402684563758393,1.71503957783641,5.01253132832081,-0.503778337531487,-1.53452685421995,-5.24899057873487,0.933333333333337,-2.88065843621399,0.81632653061224,0.0,-2.65363128491619,3.63391655450874,-0.269905533063422,-4.66101694915254,1.66666666666667,0.138696255201107,-2.70655270655271,2.63522884882109,-1.40646976090014,0.55944055944056,0.0,-0.280504908835911,-5.00736377025037,2.72206303724929,-0.721500721500732,3.61613351877609,1.775956284153,1.08108108108108,4.14507772020725,-3.76344086021505,4.49293966623876,0.890585241730284,-1.55038759689923,-3.06258322237018,-0.670241286863268,-2.19178082191781,1.35135135135136,-0.407055630936231,0.80753701211305,-2.90858725761773
0,0,-2.88858321870703,2.41610738255034,11.3095238095238,-3.70370370370371,0.491400491400503,2.86396181384248,-1.57575757575759,1.55131264916469,0.0,2.67131242740997,6.61605206073754,-1.99115044247789,-0.892857142857124,-1.47225368063421,2.86028602860286,-2.5959367945824,-0.112994350282483,0.112866817155754,3.06345733041577,0.652173913043464,-0.327153762268259,-3.03370786516853,-1.25142207053471,-2.44755244755244,-3.125,-1.21654501216545,0.844390832328088,-2.98136645962731,2.66021765417169,-0.853658536585369,-5.80645161290322,0.128865979381441,-1.30548302872062,0.0,0.390117035110536,-0.260756192959589,-0.261437908496726,-0.923482849604225,0.131752305665346,-1.47058823529411,0.266666666666661,4.94296577946768,-1.93798449612402,1.77664974619289,0.253164556962031,1.25,1.59901599015991,-0.494437577255883,-3.32056194125159,-3.57142857142858,-0.934579439252328,1.96335078534031,-1.59574468085107,-2.17391304347825,-2.93706293706294,2.4556616643929,0.407608695652177,0.94212651413189,0.402144772117966,-0.13422818791946,0.930851063829779,1.69934640522877,3.53089533417401
0,0,0,-5.67567567567567,-3.0640668523677,0.416088765603332,0.276625172890739,-2.991452991453,-0.862068965517236,4.26409903713892,2.67737617135208,-1.21951219512195,-1.37362637362637,0.817438692098087,-1.24137931034483,0.275103163686377,6.55526992287919,1.01781170483461,-2.07792207792208,-4.76190476190477,0.675675675675685,4.26908150064683,-1.97889182058048,3.80710659898477,0.253164556962031,7.05882352941176,3.73725934314836,-0.799086757990871,2.01342281879194,1.10619469026548,-0.78037904124859,-4.91228070175438,-2.76442307692308,-3.09789343246592,2.88808664259928,3.93063583815029,1.59271899886233,-2.92740046838408,-0.470588235294108,-1.91846522781775,-4.51127819548871,-1.39771283354511,2.5990099009901,0.737100737100743,-0.867410161090462,1.70523751522534,0.845410628019306,2.70270270270271,3.29545454545456,1.12359550561797,1.11111111111111,1.63934426229509,-1.66666666666667,0.11098779134295,1.42231947483589,-4.93685419058553,2.35426008968609,2.40700218818381,4.5929018789144,2.44399185336049,0.405679513184576,-1.96483971044467,-2.98189563365282,0.318471337579611,3.28542094455852
0,0,0,0,2.4,3.84615384615385,5.0228310502283,-0.366636113657187,-2.9245283018868,-2.81280310378273,3.01034807149577,-1.43129770992367,2.51162790697674,5.53602811950792,0.524475524475513,-1.32860938883968,-2.82331511839707,0.272479564032692,-0.090909090909089,0.0908265213442306,-2.22841225626741,0.0927643784786622,1.19156736938589,-0.552995391705074,-1.78236397748592,-1.04265402843601,-4.97512437810945,1.56709108716944,-0.39331366764996,-1.8018018018018,-2.672147995889,2.79720279720279,2.34146341463415,-0.195503421309869,-0.392541707556437,-3.45177664974619,2.76406712734453,2.59615384615384,2.71281571562207,2.72975432211102,-1.19705340699817,2.86225402504473,-0.179211469534046,0.446030330062451,-0.718778077268644,-0.815217391304363,2.73127753303965,-0.531443755535877,3.00687285223369,-0.344827586206905,-0.869565217391301,0.173611111111107,-0.173913043478257,2.37691001697792,0.590717299578062,-4.86725663716813,-0.266193433895307,-0.535236396074922,0.17809439002671,1.40474100087796,2.89855072463768,2.41264559068219,0.825082508250822,-0.91590341382181,-0.0833333333333316
0,0,0,-2.66094420600859,-1.12847222222223,-2.30905861456483,0.442086648983207,-9.48693126815102,1.99240986717267,3.39138405132906,-3.11909262759924,2.93577981651376,5.4640069384215,0.945017182130594,-4.48833034111311,-2.76752767527676,-2.07156308851225,0.187969924812043,0.931098696461822,0.185873605947951,-2.28136882129278,-1.74081237911025,2.72812793979305,3.62647325475973,1.69340463458112,-0.718132854578098,0.624442462087424,-3.12787488500462,-2.45051837888784,-6.31262525050099,-0.910010111223456,-1.22824974411465,-3.93617021276595,2.89256198347107,0.0,-2.54237288135593,2.68041237113402,1.72239108409321,2.27722772277228,2.22652468538239,-0.0968992248061995,4.8847926267281,1.80995475113123,0.718778077268644,-7.01923076923077,-0.970873786407763,1.62368672397326,2.42311276794035,-2.38549618320611,-5.11534603811434,-1.42421159715158,2.67326732673267,4.80678605089538,-6.41925777331995,-2.78350515463919,-0.622406639004136,1.83299389002036,0.203252032520321,0.606060606060611,0.999999999999996,-6.04453870625663,2.78350515463917,3.00000000000001,0.497512437810952,0.396432111000983
0,0,0,4.59433040078202,-2.50501002004008,-1.94075587334016,0.406917599186174,-0.101832993890018,-5.13918629550322,-3.31858407079647,-0.33296337402885,-1.69300225733635,4.31965442764579,-4.27927927927927,-2.65895953757226,3.99556048834628,2.80474649406688,-2.09251101321585,-3.41685649202734,2.00892857142859,-0.674157303370792,-2.77136258660508,2.47747747747748,2.20264317180616,-1.33928571428571,-1.93401592719001,-1.85399768250288,-8.55345911949686,-0.505689001264223,-4.49141347424042,2.94871794871794,3.3457249070632,4.04280618311534,-0.598086124401922,0.830367734282328,-2.55474452554743,-0.12180267965895,-2.11442786069654,1.59118727050185,0.487210718635821,2.02863961813842,6.99223085460598,5.75313807531381,1.74717368961973,0.307377049180321,1.71198388721047,-7.46753246753246,-2.55271920088791,0.989010989010987,0.546448087431702,1.50699677072119,-0.432432432432423,-0.108225108225106,-0.434782608695662,-1.09890109890109,-0.775193798449616,3.62860192102454,-0.969827586206895,-3.91937290033594,1.65198237885463,-0.88888888888889,0.552486187845312,-0.22148394241419,-3.67393800229619,-1.6336056009335
0,0,0,3.13588850174216,3.14960629921261,2.3076923076923,-0.775193798449616,0.331125827814582,0.657894736842091,5.59006211180125,1.62932790224033,1.50451354062187,-0.100401606425701,0.499500499500489,2.53164556962025,1.05973025048171,-1.07108081791627,-1.88492063492063,-1.40845070422536,0.300902708124385,-0.910931174089067,-1.22950819672132,-0.618556701030933,-3.8543897216274,-13.7637028014616,4.08878504672897,6.14035087719297,0.218818380743997,-2.69662921348315,-3.60884749708964,0.693641618497116,1.14285714285714,0.793650793650797,1.34228187919462,-1.36054421768707,4.75161987041036,-1.98237885462555,0.110011001100108,-1.22494432071269,-1.69875424688562,-5.11904761904762,3.33716915995396,-0.346420323325628,-0.464037122969848,0.461893764434191,2.36753100338218,1.88053097345133,-0.444444444444435,0.11098779134295,-0.222469410456058,0.66298342541437,0.0,-0.555555555555563,-1.69491525423729,1.77580466148724,1.74482006543075,-0.991189427312774,1.30434782608695,-1.09890109890109,0.109769484083422,1.40692640692642,0.323624595469249,-2.77161862527716,-0.222222222222217,4.96304118268216
0,0,0,0,0,-2.21052631578948,0.627615062761511,-0.104712041884815,3.14401622718051,1.79282868525896,0.594059405940599,-0.497512437810935,1.17994100294984,-2.62361251261352,-0.609137055837569,1.40140140140141,-0.705645161290325,0.401606425702821,-2.25872689938399,-0.619834710743807,0.308959835221433,1.3211382113821,-0.408163265306114,2.48756218905473,0.0,-0.399600399600409,1.5732546705998,2.30547550432277,1.04562737642585,1.6822429906542,3.51668169522093,-1.37111517367459,-1.48423005565863,4.26287744227354,0.177304964539003,0.441306266548991,0.439367311072062,-1.60714285714287,-0.448430493273533,-4.40074906367042,-8.42639593908629,2.08747514910538,-4.79166666666668,-4.12147505422992,-1.20746432491769,3.5978835978836,-2.38353196099674,0.965665236051501,-0.75675675675676,0.430570505920335,-3.68303571428569,1.43014301430142,4.81675392670158,-0.632244467860911,0.628272251308906,4.4044044044044,0.0999999999999979,1.47783251231527,-0.19743336623889,-0.496031746031753,-1.9211324570273,-1.85375901132852,-1.04058272632676,3.31991951710262,1.09452736318409
0,0,0,-1.29740518962077,5.29300567107751,3.73066424021838,-1.47737765466297,-1.30963517305894,2.10622710622711,-0.367647058823522,1.00090991810737,-1.94805194805196,-0.559701492537301,-0.751879699248121,3.3605812897366,-0.181983621474063,1.08010801080107,2.37258347978912,-2.33812949640289,-0.815956482320942,-2.70018621973928,-1.994301994302,3.03867403314917,0.0,7.96610169491526,-0.940975192472209,-0.775862068965516,-0.781928757602084,-5.6932966023875,5.63258232235701,-3.22003577817531,-0.902527075812271,-0.180831826401443,-1.65441176470588,-0.369003690036909,2.51798561151079,2.28471001757471,-0.441306266548991,-1.25111706881144,2.0997375328084,-0.351185250219483,-0.175901495162721,-2.61732851985559,-0.180831826401443,-0.454132606721169,-0.090909090909089,1.4336917562724,-3.91061452513966,1.1049723756906,0.640439158279966,-0.923361034164355,3.56188780053429,1.66374781085814,2.55972696245734,0.762066045723961,-1.19965724078835,-1.03896103896103,3.99002493765585,-1.34793597304128,-0.338123415046485,4.21052631578947,0.24232633279484,-3.16666666666667,0.826446280991733,1.70593013809911
0,0,0,-2.82776349614396,1.9327731092437,0.251466890192786,-4.10122164048865,0.950734658599822,1.44804088586031,0.0851063829787216,-1.64359861591695,-1.40350877192983,-0.79575596816976,3.25064157399486,-3.54295837023915,0.0884955752212528,-3.95584176632936,1.4505893019039,-9.53326713008937,0.690335305719924,0.0985221674876826,-4.74716202270383,-1.67890870933893,1.54958677685951,-0.310880829015537,6.76328502415458,-1.37120470127325,8.59444941808415,-6.38095238095238,-4.8951048951049,0.0,-1.2133468149646,2.36920039486673,-0.297029702970308,4.08357075023741,-0.28571428571428,1.03675777568331,2.03139427516159,5.41484716157205,0.174367916303412,-2.50223413762289,-2.19178082191781,2.0572450805009,-1.08499095840867,1.68888888888888,1.31578947368421,2.56410256410255,-0.688468158347677,-2.37885462555066,-1.70250896057347,-9.95073891625615,2.02702702702702,-0.290416263310739,1.33715377268386,-1.74927113702625,4.01119402985076,1.65137614678899,1.62454873646209,0.0901713255184832,-2.30627306273063,-0.55658627087199,0.736648250460406,-0.555555555555544,-1.9830028328612,3.02197802197802
0,0,-0.371402042711243,-0.842696629213482,4.21524663677131,0.0896057347670232,2.61780104712042,1.96749358426004,-0.343347639484971,2.10084033613445,0.584795321637429,-10.9360518999073,5.18453427065028,-4.40366972477065,-1.58434296365331,2.27686703096539,3.51493848857645,-1.24555160142349,-2.46125797629899,1.79051029543419,0.622775800711746,-1.5356820234869,-0.636363636363639,-5.87102983638113,1.42314990512333,-3.03030303030302,-6.34095634095635,-4.1125541125541,1.9108280254777,-3.85887541345093,0.220022002200215,0.109890109890108,0.21929824561403,-3.05084745762711,-0.912200684150514,-1.38728323699421,-5.61660561660563,-1.99252801992528,0.864197530864201,-1.63111668757842,3.27669902912622,5.28735632183907,1.91657271702367,-1.60366552119128,-7.380073800738,0.974421437271621,10.5664488017429,7.36629667003028,-11.9774011299435,-2.07612456747405,-0.813953488372096,3.15315315315317,-0.225733634311528,7.80437044745057,-1.2644889357218,-0.850159404888417,-3.17982456140352,0.977198697068422,0.324675324675318,0.215982721382285,-0.871459694989108,-2.79955207166853,-0.676437429537773,-2.78099652375433,1.25858123569793
0,0,0,0,0,-4.76190476190477,2.84697508896797,-1.81159420289856,0.956937799043063,2.79069767441861,-3.36538461538461,1.30486358244365,-4.72049689440992,0.862068965517223,-1.3732833957553,-6.6577896138482,-1.48648648648648,0.80428954423592,-8.9051094890511,1.43884892086332,4.6639231824417,2.8,-1.48849797023004,-0.956284153005456,1.74496644295302,-0.404312668463615,-6.30372492836675,-3.56083086053413,2.4602026049204,-2.06794682422453,-1.19581464872943,4.15472779369628,0.28571428571428,-3.7037037037037,0.147928994082837,-4.80620155038759,-3.03514376996806,-4.68227424749163,-3.28151986183075,6.00649350649351,2.22222222222222,2.32558139534884,4.01785714285714,-5.32915360501567,-0.314465408805025,-0.792393026941374,-1.44694533762058,-5.42372881355931,-1.3745704467354,-10.8571428571429,0.0,1.12994350282485,3.27868852459017,7.73109243697479,-7.78985507246378,5.96252129471892,-1.38169257340242,2.52525252525253,8.47457627118644,1.5174506828528,1.05105105105106,1.33333333333333,0.295420974889211,2.58992805755397,5.82655826558265
0,0,0.938337801608583,3.74193548387097,-0.911458333333337,-2.53671562082776,-4.46304044630405,3.88739946380697,-3.61111111111111,1.5047879616963,4.94148244473343,1.78799489144316,-4.81927710843374,4.71938775510204,-0.38412291933419,-4.41176470588234,3.6082474226804,1.02040816326531,1.13493064312736,0.376884422110556,-3.10880829015544,-1.4454664914586,4.51693851944792,-1.01394169835235,-0.12690355329949,-0.896286811779773,-13.1884057971014,-2.22222222222223,1.02639296187684,-1.7910447761194,-2.91858678955454,1.21396054628225,-1.54083204930662,-2.20472440944883,-1.59999999999999,-0.482315112540197,-2.13464696223317,2.56,-2.29132569558101,0.972447325769848,-0.162337662337659,1.75438596491227,0.79113924050634,-3.43698854337152,-0.825082508250837,1.62337662337663,5.23076923076923,-8.33333333333333,-3.80622837370242,-1.94003527336861,-5.1948051948052,3.23159784560145,1.41592920353982,3.91156462585033,-0.170357751277679,-0.170648464163819,1.1804384485666,-5.51601423487544,-2.74223034734918,-1.10905730129389,1.9927536231884,-5.74712643678161,-2.95857988165679,-1.40000000000001,-3.73443983402489
0,0,-0.625000000000005,-2.12765957446808,11.6541353383459,4.14414414414414,-0.361663652802886,-2.2181146025878,1.09689213893966,6.81431005110733,3.77049180327868,0.813008130081312,0.0,4.35458786936235,1.22887864823349,2.83582089552239,-1.51515151515152,1.04947526236882,-0.907715582450826,1.19581464872945,0.298062593144554,4.14285714285714,1.68539325842697,-1.71428571428572,1.54711673699016,-19.0954773869347,-6.79785330948121,3.78657487091222,6.89102564102565,1.4218009478673,4.52488687782805,2.21238938053098,-1.8018018018018,-3.09597523219815,-5.72831423895253,-0.991735537190091,-5.95446584938704,5.4635761589404,-5.5944055944056,-0.17513134851138,-3.06859205776173,5.13698630136986,-2.63620386643233,-0.53003533568905,4.06779661016949,-3.32749562171629,-1.24113475177305,6.31229235880398,-1.34680134680133,5.7142857142857,0.473933649289103,-1.11821086261981,2.03442879499217,5.05200594353641,-8.5483870967742,8.55457227138643,0.440528634361224,-6.24024960998439,-4.05844155844156,-2.66666666666667,2.9126213592233,1.43540669856459,-2.95566502463054,-0.164473684210523,-2.52951096121417
0,0,-5.6420233463035,-8.21052631578947,-11.2412177985949,-5.43209876543209,-11.878453038674,9.72568578553615,17.1487603305785,-4.08602150537633,-12.0481927710843,7.77777777777777,-2.73972602739726,7.98319327731092,-4.15754923413566,-1.55555555555556,-27.4787535410765,-1.72910662824206,-14.5214521452145,-0.664451827242525,-1.68918918918918,8.92307692307692,5.52325581395349,7.52688172043011,2.10526315789473,-11.7647058823529,2.01729106628243,0.573065902578797,-0.867052023121395,-2.67062314540059,-9.77198697068405,7.25075528700907,-8.52459016393443,-1.66666666666666,-0.671140939597316,-3.47222222222222,-6.2730627306273,-12.9166666666667,16.0839160839161,-9.16030534351144,13.5313531353135,1.94174757281554,-11.1510791366907,15.7575757575758,4.06976744186047,-2.99401197604791,5.6497175141243,4.32432432432433,-4.22535211267607,6.57894736842105,-1.87667560321715,24.6464646464647,-9.5132743362832,10.3174603174603,4.72589792060491,-3.5225048923679,0.195312499999996,-0.78740157480315,-2.83400809716599,-1.43737166324436,1.21703853955374,-5.793991416309,5.28455284552845,1.99203187250995,3.83141762452108
0,0,0,0,0,0.959692898272549,-5.67951318458418,4.64216634429401,-6.5979381443299,-2.10526315789473,3.06122448979593,-2.29645093945721,-4.1304347826087,2.74841437632137,-12.6190476190476,9.48275862068964,-3.57142857142855,-0.674157303370792,4.91452991452991,5.0709939148073,6.9811320754717,-7.07070707070706,-0.405679513184594,4.45736434108528,3.55140186915887,0.557620817843871,3.23741007194244,4.95726495726496,2.50000000000001,-9.28961748633879,0.723327305605787,0.180505415162451,-5.32319391634982,-5.83501006036217,-2.47422680412371,-1.4644351464435,-1.91897654584221,-1.7353579175705,4.35684647302904,-3.65591397849462,-5.20361990950227,-2.31481481481481,0.230946882217085,1.8140589569161,4.75161987041036,-6.9284064665127,0.230414746543774,-2.8436018957346,7.04845814977974,-1.56599552572708,8.9613034623218,-1.44628099173554,-4.08602150537633,5.10204081632653,1.01010101010101,-8.07860262008734,-0.43859649122808,8.06451612903227,-7.35930735930736,3.54906054279749,2.04498977505112,-5.38793103448276,-3.1111111111111,2.17391304347825,-1.09890109890109
0,0,0,-1.02880658436214,2.60521042084168,-5.94479830148621,3.28542094455852,4.3222003929273,-2.00400801603206,0.0,3.10679611650486,1.52963671128107,3.3271719038817,-6.49606299212599,3.23809523809524,-1.35135135135136,-3.80761523046091,-1.01214574898785,-3.34728033472804,1.0351966873706,3.2064128256513,-1.21703853955376,-1.44032921810698,1.0183299389002,-0.821355236139631,-6.33187772925764,0.217864923747272,4.17536534446764,-1.91489361702127,-6.09480812641085,-6.49038461538461,5.88235294117647,5.35331905781585,1.68421052631579,-1.71306209850107,-1.9650655021834,-2.00445434298441,-2.04545454545454,3.7199124726477,-1.33037694013305,15.8582089552239,3.42342342342341,-8.18713450292397,-2.6,1.76817288801571,-1.19284294234592,-1.00401606425702,-1.63265306122449,-0.823045267489713,-3.18471337579619,4.46247464503042,0.604838709677424,-2.05761316872427,0.409836065573762,1.01419878296146,-0.203252032520321,3.33988212180746,-2.62096774193548,-1.84804928131417,-0.205761316872424,2.60521042084168,1.18811881188118,-1.60965794768612,-2.05338809034907,0.612244897959189
0,0,-3.28227571115973,-1.1061946902655,-2.49433106575962,-0.227272727272722,0.452488687782796,0.674157303370792,0.890868596881961,3.44086021505377,1.48305084745761,0.840336134453782,1.03950103950104,-1.05042016806722,1.03950103950104,4.56349206349207,12.1951219512195,0.0,2.21465076660988,-0.859106529209619,1.35593220338983,-10.2803738317757,5.30973451327435,2.75387263339069,-3.19715808170515,-3.30275229357798,2.15439856373429,0.713012477718361,-4.08163265306124,4.09252669039147,1.40350877192983,-1.60427807486631,-0.178571428571441,-2.00364298724953,3.85288966725043,-0.883392226148407,0.527240773286472,-0.352733686067028,1.04712041884818,0.865051903114184,0.857632933104628,-2.1015761821366,0.174825174825171,4.0268456375839,2.45499181669395,0.0,2.23999999999999,0.318979266347681,1.72413793103449,0.931677018633548,-0.940438871473362,2.29709035222053,1.21028744326778,1.19581464872945,1.03550295857987,0.734214390602053,2.57510729613735,-2.04379562043796,-2.08643815201192,-6.33914421553091,2.62345679012347,0.307692307692301,-0.154083204930659,-1.72413793103449,-6.8676716917923
0,0,2.28384991843393,3.76766091051806,1.39318885448916,-0.780031201248047,1.38461538461538,-2.20125786163522,-2.25080385852091,1.42630744849445,-0.158730158730155,-0.799999999999997,2.79937791601866,-5.58292282430213,-2.18120805369127,0.666666666666667,-2.73972602739726,-0.863557858376508,-0.346620450606594,-8.25515947467166,6.65499124343257,6.08552631578948,4.251968503937,6.48011782032401,-4.62249614791987,3.27868852459016,1.3235294117647,3.54609929078014,1.53631284916202,0.417246175243397,0.138888888888886,0.138696255201107,3.73831775700935,2.60078023407022,-11.4492753623188,-4.07239819004526,1.19225037257824,1.46842878120411,0.583941605839417,-0.146198830409354,-3.01204819277109,2.92397660818714,1.44092219020174,0.857142857142852,-1.59651669085632,0.289435600578878,-0.290275761973882,3.23033707865169,0.835654596100273,0.416088765603332,5.75163398692811,1.03492884864166,-2.92942743009322,1.18421052631579,-3.54223433242507,-2.37099023709902,4.90716180371353,3.8265306122449,0.381194409148669,1.625,-1.52284263959391,-1.41570141570142,-2.64200792602377,-2.71370420624152,1.73333333333333
0,0,0,0,0,-0.271739130434777,-0.409276944065488,-0.273597811217517,-2.0949720670391,-1.27298444130127,1.25698324022346,-0.280112044817934,-5.30973451327433,4.50704225352112,-4.41176470588235,-4.45468509984639,-2.03761755485893,-0.314465408805025,4.93273542600897,4.01721664275465,-6.25,1.05580693815988,-0.759878419452885,1.34932533733133,0.149700598802392,-7.91599353796445,0.482315112540183,-1.9672131147541,4.98442367601247,-1.90476190476191,4.1095890410959,-0.305343511450389,1.05740181268883,1.19402985074627,0.149031296572277,0.592592592592593,-1.19940029985008,-2.14395099540581,0.0,-2.67295597484277,1.7001545595054,5.54744525547445,-1.33136094674556,0.441826215022095,0.439882697947218,2.01149425287356,-2.20264317180617,-7.92393026941363,-2.10355987055016,-0.980392156862739,5.26315789473684,-3.03030303030304,0.633914421553091,-0.31796502384737,-1.4516129032258,-6.16438356164384,-0.343642611683841,5.67260940032414,-1.48026315789473,-0.66225165562914,-0.499168053244597,0.166112956810628,-0.166389351081527,0.988467874794077,8.85885885885886
0,0,0,1.65165165165166,-1.6793893129771,-1.08024691358024,-2.53164556962026,-0.158478605388283,-0.798722044728432,1.26182965299685,-0.955414012738847,-4.14593698175788,-2.37691001697794,4.07166123778502,-1.82421227197346,-2.20338983050847,-0.169779286927006,-1.37693631669535,-2.2887323943662,3.07167235494882,0.677966101694916,-1.72413793103449,1.86125211505923,-1.54639175257732,-2.82685512367491,-9.47775628626693,-5.72597137014315,8.0827067669173,0.187617260787988,14.9920255183413,-2.11726384364821,-3.54131534569983,0.503355704697991,-0.675675675675676,-4.9645390070922,-8.04597701149425,-2.95857988165679,-0.396039603960405,0.0,-2.85132382892056,5.02901353965183,0.193050193050189,-5.93047034764826,4.11764705882353,7.94223826714802,-9.05511811023622,-5.61330561330562,-2.55863539445627,-2.40174672489084,3.57894736842105,1.24740124740124,-2.12314225053078,3.08641975308643,-3.40425531914894,0.0,-2.62008733624454,-19.2708333333333,-4.91803278688524,2.91777188328912,0.264550264550259,5.7356608478803,-3.8860103626943,-6.92520775623269,-4.03458213256483,-5.79268292682928
0,0,-4.41176470588235,5.02793296089386,2.18579234972678,-1.66666666666667,-4.34782608695652,4.69613259668508,-2.54957507082154,-2.02312138728323,-11.2540192926045,2.20125786163523,-0.95238095238096,-2.60586319218241,2.84810126582279,1.55763239875389,4.74777448071217,-4.3343653250774,-0.623052959501558,-4.22077922077922,1.28205128205128,2.803738317757,-1.26182965299685,2.76073619631901,-4.48717948717948,-0.970873786407775,5.21472392638037,-3.8216560509554,-4.31893687707642,-3.08219178082191,-1.38888888888889,0.689655172413794,-0.346020761245667,9.96884735202492,-7.71812080536913,4.48717948717949,-3.3112582781457,1.628664495114,-1.99335548172758,6.52173913043479,1.22699386503066,-5.16129032258064,-4.37710437710437,10.5421686746988,5.14285714285715,7.89473684210526,-6.44257703081232,4.54545454545456,0.0,0.795755968169756,3.8265306122449,2.24438902743142,-0.249999999999995,-1.78117048346056,1.75,4.98812351543943,1.40515222482435,-1.66666666666665,-4.47761194029852,3.59712230215828,-1.9559902200489,-2.25,-1.52284263959391,-0.510204081632654,1.25944584382872
0,0,2.92682926829268,-2.49999999999999,0.990099009900991,4.49172576832152,0.936768149882884,1.38568129330255,1.36674259681093,1.34831460674158,3.26086956521738,4.36590436590437,-4.33839479392623,2.94736842105262,-2.81385281385281,2.32558139534884,0.421052631578938,-2.81385281385281,-2.89532293986637,0.443458980044336,-0.894854586129755,-8.49514563106795,5.720823798627,2.45535714285715,-0.674157303370792,-2.06422018348624,-3.80952380952381,-1.44927536231885,7.79510022271716,0.443458980044336,-5.86854460093897,5.75221238938053,-2.96127562642369,6.99152542372882,24.2375601926164,-12.0503597122302,3.97236614853196,-1.75746924428822,0.871080139372819,1.54373927958833,-2.1015761821366,1.38169257340242,3.01507537688442,-1.01522842639593,-0.169491525423725,-0.511073253833054,1.01180438448566,-1.89003436426116,10.5990783410138,1.9578313253012,2.49632892804699,5.54785020804439,12.1802679658953,0.0,6.49202733485192,-0.803673938002279,4.0748898678414,-4.72895040369089,0.573394495412852,0.683371298405453,0.790960451977404,-1.60734787600458,-1.39697322467987,-4.62850182704018,3.41176470588234
0,0,0,0,2.38693467336684,2.8083028083028,-2.37499999999999,-0.882723833543509,-0.890585241730272,-1.41935483870968,-5.29891304347826,3.91644908616188,-1.59151193633952,-4.43213296398892,3.2171581769437,0.133868808567601,4.23076923076923,1.63934426229508,9.98864926220205,2.43632336655591,-4.75638051044084,0.576701268742799,6.37149028077754,3.13807531380754,1.0351966873706,1.02459016393442,1.61290322580645,0.501504513540629,-2.1516393442623,-0.930713547052739,2.1255060728745,2.08126858275519,-0.498007968127497,-3.61197110423116,2.0222446916077,8.08550185873605,-1.99052132701421,8.42013888888888,0.432152117545382,2.11505922165821,5.06024096385541,-5.24091293322062,3.74288039056142,-3.80067567567567,-0.76595744680851,-3.61552028218695,0.0,-0.531914893617026,0.26525198938993,-0.622775800711746,-0.357142857142865,-0.448430493273533,-1.91956124314443,-0.366972477064212,3.9647577092511,1.73160173160174,-3.77358490566038,1.06666666666666,3.59897172236504,-1.21422376409367,-0.874890638670163,3.29949238578681,-3.86643233743409,-0.441306266548991,1.22057541412381
0,0,0,2.28471001757471,-2.52252252252253,-0.909090909090906,0.811541929666365,-0.361990950226237,3.15512708150744,1.1265164644714,2.20338983050849,1.33779264214047,-2.66094420600859,-3.18866253321525,3.09012875536482,1.10356536502546,2.48344370860928,2.18623481781376,0.161681487469681,-0.0809061488673122,-0.815660685154973,-3.72250423011844,-2.16076058772688,-4.04676258992807,-3.82819794584499,2.19178082191779,0.635208711433759,-0.272975432211095,-1.29032258064517,0.641025641025644,0.27397260273972,0.454545454545461,1.34529147982063,4.37392795883362,0.256629597946958,-3.08641975308642,-3.65630712979891,-3.30500472143531,3.28767123287671,1.96956132497762,1.32508833922262,2.66552020636286,-4.21146953405018,-1.17860380779692,-1.28558310376491,-25.3164556962025,10.9631147540984,-2.84510010537407,-0.957446808510637,-3.0701754385965,-2.8184892897407,4.31499460625675,-0.433369447453945,0.965665236051501,0.320855614973255,-2.18579234972677,0.86673889490791,-3.01339285714285,-0.674157303370792,-1.83066361556064,2.88888888888889,0.990099009900989,0.655737704918038,-2.12053571428571,2.29007633587785
0,0,0.978260869565216,0.216919739696327,-1.09649122807019,-5.19031141868511,1.92307692307692,0.338218714768877,-1.83696900114809,2.02474690663667,-3.9766081871345,3.17100792751981,-3.27485380116958,1.72413793103447,-0.230414746543774,-7.55885997521685,-2.28136882129278,-3.81578947368421,1.93548387096775,-0.649350649350647,2.40811153358681,-3.54330708661417,0.522193211488251,-12.481644640235,-1.03857566765578,-13.0872483221477,15.2204836415363,-6.83890577507599,2.08333333333333,1.1764705882353,4.62833099579243,-4.54545454545454,-2.2488755622189,-7.92880258899677,-0.48780487804877,-5.85197934595526,7.33652312599681,0.15923566878982,-4.31893687707642,6.52173913043479,9.16784203102961,4.57604306864064,0.668449197860972,-4.46927374301676,-5.1395007342144,-0.590841949778435,8.51351351351352,-2.63522884882109,-2.85306704707561,0.142450142450139,4.35967302452316,-0.824175824175819,-3.11614730878188,-2.17076700434153,0.0,-7.29813664596273,-6.79933665008292,1.95121951219512,0.646203554119548,-2.48344370860928,-0.8347245409015,-8.90909090909091,2.99823633156966,-3.84615384615385,-11.6564417177914
0,0,0,3.18021201413427,5.03355704697986,-6.8100358422939,4.61538461538461,-3.9076376554174,0.705467372134039,-0.710479573712256,5.53691275167785,-7.38738738738739,5.45144804088587,-5.38599640933572,-1.82815356489946,8.68113522537563,19.489247311828,-2.1978021978022,0.546448087431694,6.27400768245838,-2.76315789473684,1.6817593790427,-67.3160173160173,-5.96330275229357,3.75275938189845,-6.3380281690141,-2.15827338129496,2.11267605633802,0.0,0.0,3.40136054421769,-3.52112676056339,0.234192037470721,-2.64423076923076,-0.240963855421682,-1.71568627450981,1.44927536231883,-0.242130750605322,-3.25,-1.26582278481012,4.35835351089588,0.241545893719802,10.1952277657267,-1.54185022026432,-7.83847980997625,-1.44578313253011,1.4251781472684,1.6355140186916,-0.705882352941182,4.49438202247191,-1.83066361556064,-4.29594272076372,-3.20197044334977,1.45631067961166,1.43540669856458,1.87793427230047,2.51716247139589,3.95604395604395,4.41176470588235,-2.58620689655173,6.45161290322581,-3.33333333333334,-1.05263157894736,-0.210970464135017,-1.71673819742489
0,0,0,0,3.44086021505377,2.92275574112734,0.415800415800407,1.23203285420946,5.0682261208577,-2.6,-0.806451612903226,-0.202020202020198,0.801603206412826,-0.604838709677424,0.800000000000001,-2.6694045174538,0.814663951120164,1.40562248995984,7.77777777777778,3.91459074733096,-6.03773584905661,0.375939849624069,5.67375886524822,6.00000000000001,4.91283676703644,2.47295208655333,-0.778816199376944,-4.56026058631922,-8.28924162257495,7.65472312703583,0.0,-3.19327731092436,-2.58620689655173,2.02702702702703,-2.42214532871972,-2.84697508896797,-1.26126126126127,3.64583333333333,0.173310225303289,3.67278797996662,-1.52542372881356,-3.87323943661973,-0.709219858156029,-0.714285714285715,-3.8961038961039,-3.65384615384614,0.952380952380949,4.19708029197081,-4.18250950570343,0.0,0.941619585687379,0.0,2.74725274725275,3.19148936170212,1.05263157894738,-5.16605166051661,4.070796460177,-2.9143897996357,0.902527075812271,5.46075085324232,-2.98769771528998,-2.33812949640289,-6.3097514340344,-0.965250965250979,0.575815738963536
0,0,0,-1.41129032258065,2.36220472440945,-2.21327967806842,-3.11203319502074,3.98406374501991,-0.803212851405605,-4.40251572327046,-2.14132762312633,1.68421052631579,-2.59179265658748,1.06837606837606,3.10559006211181,-0.625000000000005,-0.418410041840995,1.44329896907215,-0.831600831600832,-0.208333333333329,0.0,-1.69491525423729,-0.425531914893608,-2.62008733624454,-1.3274336283186,1.31004366812228,5.37190082644628,5.28375733855187,0.195312499999996,-0.392156862745107,-0.790513833992096,-1.40280561122243,-1.42276422764228,-4.90405117270788,-1.7353579175705,4.55486542443064,-4.54545454545454,-1.09409190371991,0.218340611353707,0.650759219088942,0.216450216450212,-0.653594771241836,0.863930885529158,-3.34821428571427,0.444444444444435,5.66037735849056,1.85185185185187,-1.25000000000001,4.0,-8.22510822510822,3.74999999999999,5.88235294117647,1.92307692307693,-0.775193798449613,-0.584795321637432,-0.391389432485315,1.9193857965451,-0.192307692307688,1.88679245283018,-1.92307692307692,1.14068441064638,5.05415162454874,-1.46520146520147,1.26582278481013,8.13953488372092
0,0,0,0.338409475465321,-1.37221269296741,-0.517241379310349,-0.694444444444445,1.03092783505155,1.85497470489038,1.00166944908181,0.332778702163054,0.661157024793389,2.41935483870968,-0.161550888529883,-0.324149108589959,-0.981996726677571,-3.7351443123939,1.66944908180301,2.91734197730956,3.59375000000001,0.77519379844961,-3.2,-3.64842454394693,-1.85810810810811,-6.0931899641577,-15.0515463917526,-5.89519650655021,-7.00934579439252,1.38248847926266,2.69058295964126,0.223713646532434,-1.59090909090908,0.900900900900902,-1.13895216400913,-0.2283105022831,-1.86046511627907,0.0,0.921658986175116,-1.16550116550116,0.232558139534879,0.232018561484914,1.82232346241458,4.35729847494554,-6.00461893764434,2.25733634311512,5.13918629550322,1.68421052631579,3.84615384615385,2.75590551181102,-2.83400809716599,1.78926441351888,1.56555772994129,0.583657587548626,1.9083969465649,3.3210332103321,-1.49812734082397,0.186915887850463,0.0,3.77697841726619,-2.20588235294116,-9.23694779116466,-8.4967320261438,6.51731160896131,-1.65631469979296,-1.68421052631579
