0,0,0,2.08333333333334,0.0,-17.0731707317073,0.0,4.65116279069768,-2.38095238095238,-7.69230769230768,0.0,0.0,-5.40540540540541,-8.8235294117647,2.85714285714284,-2.94117647058822,8.1081081081081,0.0,-5.71428571428572,5.40540540540541,-2.77777777777778,12.1951219512195,-5.12820512820512,7.14285714285714,4.54545454545455,2.22222222222222,0.0,-7.14285714285715,2.32558139534884,-7.49999999999999,-5.26315789473685,-11.7647058823529,5.55555555555555,-2.85714285714286,0.0,7.89473684210527,7.3170731707317,0.0,-7.89473684210526,0.0,0.0,0.0,-5.55555555555556,5.26315789473685,0.0,0.0,0.0,0.0,-5.55555555555556,0.0,2.70270270270271,-19.3548387096774,8.82352941176471,-6.25000000000001,0.0,5.88235294117648,0.0,-9.67741935483872,3.125,-3.22580645161291,8.82352941176471,0.0,-6.25000000000001,15.7894736842105,0.0
0,0,-2.70270270270271,5.12820512820513,-2.63157894736842,7.3170731707317,0.0,-5.12820512820512,0.0,2.5,-2.56410256410257,4.8780487804878,0.0,0.0,-2.49999999999999,-5.26315789473685,2.56410256410257,-2.63157894736842,0.0,0.0,0.0,0.0,2.56410256410257,-2.63157894736842,-5.55555555555556,-2.85714285714286,0.0,-9.37499999999999,0.0,0.0,5.88235294117648,0.0,0.0,0.0,-6.25000000000001,0.0,3.03030303030303,2.94117647058824,-6.25000000000001,-3.22580645161291,0.0,0.0,0.0,3.125,3.03030303030303,0.0,-3.125,0.0,0.0,0.0,3.03030303030303,0.0,0.0,0.0,2.94117647058824,-3.03030303030303,0.0,0.0,2.94117647058824,0.0,2.85714285714284,0.0,-2.94117647058822,2.85714285714284,-2.94117647058822
0,0,0.0,-3.03030303030303,5.7142857142857,0.0,0.0,0.0,2.77777777777778,-2.85714285714286,0.0,0.0,7.89473684210527,-2.70270270270271,2.63157894736842,2.56410256410257,0.0,7.14285714285714,2.32558139534884,2.27272727272727,0.0,-2.32558139534884,0.0,4.44444444444445,-4.65116279069768,-4.87804878048781,0.0,4.65116279069768,2.27272727272727,2.22222222222222,2.17391304347826,-2.22222222222222,0.0,0.0,-4.65116279069768,0.0,-2.38095238095238,0.0,-2.4390243902439,6.81818181818182,0.0,10.2040816326531,0.0,-4.25531914893617,2.08333333333334,0.0,2.04081632653061,3.92156862745098,-4.08163265306123,-6.52173913043478,-4.54545454545455,-2.32558139534884,2.27272727272727,0.0,15.3846153846154,-8.33333333333334,-2.12765957446809,-2.17391304347825,6.12244897959183,0.0,5.76923076923077,0.0,7.14285714285715,6.66666666666665,-5.26315789473685
0,0,0,0,3.38983050847458,-5.35714285714284,3.44827586206895,0.0,-1.75438596491228,1.72413793103448,3.33333333333334,-1.69491525423729,0.0,-1.72413793103448,0.0,0.0,0.0,-3.57142857142855,1.75438596491226,-3.63636363636362,-5.76923076923077,3.70370370370371,0.0,-3.84615384615385,-6.12244897959184,-11.3636363636364,6.38297872340425,2.08333333333334,4.0,-8.69565217391304,2.12765957446808,-2.17391304347825,-15.0,-5.26315789473685,0.0,-2.70270270270271,-5.71428571428572,-2.94117647058822,10.5263157894737,7.3170731707317,6.81818181818182,-2.32558139534884,0.0,2.27272727272727,-2.32558139534884,2.27272727272727,-4.76190476190477,0.0,-2.4390243902439,0.0,0.0,2.38095238095238,6.66666666666667,-4.65116279069768,-2.38095238095238,-2.4390243902439,0.0,0.0,-7.89473684210526,-5.55555555555556,0.0,0.0,-2.85714285714286,7.89473684210527,2.56410256410257
0,0,0,0.0,0.0,0.0,0.0,2.56410256410257,2.5,0.0,2.43902439024389,-2.49999999999999,2.43902439024389,0.0,8.8888888888889,0.0,0.0,-9.75609756097562,8.8888888888889,4.25531914893616,-2.17391304347825,0.0,11.5384615384615,-4.0,0.0,0.0,0.0,-4.16666666666667,0.0,4.0,-4.16666666666667,2.04081632653061,-2.08333333333334,5.88235294117648,3.77358490566038,1.85185185185185,0.0,-3.84615384615385,-4.0,0.0,0.0,1.96078431372549,1.92307692307692,-1.96078431372549,5.55555555555556,5.26315789473683,-5.55555555555554,0.0,-1.88679245283019,0.0,3.63636363636364,-3.77358490566038,-1.92307692307692,0.0,5.45454545454546,-1.85185185185185,0.0,0.0,-1.88679245283019,-1.92307692307692,-4.0,3.84615384615385,0.0,-1.96078431372549,1.92307692307692
0,0,0.0,0.0,1.92307692307692,-4.0,0.0,0.0,3.84615384615385,-6.12244897959184,-4.25531914893617,-11.9047619047619,8.69565217391305,-6.97674418604652,-4.87804878048781,4.65116279069768,-2.38095238095238,2.32558139534884,2.27272727272727,2.22222222222222,-4.65116279069768,4.44444444444445,6.24999999999999,7.6923076923077,-6.12244897959184,-2.08333333333334,0.0,0.0,-2.12765957446809,2.08333333333334,-2.12765957446809,2.08333333333334,-2.12765957446809,2.08333333333334,-4.34782608695651,0.0,0.0,-2.22222222222222,-4.65116279069768,2.27272727272727,0.0,2.22222222222222,2.17391304347826,0.0,6.12244897959183,9.25925925925927,-3.84615384615385,0.0,0.0,-8.33333333333334,0.0,-2.12765957446809,0.0,-4.44444444444444,0.0,2.17391304347826,0.0,-2.22222222222222,4.25531914893616,-4.44444444444444,0.0,0.0,0.0,0.0,0.0
0,0,0.0,6.12244897959183,2.0,1.96078431372549,-2.0,3.84615384615385,5.45454545454546,1.78571428571429,5.08474576271185,-7.27272727272726,-10.0,-6.38297872340426,-2.17391304347825,2.12765957446808,2.08333333333334,0.0,-2.12765957446809,2.08333333333334,-6.66666666666666,4.25531914893616,0.0,-2.17391304347825,0.0,-6.97674418604652,2.27272727272727,-4.76190476190477,-10.5263157894737,9.52380952380952,-2.4390243902439,0.0,0.0,-10.8108108108108,2.63157894736842,0.0,0.0,0.0,0.0,0.0,0.0,11.6279069767442,0.0,0.0,-2.38095238095238,-4.99999999999999,2.43902439024389,0.0,0.0,-5.12820512820512,-14.7058823529412,0.0,5.55555555555555,-2.85714285714286,2.77777777777778,-2.85714285714286,2.77777777777778,0.0,-2.85714285714286,5.40540540540541,2.63157894736842,0.0,-5.55555555555556,5.26315789473685,0.0
0,0,0,0.0,0.0,0.0,2.38095238095238,4.54545454545455,-2.32558139534884,0.0,-2.38095238095238,-7.69230769230768,4.8780487804878,0.0,-5.12820512820512,4.8780487804878,0.0,-7.89473684210526,0.0,5.0,-2.56410256410257,2.5,-2.56410256410257,-2.63157894736842,0.0,0.0,0.0,0.0,-5.55555555555556,5.26315789473685,-5.55555555555556,0.0,2.70270270270271,2.63157894736842,-2.70270270270271,-2.77777777777778,2.70270270270271,2.63157894736842,-5.55555555555556,-2.85714285714286,7.89473684210527,0.0,-2.70270270270271,-5.71428571428572,2.77777777777778,-5.88235294117646,0.0,0.0,0.0,0.0,0.0,5.55555555555555,-2.85714285714286,2.77777777777778,-2.85714285714286,-2.94117647058822,5.55555555555555,-5.88235294117646,-3.03030303030303,2.94117647058824,0.0,-9.67741935483872,0.0,8.82352941176471,-6.25000000000001
0,0,0,0,5.88235294117648,0.0,-6.25000000000001,3.03030303030303,-3.125,0.0,-6.66666666666667,6.25000000000001,-3.22580645161291,-3.33333333333334,-7.14285714285713,3.44827586206895,-3.57142857142855,0.0,0.0,3.44827586206895,-3.57142857142855,-3.70370370370371,3.57142857142857,3.44827586206895,0.0,-3.57142857142855,-3.70370370370371,6.89655172413792,0.0,-7.40740740740739,3.57142857142857,-3.70370370370371,0.0,0.0,6.89655172413792,0.0,-7.40740740740739,0.0,0.0,-3.84615384615385,3.70370370370371,-12.5,4.0,-4.16666666666667,-4.34782608695651,-4.54545454545455,0.0,4.34782608695653,8.0,-8.69565217391304,11.5384615384615,3.70370370370371,-3.84615384615385,0.0,-4.0,-4.16666666666667,4.0,0.0,0.0,0.0,7.40740740740741,-8.00000000000001,3.84615384615385,3.70370370370371,0.0
0,0,3.70370370370371,-8.00000000000001,7.40740740740741,-3.84615384615385,-4.0,-4.16666666666667,4.0,3.84615384615385,3.70370370370371,3.57142857142857,0.0,6.66666666666665,-7.14285714285713,0.0,0.0,0.0,3.44827586206895,0.0,0.0,0.0,3.33333333333334,-3.44827586206897,3.33333333333334,-3.44827586206897,0.0,3.33333333333334,0.0,6.25000000000001,0.0,0.0,-10.3448275862069,9.37500000000001,3.03030303030303,0.0,0.0,0.0,-3.125,5.88235294117648,0.0,-3.03030303030303,-3.125,-3.22580645161291,-3.33333333333334,3.22580645161291,0.0,0.0,8.82352941176471,2.85714285714284,-2.94117647058822,0.0,0.0,0.0,-3.03030303030303,2.94117647058824,8.1081081081081,0.0,0.0,-2.77777777777778,2.70270270270271,2.63157894736842,0.0,-2.70270270270271,-5.71428571428572
0,0,0,2.85714285714284,0.0,0.0,0.0,0.0,0.0,0.0,-2.94117647058822,-6.25000000000001,0.0,0.0,0.0,0.0,0.0,0.0,0.0,-3.22580645161291,-3.33333333333334,-11.1111111111111,6.89655172413792,-7.40740740740739,0.0,3.57142857142857,-3.70370370370371,0.0,0.0,-3.84615384615385,-4.0,-4.16666666666667,4.0,10.7142857142857,0.0,9.6774193548387,0.0,3.125,-6.66666666666667,0.0,6.25000000000001,3.03030303030303,-3.125,0.0,-6.66666666666667,-7.14285714285713,0.0,0.0,-3.70370370370371,0.0,9.99999999999999,-3.44827586206897,-3.57142857142855,-3.70370370370371,3.57142857142857,0.0,-3.70370370370371,6.89655172413792,0.0,-3.57142857142855,0.0,3.44827586206895,0.0,3.33333333333334,-3.44827586206897
0,0,0,9.37500000000001,5.88235294117648,0.0,5.55555555555555,0.0,-2.85714285714286,-2.94117647058822,0.0,0.0,5.55555555555555,5.26315789473685,0.0,2.56410256410257,4.8780487804878,-2.49999999999999,4.76190476190475,6.66666666666667,-7.14285714285715,-2.4390243902439,-5.12820512820512,4.8780487804878,0.0,-2.49999999999999,0.0,-2.56410256410257,4.8780487804878,2.38095238095238,-2.4390243902439,4.65116279069768,2.27272727272727,0.0,-2.32558139534884,0.0,0.0,2.27272727272727,6.38297872340425,-4.44444444444444,0.0,2.17391304347826,-2.22222222222222,4.25531914893616,-2.17391304347825,0.0,-2.22222222222222,0.0,4.25531914893616,-2.17391304347825,-2.22222222222222,-2.27272727272727,2.22222222222222,-7.14285714285715,0.0,0.0,4.54545454545455,-2.32558139534884,-2.38095238095238,-2.4390243902439,-2.49999999999999,0.0,0.0,2.43902439024389,4.65116279069768
0,0,0,-4.65116279069768,-2.38095238095238,0.0,4.54545454545455,8.33333333333333,-2.12765957446809,-2.17391304347825,2.12765957446808,-2.17391304347825,-2.22222222222222,0.0,-4.65116279069768,4.44444444444445,-2.27272727272727,2.22222222222222,2.17391304347826,2.12765957446808,0.0,0.0,9.61538461538462,-1.96078431372549,3.77358490566038,0.0,-1.92307692307692,0.0,0.0,0.0,0.0,0.0,0.0,1.88679245283019,-3.92156862745098,1.92307692307692,-1.96078431372549,1.92307692307692,-1.96078431372549,-4.08163265306123,2.0,1.96078431372549,0.0,-2.0,0.0,0.0,0.0,12.280701754386,-5.55555555555554,1.81818181818182,0.0,0.0,-3.77358490566038,-1.92307692307692,1.88679245283019,-1.92307692307692,1.88679245283019,-6.00000000000001,0.0,0.0,0.0,1.96078431372549,1.92307692307692,5.45454545454546,-5.76923076923077
0,0,0,1.85185185185185,5.26315789473683,-1.78571428571427,8.1967213114754,1.61290322580645,3.125,-6.66666666666667,-1.69491525423729,-5.35714285714284,-1.81818181818182,1.78571428571429,5.08474576271185,0.0,0.0,-1.72413793103448,1.69491525423729,0.0,0.0,-1.72413793103448,6.45161290322581,0.0,1.58730158730159,-1.61290322580645,8.82352941176471,2.85714285714284,5.40540540540541,5.12820512820513,-4.0,-1.35135135135135,1.33333333333333,-2.73972602739726,0.0,0.0,-1.38888888888889,-1.40845070422535,-2.89855072463768,0.0,-2.98507462686566,-1.51515151515152,0.0,2.94117647058824,4.22535211267604,8.97435897435898,-1.2987012987013,1.28205128205128,0.0,-5.40540540540541,-1.36986301369863,0.0,0.0,2.66666666666667,-5.63380281690141,1.38888888888889,0.0,-5.88235294117646,-3.03030303030303,2.94117647058824,1.44927536231883,1.42857142857143,0.0,-1.44927536231884,-2.98507462686566
0,0,0,1.51515151515152,0.0,5.7142857142857,-2.94117647058822,-3.03030303030303,4.34782608695651,0.0,1.42857142857143,0.0,-2.94117647058822,2.85714285714284,-2.94117647058822,-1.49253731343284,-4.6875,-4.91803278688525,0.0,-3.38983050847458,0.0,0.0,3.27868852459017,4.6875,-3.22580645161291,-1.63934426229508,-1.66666666666667,0.0,-1.69491525423729,0.0,3.27868852459017,3.17460317460318,7.35294117647059,-1.49253731343284,14.1025641025641,2.5,-5.26315789473685,-5.55555555555556,8.86075949367089,-1.28205128205128,-1.2987012987013,0.0,2.53164556962026,3.65853658536584,-2.49999999999999,1.23456790123457,0.0,-5.1948051948052,0.0,-5.47945205479453,0.0,1.35135135135135,0.0,10.8433734939759,9.78260869565218,-2.22222222222222,-4.65116279069768,2.27272727272727,8.33333333333333,4.95049504950495,-3.06122448979592,0.0,2.0,0.0,1.96078431372549
0,0,0,0.934579439252337,1.8348623853211,-1.86915887850467,1.8348623853211,-1.86915887850467,-1.90476190476191,0.0,-0.961538461538462,6.30630630630631,4.31034482758619,4.91803278688525,-2.52100840336135,0.833333333333334,-1.69491525423729,4.06504065040651,6.10687022900764,0.0,-3.1496062992126,-11.4035087719298,-1.78571428571427,3.44827586206895,-2.65486725663717,-2.72727272727271,1.78571428571429,-0.900900900900902,-3.73831775700935,6.14035087719297,-1.78571428571427,5.08474576271185,-2.60869565217392,2.54237288135593,0.0,0.0,-0.854700854700855,0.847457627118645,0.840336134453782,-0.847457627118645,0.0,-2.60869565217392,-3.60360360360359,-1.8348623853211,4.38596491228069,0.869565217391305,0.862068965517242,-0.869565217391305,-5.50458715596329,2.67857142857143,-4.67289719626169,1.8348623853211,0.0,-29.7619047619048,10.6382978723404,-1.07526881720429,-4.49438202247191,4.30107526881721,0.0,-8.13953488372094,6.52173913043479,-3.37078651685394,2.1978021978022,-1.11111111111111,1.0989010989011
0,0,0,4.25531914893616,-1.07526881720429,-3.33333333333334,1.0989010989011,0.0,-2.24719101123596,3.26086956521739,0.0,3.1578947368421,6.86274509803922,0.970873786407768,-0.980392156862746,4.67289719626169,-4.90196078431373,0.0,3.77358490566038,-6.00000000000001,-5.26315789473685,0.0,3.06122448979592,2.97029702970297,-1.0,-5.26315789473685,-4.39560439560439,5.20833333333333,-1.05263157894737,0.0,1.04166666666667,5.88235294117648,-3.03030303030303,2.94117647058824,0.970873786407768,15.5737704918033,-5.17241379310345,0.0,0.854700854700855,-10.377358490566,-0.952380952380953,2.77777777777778,0.917431192660551,0.0,-1.86915887850467,0.0,-1.90476190476191,-2.94117647058824,-4.08163265306123,-3.15789473684211,0.0,-3.26086956521738,1.0752688172043,-5.68181818181819,-18.9189189189189,-8.8235294117647,13.9240506329114,-6.75675675675676,-7.24637681159421,9.21052631578948,-2.70270270270271,-2.77777777777778,2.70270270270271,6.32911392405064,1.25
0,0,5.81395348837209,-4.87804878048781,-5.12820512820512,-1.2987012987013,-5.47945205479453,0.0,-14.0625,-18.5185185185185,0.0,8.47457627118643,7.81250000000001,-1.58730158730159,-5.0,-5.26315789473685,1.72413793103448,4.91803278688525,3.17460317460318,-6.77966101694916,0.0,0.0,-5.35714285714284,3.44827586206895,-3.57142857142855,-3.70370370370371,1.81818181818182,8.33333333333332,9.0909090909091,-3.125,-4.91803278688525,4.6875,4.47761194029851,0.0,-6.34920634920635,1.5625,-1.58730158730159,4.54545454545455,8.33333333333333,7.6923076923077,1.26582278481013,0.0,-1.28205128205128,-2.63157894736842,3.79746835443038,2.46913580246914,-3.84615384615385,9.30232558139534,-1.1764705882353,0.0,1.16279069767442,2.27272727272727,5.37634408602151,-3.33333333333334,-13.9240506329114,0.0,2.46913580246914,0.0,3.57142857142856,2.32558139534884,1.14942528735632,1.13636363636364,-3.52941176470589,3.40909090909091,-1.14942528735632
0,0,-2.4390243902439,2.38095238095238,-2.4390243902439,0.0,0.0,-1.23456790123456,3.57142857142856,-3.70370370370369,-1.25,-2.56410256410257,0.0,-1.2987012987013,1.28205128205128,0.0,0.0,0.0,-4.0,-7.14285714285715,-4.47761194029849,9.45945945945945,-1.36986301369863,-2.81690140845071,-5.97014925373133,2.89855072463767,10.3896103896104,0.0,-1.31578947368421,1.2987012987013,-8.45070422535212,7.7922077922078,-5.47945205479453,0.0,-1.38888888888889,1.36986301369863,-2.81690140845071,0.0,0.0,7.7922077922078,1.28205128205128,1.26582278481013,1.25,-2.56410256410257,7.14285714285714,1.1764705882353,5.55555555555556,-4.65116279069768,2.27272727272727,-2.32558139534884,-3.6144578313253,-3.74999999999999,-3.8961038961039,3.75,0.0,3.61445783132529,1.19047619047619,-3.70370370370369,-1.25,0.0,0.0,0.0,-1.26582278481013,-1.28205128205128,-1.2987012987013
0,0,0,0,0,-2.5974025974026,8.33333333333333,-1.20481927710843,1.19047619047619,3.44827586206897,-1.16279069767442,2.27272727272727,0.0,5.37634408602151,2.10526315789473,2.06185567010309,1.02040816326531,-3.15789473684211,-5.55555555555555,4.25531914893616,-2.17391304347825,6.12244897959183,1.01010101010101,1.0,1.96078431372549,0.0,0.970873786407768,0.0,2.83018867924529,0.0,0.0,0.934579439252337,-4.90196078431373,-2.0,0.990099009900991,-2.02020202020202,0.0,-2.06185567010309,0.0,-2.10526315789474,-1.06382978723404,6.00000000000001,-5.26315789473685,0.0,-1.06382978723404,-5.61797752808988,3.26086956521739,-1.0989010989011,3.19148936170212,-1.07526881720429,1.06382978723403,-2.17391304347825,-4.54545454545455,4.34782608695653,-3.37078651685394,-1.13636363636364,-8.64197530864197,0.0,-3.84615384615385,1.26582278481013,0.0,0.0,-1.28205128205128,-9.85915492957747,1.38888888888889
0,0,2.70270270270271,8.64197530864198,2.40963855421686,3.48837209302326,-3.6144578313253,1.19047619047619,-4.99999999999999,2.43902439024389,0.0,-10.8108108108108,-1.36986301369863,1.35135135135135,-8.8235294117647,4.22535211267604,0.0,-1.42857142857143,-1.44927536231884,-1.4705882352941,1.44927536231883,0.0,5.47945205479453,7.59493670886077,8.13953488372093,2.27272727272727,-9.99999999999999,-1.26582278481013,-5.33333333333334,-1.35135135135135,3.8961038961039,0.0,-2.66666666666667,2.5974025974026,2.53164556962026,0.0,1.25,0.0,3.61445783132529,-1.21951219512195,0.0,2.38095238095238,1.1764705882353,2.29885057471265,1.13636363636364,0.0,2.22222222222222,0.0,0.0,0.0,-1.12359550561798,3.26086956521739,1.0752688172043,0.0,1.06382978723403,-1.07526881720429,3.12499999999999,4.0,-2.04081632653061,0.0,-5.3763440860215,-6.89655172413794,1.13636363636364,-2.32558139534884,-1.1764705882353
0,0,0.0,-4.99999999999999,-1.26582278481013,-2.5974025974026,3.75,-5.26315789473685,1.2987012987013,6.09756097560975,0.0,-1.23456790123456,-1.25,8.04597701149425,-2.35294117647059,-1.19047619047619,2.32558139534884,3.37078651685394,-1.13636363636364,1.12359550561798,0.0,-1.13636363636364,1.12359550561798,0.0,2.1978021978022,-1.11111111111111,-1.12359550561798,-1.13636363636364,0.0,-1.14942528735632,0.0,0.0,1.13636363636364,0.0,2.22222222222222,5.26315789473684,-1.06382978723404,-2.17391304347825,7.07070707070707,1.0,0.0,-1.01010101010101,1.98019801980198,3.80952380952381,1.86915887850467,4.46428571428572,1.75438596491226,4.20168067226891,1.65289256198347,-4.31034482758621,-1.75438596491228,5.78512396694215,0.819672131147542,0.813008130081302,13.3802816901408,-1.42857142857143,0.709219858156029,2.08333333333334,-4.34782608695653,0.719424460431655,3.47222222222222,-2.12765957446809,0.0,-1.43884892086331,-1.45985401459853
0,0,5.03597122302157,0.714285714285715,-0.719424460431655,0.0,0.0,-2.96296296296295,-0.746268656716419,0.0,-2.29007633587786,-6.50406504065041,-3.36134453781513,1.65289256198347,3.96825396825397,0.78740157480315,-1.6,1.5748031496063,-9.48275862068966,-6.42201834862384,0.0,-6.86274509803922,4.67289719626169,3.60360360360361,0.892857142857143,1.75438596491226,5.0,-1.69491525423729,-1.72413793103448,0.0,-1.75438596491228,-8.57142857142856,5.40540540540541,4.31034482758619,-3.57142857142855,-2.75229357798165,0.0,1.8018018018018,-3.73831775700935,-1.90476190476191,1.86915887850467,0.925925925925927,0.0,-2.85714285714286,0.0,3.6697247706422,0.90909090909091,4.34782608695651,-1.76991150442478,-0.892857142857124,-3.70370370370371,-2.85714285714286,0.943396226415095,8.6206896551724,0.854700854700855,-5.40540540540539,-0.90909090909091,0.900900900900902,-1.8348623853211,1.8018018018018,0.892857142857143,3.44827586206895,-0.869565217391305,4.16666666666667,-0.840336134453782
0,0,0,0,0,0.0,-0.826446280991736,1.6260162601626,-2.5,-3.44827586206897,3.33333333333334,-1.69491525423729,1.66666666666667,1.63934426229508,2.4,-5.04201680672269,0.833333333333334,0.0,0.0,1.63934426229508,6.87022900763359,0.0,-3.1496062992126,-4.95867768595042,1.6260162601626,0.0,-6.95652173913044,7.25806451612904,-4.20168067226891,-2.58620689655173,0.0,0.854700854700855,-0.862068965517242,-2.65486725663717,-0.892857142857124,-0.900900900900902,3.4782608695652,1.70940170940171,-3.53982300884956,2.58620689655173,-2.65486725663717,-0.892857142857124,0.0,0.884955752212371,-0.892857142857124,0.884955752212371,4.23728813559322,0.0,0.0,1.66666666666667,2.4390243902439,-1.65289256198347,-0.833333333333334,4.0,-0.806451612903226,0.800000000000001,-0.806451612903226,0.0,0.0,-0.813008130081302,0.806451612903226,0.0,-2.47933884297521,-8.03571428571427,-4.67289719626169
0,0,0,0.884955752212371,16.2962962962963,-0.746268656716419,-0.751879699248121,-2.30769230769231,0.763358778625955,2.23880597014926,-1.51515151515152,-0.763358778625955,-0.76923076923077,1.51515151515152,-2.32558139534884,0.76923076923077,-0.775193798449613,-4.87804878048781,-4.23728813559322,1.66666666666667,0.826446280991736,-1.68067226890756,0.0,1.65289256198347,-1.68067226890756,-1.70940170940171,0.0,0.847457627118645,-5.35714285714284,0.0,0.884955752212371,-1.80180180180178,4.31034482758619,-3.57142857142855,1.75438596491226,-1.78571428571427,0.0,-1.81818181818182,-2.80373831775701,-1.90476190476191,3.6697247706422,-7.92079207920793,0.980392156862746,1.92307692307692,-0.970873786407768,0.961538461538462,0.0,1.88679245283019,-0.952380952380953,-2.94117647058824,-2.0,-1.01010101010101,1.0,7.40740740740741,-3.84615384615385,2.80373831775701,0.0,0.925925925925927,0.0,0.0,-2.85714285714286,2.77777777777778,1.81818181818182,-10.0,-5.26315789473685
0,0,-1.28205128205128,-4.0,6.25000000000001,-3.8961038961039,-2.66666666666667,-2.73972602739726,1.35135135135135,1.33333333333333,-1.35135135135135,-1.36986301369863,1.35135135135135,-4.22535211267606,0.0,1.38888888888889,0.0,-2.85714285714286,-2.94117647058822,1.44927536231883,5.47945205479453,0.0,1.35135135135135,-5.71428571428572,2.77777777777778,2.70270270270271,2.63157894736842,1.2987012987013,-5.47945205479453,2.66666666666667,0.0,-2.73972602739726,-1.38888888888889,-1.40845070422535,0.0,-2.89855072463768,1.42857142857143,-2.94117647058822,-4.61538461538462,-1.5625,-4.91803278688525,-3.38983050847458,-3.50877192982456,8.06451612903227,0.0,-8.77192982456141,3.38983050847458,9.23076923076924,0.0,-3.17460317460318,13.6986301369863,2.66666666666667,5.06329113924051,-2.5974025974026,0.0,-1.31578947368421,2.56410256410257,4.8780487804878,5.74712643678162,-8.74999999999999,0.0,-3.8961038961039,-6.94444444444445,-5.88235294117646,-6.25000000000001
0,0,-1.58730158730159,3.07692307692308,-4.83870967741936,-5.08474576271187,7.81250000000001,3.03030303030303,-3.125,7.24637681159419,10.3896103896104,1.28205128205128,4.8780487804878,7.86516853932585,-4.70588235294118,5.55555555555556,-1.12359550561798,4.30107526881721,-9.41176470588236,-3.65853658536586,6.81818181818182,1.12359550561798,11.0,0.0,-2.04081632653061,-1.03092783505155,2.02020202020202,-3.125,-3.22580645161289,-1.08695652173913,-2.22222222222222,0.0,3.22580645161291,-1.08695652173913,4.16666666666666,4.0,-1.01010101010101,1.0,-2.04081632653061,2.0,0.0,-3.09278350515464,3.0,4.76190476190477,-2.94117647058824,-0.990099009900991,0.0,-1.0,3.84615384615385,-1.96078431372549,0.970873786407768,-3.0,-1.01010101010101,13.1578947368421,-2.70270270270268,-0.90909090909091,2.65486725663715,-0.892857142857124,2.6086956521739,0.862068965517242,4.13223140495868,1.6260162601626,-1.65289256198347,5.46875,-3.22580645161291
0,0,0,0,0,0.0,-0.826446280991736,6.2015503875969,-3.2,0.0,-4.16666666666667,0.826446280991736,6.92307692307693,-1.5625,-2.4,-5.93220338983051,-0.854700854700855,-4.4642857142857,13.1782945736434,-4.03225806451613,5.34351145038168,2.23880597014926,1.47058823529412,1.44927536231883,-1.4705882352941,0.0,-3.81679389312977,0.0,-7.37704918032788,2.4,4.58015267175573,-6.50406504065041,3.90625,-7.56302521008404,2.45901639344263,-5.17241379310345,2.52100840336135,9.84848484848486,-0.763358778625955,0.757575757575758,-2.32558139534884,-1.5748031496063,-0.793650793650794,3.81679389312977,13.2450331125828,5.62500000000001,-3.22580645161291,0.0,3.72670807453416,-0.625000000000001,-3.22580645161291,-1.30718954248366,1.29032258064516,4.32098765432099,7.42857142857142,1.12994350282486,-18.0,-4.16666666666667,1.36986301369863,0.680272108843538,-1.37931034482759,-3.57142857142857,0.0,1.40845070422535,-1.42857142857143
0,0,0,-3.73134328358208,1.47058823529412,-1.49253731343284,0.740740740740741,-1.50375939849624,0.746268656716419,-1.51515151515152,-2.32558139534884,-1.5748031496063,-12.3893805309735,13.0769230769231,0.0,2.25563909774436,-4.7244094488189,0.0,8.63309352517985,-1.45985401459853,-1.48148148148148,6.24999999999999,-2.12765957446809,-1.43884892086331,0.714285714285715,0.709219858156029,0.0,-1.43884892086331,6.71140939597316,-1.36054421768708,0.0,-2.08333333333334,0.689655172413794,0.0,2.68456375838926,1.32450331125828,-6.33802816901409,-3.64963503649634,-0.735294117647059,-1.49253731343284,-2.29007633587786,3.6764705882353,0.0,-3.03030303030303,-1.53846153846154,1.51515151515152,4.34782608695651,2.12765957446809,-3.67647058823528,-0.740740740740741,-0.746268656716419,4.96453900709219,3.42465753424658,5.1948051948052,1.91082802547771,1.25786163522013,-1.27388535031847,-0.641025641025642,0.0,-1.96078431372549,0.0,-0.657894736842106,1.2987012987013,5.52147239263803,0.0
0,0,0.591715976331361,-1.19760479041916,0.595238095238096,1.1764705882353,-1.19047619047619,5.61797752808989,1.65745856353591,4.23280423280422,0.526315789473685,-4.97237569060773,0.54945054945055,0.0,-2.82485875706215,-1.72413793103448,-3.57142857142857,8.69565217391305,8.0,6.10328638497652,11.9834710743802,-2.97872340425531,-3.52422907488987,2.1551724137931,-3.1111111111111,-0.896860986547086,-3.72093023255814,-0.467289719626158,4.46428571428572,0.884955752212371,5.83333333333334,5.51181102362205,-6.27615062761506,0.416666666666658,2.834008097166,3.13725490196077,2.29885057471265,-0.772200772200773,-0.778210116731518,-0.784313725490197,-0.790513833992096,-0.396825396825388,-3.27868852459017,0.813008130081302,-1.23456790123456,6.89655172413792,9.6885813148789,-3.95683453237411,-3.73134328358208,-2.29007633587786,4.37956204379562,2.14285714285713,-12.0,-1.6260162601626,0.806451612903226,-2.47933884297521,-2.54237288135593,5.6,-4.16666666666667,0.826446280991736,-11.5207373271889,0.0,-1.87793427230047,-5.97014925373135,1.47058823529413
0,0,0,0.492610837438413,2.87081339712919,9.52380952380953,-2.66666666666667,1.7467248908297,-4.5662100456621,0.454545454545465,-0.456621004566221,-6.82926829268293,-1.48514851485148,5.16431924882629,-2.40384615384615,-1.46341463414635,5.96330275229359,-2.3474178403756,-5.97014925373135,1.47058823529413,-2.51256281407035,-1.01522842639594,-28.7581699346405,1.92307692307692,-6.84931506849316,0.0,2.66666666666667,-2.73972602739726,0.0,2.01342281879195,-2.05479452054795,0.680272108843538,0.675675675675676,8.07453416149069,-9.52380952380953,-1.37931034482759,-1.3986013986014,-2.14285714285715,7.89473684210527,0.653594771241831,0.64935064935065,-2.66666666666667,-3.44827586206897,-2.83687943262412,0.704225352112677,-2.15827338129497,-0.724637681159421,-2.98507462686566,-4.6875,-4.91803278688525,2.4,-3.30578512396694,1.6260162601626,-0.819672131147542,-2.52100840336135,-2.58620689655173,8.66141732283465,10.5633802816901,2.06896551724138,2.68456375838926,8.0246913580247,4.14201183431952,0.588235294117648,-0.591715976331361,3.97727272727273
0,0,0,0,-0.598802395209581,6.17977528089888,13.1707317073171,11.6379310344828,-9.95260663507109,-0.956937799043063,5.00000000000001,-2.32558139534885,-0.467289719626158,-9.18367346938776,0.0,-0.512820512820513,-12.7167630057803,2.25988700564972,-4.73372781065089,-9.03225806451612,-1.30718954248366,-4.79452054794521,-1.38888888888889,0.0,-2.12765957446809,3.42465753424658,14.1176470588235,8.10810810810812,-7.55813953488373,0.578034682080925,1.14285714285714,6.91489361702127,5.05050505050506,1.0,14.1630901287554,3.3195020746888,-2.991452991453,-2.18340611353711,-1.3274336283186,-1.80180180180178,7.11297071129707,4.4,-2.45901639344263,2.4,2.72373540856031,-7.08333333333333,-3.89610389610389,-3.12499999999999,0.0,-5.66037735849057,0.0,-6.00000000000001,3.38164251207729,-4.02010050251256,-11.1731843575419,-0.561797752808989,11.0,8.25688073394496,0.90909090909091,-0.917431192660551,0.90909090909091,-5.76923076923077,-13.0434782608696,7.07070707070707,-5.31914893617022
0,0,0,0,0,5.12820512820512,5.33980582524272,-4.04040404040404,-2.06185567010309,0.512820512820513,-7.14285714285714,4.21052631578947,-9.82658959537572,-8.80503144654087,7.01754385964912,-4.9079754601227,-1.87499999999999,-3.8961038961039,-2.66666666666667,-4.16666666666667,-5.88235294117646,19.5266272189349,2.87356321839081,2.79329608938548,-6.54761904761905,14.7208121827411,8.7962962962963,-2.85714285714286,-3.44827586206898,-4.63917525773195,0.0,0.0,3.48258706467661,5.63380281690141,-3.90243902439025,-4.59183673469387,-4.81283422459892,0.0,1.05820105820105,6.89655172413793,-5.18134715025906,-16.2650602409639,5.14285714285715,-2.33918128654971,3.38983050847458,5.85106382978723,3.09278350515464,5.82524271844661,-9.57446808510639,-1.07526881720429,5.58375634517766,-0.510204081632654,2.48756218905472,1.95121951219512,6.81818181818183,5.98290598290597,-3.99999999999999,-13.0653266331658,8.29493087557603,-1.87793427230047,-0.9478672985782,6.22222222222223,-1.80995475113122,0.450450450450461,-1.8348623853211
0,0,0,0,0,3.05676855895196,8.76494023904382,-1.20967741935483,4.24710424710424,7.16845878136201,-8.5603112840467,-1.98412698412698,2.32558139534884,-2.78884462151396,-7.26495726495726,-3.08370044052863,3.40425531914894,-7.79816513761468,-1.39534883720931,0.921658986175116,-3.33333333333333,4.10958904109588,5.60344827586206,14.7058823529412,-3.42205323193918,7.3943661971831,-4.41176470588234,2.5089605734767,1.41342756183746,-1.79856115107915,-2.5830258302583,-0.370370370370362,0.369003690036892,-2.65151515151515,1.49253731343284,4.96453900709219,-0.355871886120989,5.38720538720539,9.45121951219511,-4.45859872611464,1.875,0.621118012422361,1.22699386503066,3.55029585798817,-3.04878048780488,-6.84039087947883,-8.09859154929578,8.97435897435898,2.19435736677115,-3.90879478827362,-3.36700336700336,1.98019801980197,4.71698113207548,1.54798761609907,-10.9965635738832,4.90196078431372,-0.327868852459024,4.98442367601247,6.14035087719298,5.78512396694215,-9.009009009009,0.299401197604784,7.73480662983426,-5.53935860058309,-5.53846153846154
0,0,0,-5.22875816993465,1.29032258064516,-7.26643598615917,-2.84697508896797,5.06756756756756,-1.02389078498293,-4.27046263345196,6.33333333333333,2.9126213592233,0.961538461538469,-8.71080139372822,-0.349650349650358,-3.24909747292418,8.58085808580858,-13.0597014925373,6.62020905923345,-1.05633802816902,-10.5058365758755,3.0188679245283,1.48698884758364,-1.50943396226415,3.63636363636364,0.0,6.14334470989762,0.340136054421761,-4.25531914893617,-0.714285714285715,0.709219858156029,-14.6341463414634,-1.65289256198347,0.819672131147542,-2.52100840336135,-8.18181818181817,-8.91089108910892,5.60747663551402,5.72687224669603,-3.65296803652968,4.78260869565217,2.54237288135593,7.08661417322835,0.0,7.63636363636364,-7.421875,6.56934306569344,-1.10701107011071,0.0,10.8552631578947,-5.92334494773519,-8.71212121212121,-5.6,-2.88065843621398,-0.8298755186722,5.11811023622047,-1.6,-3.30578512396694,-9.99999999999999,3.93013100436681,10.8949416342412,-3.21285140562247,1.96850393700787,1.93050193050192,-11.6379310344828
0,0,0,0,-17.5609756097561,-12.0218579234973,-7.64705882352942,-0.591715976331361,3.42857142857143,1.68539325842697,4.30107526881721,8.8235294117647,-10.2702702702703,0.0,0.537634408602151,3.62694300518134,10.2325581395349,-5.39215686274509,0.48780487804877,-1.99004975124378,6.94444444444446,-2.36966824644551,0.471698113207558,-4.95049504950495,-2.53807106598985,-2.07253886010363,6.31067961165049,-1.47783251231528,-6.282722513089,3.04568527918782,9.63302752293579,-3.31753554502371,-1.44230769230768,0.0,4.58715596330276,0.4566210045662,-5.79710144927537,-4.54545454545454,8.33333333333334,5.26315789473683,-1.33333333333332,3.84615384615384,-6.36363636363635,1.78571428571429,-6.66666666666667,4.10958904109588,-4.78468899521532,0.9478672985782,-0.476190476190466,-13.5135135135135,4.63917525773195,6.28019323671497,-1.47058823529411,-7.93650793650794,11.6822429906542,-4.39024390243904,-13.8888888888889,1.0989010989011,2.1505376344086,7.46268656716416,-0.499999999999989,0.0,0.497512437810935,0.985221674876848,-6.282722513089
0,0,0,-1.0989010989011,8.54271356783919,0.99502487562188,4.739336492891,7.04845814977974,-1.79372197309417,7.4688796680498,-2.11864406779662,3.67346938775511,4.296875,2.6615969581749,-3.95256916996048,-5.41666666666666,-4.34782608695653,6.12244897959185,6.13026819923371,8.42105263157895,6.86274509803922,2.23642172523961,-1.29449838187702,-3.34448160535116,5.37974683544304,1.25,-2.23642172523963,-0.967741935483865,-2.31023102310232,0.655737704918033,-1.66666666666666,-3.09278350515463,11.8181818181818,8.83977900552487,-7.41839762611276,9.89304812834225,-3.31491712707183,-9.36555891238671,2.64705882352941,0.0,-3.03030303030303,-3.77358490566037,1.54798761609907,7.18390804597701,3.60110803324099,-0.837988826815637,-4.98533724340176,-1.48809523809525,-3.38461538461538,-4.83870967741935,0.958466453674115,0.634920634920636,-2.60586319218241,4.65838509316771,-0.625000000000001,1.53846153846153,9.47075208913649,0.277777777777784,5.75916230366492,-6.1111111111111,0.552486187845304,2.68817204301075,0.799999999999995,-3.02197802197802,-1.11111111111111
0,0,0,0,0,0,0,-1.96629213483146,-2.29885057471265,0.854700854700849,-2.93255131964808,-3.02114803625378,0.898203592814365,5.6497175141243,-14.5631067961165,5.21472392638037,4.11764705882353,-2.71903323262839,2.07100591715976,-2.11480362537764,-6.08974358974359,1.88679245283019,7.01754385964912,-1.18343195266272,-5.95611285266458,0.623052959501558,-0.943396226415088,-2.25080385852091,5.4711246200608,-2.17391304347826,-1.25786163522013,-5.29801324503312,-0.666666666666667,0.0,5.36277602523659,0.626959247648903,1.84615384615385,0.0,-5.1779935275081,3.13479623824452,1.23839009287926,5.83090379008747,6.79347826086956,2.64550264550264,2.07253886010363,-1.04712041884817,0.779220779220786,0.259067357512948,-1.84696569920844,0.0,-1.60857908847185,1.06100795755968,-2.44565217391304,-1.65745856353591,-9.36555891238671,-7.81758957654724,2.22929936305733,1.56739811912225,-7.04697986577181,1.65016501650164,7.33944954128441,3.53982300884956,4.50704225352112,-1.13960113960114,0.847457627118651
0,0,0.0,3.27868852459017,-2.80898876404495,0.0,3.26086956521739,6.12244897959183,0.50761421319797,-1.54639175257732,3.24189526184538,-2.0356234096692,-5.08021390374331,4.59183673469387,3.68550368550369,3.78250591016549,-2.42130750605328,3.72960372960373,0.232558139534879,-1.65484633569738,-3.17073170731709,-1.48514851485148,-2.79898218829516,0.506329113924051,-1.0230179028133,4.40097799511002,0.0,1.91846522781775,-0.724637681159426,-3.24189526184538,-0.753768844221101,5.91016548463358,-0.475059382422814,0.0,1.40515222482435,2.51141552511416,-3.05882352941176,1.16279069767441,0.462962962962974,3.13901345291479,0.88888888888889,-3.92609699769053,2.91479820627802,1.10864745011086,-3.44036697247705,-0.925925925925927,-2.12765957446808,1.16822429906542,0.0,-4.90196078431373,-1.49253731343285,0.495049504950506,2.65060240963856,-0.241545893719823,3.72093023255814,-0.467289719626158,-1.90476190476191,-3.70370370370371,0.977995110024451,1.91846522781775,0.23923444976076,-2.70270270270269,2.39808153477217,-1.45985401459853,-7.03125000000001
0,0,0,0,0,0,0,4.68749999999999,0.259740259740266,3.50877192982456,2.91970802919708,3.06603773584905,1.85185185185185,-0.699300699300705,0.464037122969828,0.231481481481497,1.59453302961274,-6.8126520681265,1.90930787589499,2.33100233100232,-1.90023752969121,0.472813238770696,0.235849056603769,-3.16301703163017,1.90930787589499,-2.44498777506114,0.486618004866191,0.963855421686748,-6.41025641025642,1.51515151515152,5.26315789473684,1.18203309692673,0.936768149882884,-1.4251781472684,-2.93398533007335,0.486618004866191,-1.98511166253102,3.81861575178998,0.0,-0.721153846153852,1.42180094786729,2.08816705336427,0.691244239631342,1.36363636363637,4.55531453362256,0.860215053763442,-1.97368421052633,0.218818380743997,-2.00892857142857,0.665188470066505,0.0,-0.894854586129755,1.97368421052631,-2.01342281879194,0.666666666666672,3.84615384615384,2.90456431535271,-3.21199143468951,2.9106029106029,-3.21888412017166,-2.86975717439293,0.875273522975931,2.35042735042734,-3.99999999999999,1.3157894736842
0,0,-2.03619909502262,-1.37614678899082,-1.39534883720931,1.14942528735632,-3.32541567695961,5.8165548098434,-0.675675675675661,0.448430493273533,0.88888888888889,1.3157894736842,-2.93453724604966,0.0,-0.453514739229015,-3.52112676056339,-1.187648456057,1.6355140186916,-7.00000000000001,-10.1928374655647,0.274725274725281,6.426735218509,6.03864734299516,-0.729927007299254,-3.00751879699248,-6.97050938337802,3.11688311688312,11.4942528735632,-2.35294117647058,-4.42260442260442,5.78703703703704,8.08510638297872,-1.0752688172043,-2.87610619469028,2.16450216450218,-1.76211453744494,-2.48306997742664,-0.453514739229015,7.1578947368421,-2.59179265658748,2.32067510548524,-7.23981900452489,3.91304347826086,-3.13901345291479,-3.96270396270396,0.0,-0.233644859813079,-6.73316708229428,-0.249999999999995,2.676399026764,-7.8740157480315,-0.263157894736848,3.06122448979592,4.85436893203884,8.03571428571429,-0.900900900900902,-1.8348623853211,-6.34146341463416,-5.12820512820512,5.79710144927536,-2.98507462686567,1.71149144254279,-0.738916256157642,1.21654501216547,-8.44327176781004
0,0,4.38356164383561,5.44041450777202,-1.31233595800524,-2.97297297297297,-11.4457831325301,7.00280112044818,1.38121546961327,1.6304347826087,6.5989847715736,8.58468677494199,-4.86618004866178,-3.52644836272041,-3.65535248041776,-5.50964187327824,4.47368421052631,-4.6831955922865,-3.125,2.76243093922652,1.8970189701897,3.1496062992126,-2.41935483870967,-3.04709141274239,6.47668393782384,0.0,2.77078085642318,7.67441860465116,-1.17647058823529,1.84757505773672,-5.35279805352797,7.22347629796838,-1.83908045977012,-0.230414746543774,-0.462962962962953,1.36986301369862,2.88248337028825,2.59179265658748,-1.31291028446389,-0.883002207505519,-9.15662650602409,-1.71568627450981,3.77358490566038,-5.73566084788031,-5.24934383202099,2.55754475703325,-4.26666666666667,6.94789081885857,1.22549019607843,1.44927536231883,-1.47058823529411,-5.97402597402597,3.99002493765585,0.248756218905467,-0.499999999999989,5.88235294117647,-3.40632603406325,2.14285714285714,-1.6949152542373,0.241545893719802,3.49650349650351,-1.41843971631205,-0.71428571428572,-0.238663484486868,3.67816091954021
0,0,-3.0,-3.62694300518135,3.5,-0.502512562814071,2.92682926829268,4.42890442890444,-2.14285714285714,4.76190476190476,-3.76470588235294,0.234741784037554,2.06896551724138,-1.63551401869157,0.925925925925927,1.59453302961274,-1.85614849187935,-6.1576354679803,5.14018691588787,-0.943396226415095,-0.236406619385338,2.08333333333333,0.460829493087548,4.82456140350877,0.218818380743997,0.0,4.5929018789144,-2.35042735042736,-4.93273542600896,-0.224719101123591,0.669642857142863,-0.448430493273553,5.10638297872341,-3.98230088495577,-1.11856823266219,-0.675675675675661,1.98675496688741,4.43037974683544,3.85395537525354,0.604838709677424,-7.82608695652175,5.54414784394251,1.21703853955374,-3.35429769392034,-3.47071583514098,1.91489361702127,2.89256198347107,1.02249488752556,-2.08768267223381,-1.91489361702127,-0.427350427350437,-0.214132762312629,-4.7085201793722,1.97802197802197,-0.886917960088693,-0.44543429844097,-0.67264573991032,0.223713646532434,1.97368421052631,-1.10864745011086,-1.8058690744921,-2.54629629629628,-1.64705882352942,0.0,2.52293577981652
0,0,0,0,0,2.6315789473684,-0.219780219780215,-4.83870967741935,3.12500000000001,3.23974082073433,1.69851380042463,0.632911392405068,-2.37580993520519,2.52631578947369,-4.62555066079295,-1.11358574610245,-0.447427293064887,0.44543429844099,-2.74599542334096,-0.229357798165133,2.46085011185681,1.32450331125829,1.09170305676856,-5.04587155963302,-0.925925925925927,-3.34928229665073,0.0,0.71258907363421,0.472813238770696,1.16822429906542,2.28310502283104,-2.81690140845071,-4.41176470588235,0.970873786407768,-1.98019801980198,0.246913580246908,0.0,3.57142857142858,-2.94117647058824,0.48780487804877,0.0,2.38095238095239,1.17647058823529,0.0,-0.710900473933655,-0.237529691211396,1.40515222482435,7.17391304347826,2.54237288135593,-1.28755364806866,1.47991543340381,5.21042084168336,-1.62932790224033,3.91389432485323,0.195312499999996,-0.392156862745107,0.195694716242675,1.54142581888247,-3.80000000000001,2.91262135922331,-1.57790927021696,5.76208178438661,-2.47619047619047,0.0,1.50093808630394
0,0,0,1.97486535008977,-0.905797101449288,-2.79329608938547,0.0,-3.86847195357834,3.18352059925094,-2.29885057471265,0.760456273764259,1.86567164179105,-0.751879699248121,3.44827586206896,-0.915750915750912,1.79856115107913,2.62697022767076,2.22602739726027,-1.21317157712306,0.517241379310349,-0.172711571675299,-0.346620450606594,-0.173611111111107,2.53807106598985,-1.19863013698631,-2.45614035087719,-0.352112676056346,0.525394045534155,2.22602739726027,1.5177065767285,-1.19453924914675,1.1804384485666,2.4671052631579,-2.52951096121417,-1.02214650766609,-2.08695652173913,-0.700525394045535,3.70994940978077,1.16666666666667,6.97674418604651,-2.70700636942675,0.475435816164808,3.36906584992344,-3.65079365079366,0.0,1.40845070422535,4.19790104947527,-2.14395099540581,-5.15297906602255,1.74050632911393,3.21592649310873,0.305343511450375,2.67459138187222,4.53900709219857,-0.142045454545452,-4.2962962962963,-5.30421216848674,4.61309523809523,-2.4390243902439,0.606060606060607,1.34529147982064,1.03550295857987,3.97727272727273,-1.44092219020172,-0.872093023255821
0,0,2.89256198347107,1.75913396481732,-0.271370420624146,0.539811066126856,-1.78571428571428,1.75438596491228,11.8906064209275,2.66203703703704,-2.73483947681332,-3.06372549019608,1.80505415162455,-1.21802679658952,0.965018094089244,-0.363196125907983,0.120918984280529,2.93427230046948,1.16009280742459,1.48571428571429,-1.74418604651163,-0.820633059788983,-5.70012391573729,0.981595092024541,-5.29715762273902,-0.912646675358543,2.04342273307791,-0.642673521850897,1.51898734177215,1.00250626566416,-1.91570881226054,-0.902061855670107,0.38510911424904,1.88916876574308,2.69607843137255,-0.990099009900991,2.76774969915765,-3.61596009975063,0.37267080745343,-0.625000000000009,0.0,3.38164251207729,0.719424460431661,1.41843971631207,-3.17073170731709,2.61282660332542,-0.717703349282303,3.35260115606938,-0.815850815850819,-3.7484885126965,0.95808383233533,0.476758045292025,-1.6969696969697,-6.72703751617076,0.129198966408266,0.51413881748072,-3.87182910547397,-3.88349514563107,0.688705234159777,-3.41880341880342,-0.717360114777616,-0.577200577200578,1.0,0.142653352353777,1.26760563380281
0,0,-0.136054421768717,0.406504065040654,-0.95759233926129,1.61507402422611,1.32802124833998,0.0,1.56862745098039,0.390624999999992,-3.08724832214764,-0.134408602150535,-3.62116991643455,1.64383561643836,2.66666666666667,-2.88065843621399,-0.690607734806627,0.821917808219173,-1.67130919220056,3.36473755047106,-14.3076923076923,4.27098674521355,0.439882697947218,0.727802037845703,-2.38450074515649,-2.13089802130898,2.52225519287834,-0.898203592814379,-2.61136712749616,0.153374233128831,3.83480825958703,1.45348837209302,-1.47492625368731,0.877192982456135,-1.48367952522255,1.46198830409356,1.58273381294964,2.11267605633802,4.31266846361186,-1.92307692307692,0.817438692098087,0.0,2.39361702127659,-0.534759358288759,-2.04638472032743,0.0,-1.80555555555555,-0.558659217877095,-0.987306064880117,-1.28571428571428,0.0,0.0,0.142653352353777,0.567375886524823,1.12201963534362,2.86103542234332,1.21130551816958,0.268456375838932,-0.269179004037691,-0.541271989174561,-0.271370420624146,-0.683060109289615,-0.687757909215966,0.137362637362647,-0.413793103448279
0,0,0,0,-0.414364640883969,7.06033376123235,-1.5645371577575,1.66666666666667,0.76335877862596,-2.34375000000001,-0.655307994757534,1.42118863049096,2.27272727272727,0.251889168765749,2.81517747858017,-0.24539877300613,0.851581508515819,-1.85873605947956,-5.76671035386632,0.0,-0.527009222661397,-10.8029197080292,2.56045519203415,0.0,0.0,-0.428571428571432,0.990099009900994,2.0775623268698,-0.697350069735005,2.04918032786886,0.947225981055472,-1.37174211248285,-0.137362637362634,-1.11111111111111,-3.29985652797705,-0.143678160919537,-2.50368188512518,-0.443786982248524,1.16959064327485,-0.293255131964803,-0.589970501474927,1.02189781021897,-0.735294117647056,2.15827338129497,0.0,3.06834030683403,-2.57510729613733,0.991501416430586,-0.426742532005681,-0.572246065808298,2.78164116828929,-2.13068181818182,-1.58730158730159,1.5625,0.705218617771507,-2.60492040520984,-3.4431137724551,-2.92758089368258,-0.309119010819173,2.99850074962519,0.744047619047616,2.74963820549928,0.288600288600282,0.0,0.716332378223506
0,0,0,0,0.966850828729286,-2.84090909090909,1.12359550561798,0.835654596100273,-0.701262272089759,-2.58992805755395,1.6973125884017,0.562587904360057,0.698324022346366,2.05198358413132,-2.66853932584269,1.52143845089904,2.2972972972973,1.4647137150466,2.34070221066321,1.4102564102564,-1.82767624020887,0.260416666666661,-0.787401574803144,-0.927152317880798,-3.56652949245542,0.0,-2.82087447108604,-2.16138328530259,-1.46198830409358,1.2987012987013,1.5625,0.56497175141243,-1.57819225251077,3.19444444444445,7.92838874680307,0.508905852417303,0.380228136882121,0.378787878787882,-0.891719745222934,1.50564617314931,3.27669902912622,-0.36540803897685,-0.489596083231345,2.38948626045399,-0.600961538461526,-3.48258706467663,0.371747211895925,0.615763546798016,-0.744416873449116,-2.41423125794156,-1.94300518134716,0.0,3.25814536340853,0.869565217391308,-1.51324085750317,1.49068322981368,-2.287166454892,-0.2547770700637,3.56265356265357,-0.742574257425749,0.492610837438413,-1.62703379224029,2.44200244200243,2.26730310262531,-0.119474313022719
0,0,-0.716845878136207,0.238379022646023,-2.06812652068126,-0.611995104039176,0.365853658536578,0.121802679658972,-2.11442786069654,-0.751879699248104,-2.30769230769232,1.14068441064639,-1.15384615384615,-4.97981157469717,0.668449197860972,-2.88858321870703,-3.26704545454545,3.2967032967033,0.0,2.1505376344086,7.92079207920792,-1.7632241813602,-0.252525252525258,-0.763358778625949,1.25628140703517,-3.37662337662337,0.129701686121917,3.74531835205992,2.55474452554746,-3.26633165829147,-1.143583227446,2.71940667490729,-0.998751560549314,3.14389359129383,-2.09876543209876,2.17391304347826,-1.9704433497537,-0.246913580246908,2.9940119760479,3.46820809248556,0.230680507497112,-1.76056338028169,1.3888888888889,2.7027027027027,0.33670033670033,-1.36518771331059,-1.61849710982658,-1.52582159624414,2.18140068886339,1.80383314543403,0.671892497200454,-0.112107623318383,-0.677200902934543,1.11607142857144,2.81995661605206,-0.545256270447118,1.82012847965739,-2.97684674751929,0.220022002200215,0.328947368421046,-2.70270270270268,0.671140939597301,1.10619469026548,3.31550802139038,0.743099787685778
0,0,-0.104166666666664,1.63934426229508,-2.62881177707676,-0.63492063492064,0.211193241816276,0.941422594142258,-1.81043663471778,-0.427807486631026,0.213447171824969,2.19206680584552,-2.9001074113856,1.48148148148147,-3.05343511450381,-10.3489771359807,-0.972053462940462,3.29024676850763,2.5200458190149,0.34246575342465,-1.15473441108545,2.03619909502262,-0.226757369614508,3.39539978094195,1.82795698924731,0.534759358288759,-1.6304347826087,-0.108813928182805,-0.767543859649126,1.93548387096776,-0.758396533044423,-2.78396436525612,-2.16154721274177,-1.97215777262181,2.8184892897407,-3.25960419091967,0.693641618497116,-0.348027842227391,0.346820809248568,-0.231749710312857,-1.05386416861829,0.813008130081304,0.577367205542733,0.688073394495418,1.6910935738444,1.0044642857143,-0.561167227833902,1.87224669603524,1.41150922909881,-1.20879120879122,1.93965517241379,0.0,-2.65486725663717,-1.57303370786515,-2.18140068886337,0.457142857142847,0.11415525114155,-1.27167630057803,-0.815850815850819,-0.233644859813079,2.83768444948922,0.564334085778769,-0.796359499431175,-0.457142857142847,-0.806451612903229
0,0,0,0,0,-1.43712574850301,0.595238095238104,-0.119189511323001,0.0,-2.31707317073172,0.966183574879228,-1.84501845018448,0.489596083231324,2.50596658711218,-0.721153846153852,0.478468899521521,-1.70316301703162,-1.98511166253102,-0.62421972534333,3.37756332931242,-1.71779141104293,-0.246002460024595,1.69286577992743,1.07655502392344,-2.45098039215685,-1.11524163568773,2.88808664259928,-2.2140221402214,-1.11940298507465,-2.55102040816326,-1.03092783505155,5.36585365853658,0.726392251815987,0.120918984280529,1.54761904761906,0.355871886120989,-0.476758045292004,-1.2062726176116,2.35571260306244,2.8604118993135,1.6872890888639,-2.89351851851852,-0.934579439252337,2.72727272727273,-0.227790432801838,-0.688073394495398,0.570125427594059,0.340909090909104,-0.113765642775899,-0.228050171037623,-1.50462962962962,3.24748040313549,-1.94063926940639,-0.114285714285712,0.681044267877418,0.451977401129934,-0.797266514806382,-0.688073394495398,3.00333704115684,-1.69683257918552,-0.568828213879417,-0.572082379862688,2.56410256410257,-0.223463687150853,-1.35900339750848
0,0,2.11345939933259,1.85589519650655,3.27349524815206,-2.04741379310346,-0.432900432900424,1.80658873538788,-1.83982683982684,-1.65016501650165,-2.9445073612684,-0.340909090909084,2.76243093922652,2.47844827586205,4.13223140495868,2.12335692618808,-0.610376398779252,-0.101832993890018,-6.50759219088937,-0.326441784548435,0.969827586206895,1.7989417989418,2.67765190525233,0.614124872057305,-1.24352331606217,0.309917355371894,0.411522633744865,-0.621118012422365,1.92893401015228,-1.65118679050568,0.103092783505152,0.205761316872442,0.102774922918806,1.91532258064516,1.78217821782178,-0.497512437810935,1.37389597644749,-1.09126984126984,0.198019801980194,1.84645286686103,-0.390243902439016,-0.49019607843138,2.39234449760766,2.97121634168988,-3.95752895752896,0.671140939597318,0.94966761633428,0.0,3.39449541284405,-0.646352723915053,1.54545454545454,0.0,-1.10294117647058,1.62748643761302,2.72647317502198,-0.797872340425531,-3.96313364055299,-1.87793427230046,-2.89855072463769,0.86206896551724,0.666032350142724,2.77520814061055,0.276752767527669,1.45454545454546,0.271985494106975
0,0,-0.358422939068093,1.84696569920844,2.48713550600344,-1.30321459600348,-2.40213523131672,1.23022847100176,0.7846556233653,-0.879507475813557,0.175592625109757,2.23175965665236,0.0,-0.953206239168121,-3.77697841726619,-3.82819794584499,2.54777070063694,3.25704225352112,-0.620017714791854,-0.803571428571427,2.35396687009591,-0.7908611599297,-0.352733686067028,-2.53164556962025,-3.75234521575985,-1.23456790123458,1.31208997188379,-2.6948989412897,2.53283302063789,-0.566037735849061,1.11940298507464,-2.68199233716476,0.381679389312986,1.68855534709193,-0.376647834274962,-1.14285714285714,-0.38240917782026,-1.75097276264593,-0.292682926829262,0.0974658869395691,2.28571428571429,-1.84287099903006,4.09302325581395,-0.0931098696461805,-0.84507042253521,1.84331797235022,-0.277264325323469,-0.371057513914665,2.61969286359531,2.38095238095238,-0.176678445229678,-0.354609929078022,1.31233595800525,1.29533678756477,-0.346620450606594,-0.874125874125871,-1.68888888888888,1.74672489082969,0.521285838401394,2.54022015241322,-0.169635284139112,-0.769230769230768,1.51515151515153,2.5430680885972,-1.83792815371762
0,0,0,-2.42634315424611,-1.40597539543057,4.20875420875421,1.08243130724396,-0.839630562552474,-3.20623916811093,1.36752136752137,1.26582278481013,0.670578373847444,1.07794361525705,-4.86956521739131,-1.76991150442477,0.877192982456137,4.52261306532663,0.417014178482074,-2.47863247863249,-2.63157894736841,3.2258064516129,0.254022015241331,-0.169635284139112,3.59771054783321,3.70078740157479,-2.25442834138486,0.400962309542909,3.1832298136646,0.155038759689919,1.37614678899082,3.25443786982248,-4.0,-0.697134004647559,7.18907260963336,-1.60701241782323,-0.735835172921263,-0.295202952029514,-0.221893491124269,-0.520446096654277,0.811209439528032,-4.06753645433616,-1.00775193798449,-1.81531176006314,4.37735849056604,1.11940298507463,1.47058823529411,-1.94902548725637,-1.67682926829269,0.228136882129286,-1.23171670515781,-0.541795665634677,4.22535211267606,-3.60983102918587,0.988593155893542,-3.78847671665352,-0.158102766798416,1.93798449612403,4.58579881656804,2.3826714801444,-1.53958944281524,-0.66420664206642,-1.42215568862276,-1.13550340651021,-0.532724505327247,3.94736842105263
0,0,0,0,2.04946996466432,0.771388499298734,1.51933701657459,-1.47161878065873,-0.281096275474344,2.60095824777549,1.61616161616162,-0.5416384563304,-0.819112627986343,0.946585530764022,-2.77970813064627,-2.05673758865249,2.75862068965517,-1.11576011157601,2.64765784114053,1.40562248995983,-3.17679558011049,4.86202365308804,1.04031209362809,-1.3175230566535,0.0,-1.1325782811459,0.530152418820411,-1.61616161616162,-1.85185185185185,1.2863913337847,0.20270270270271,1.79163901791639,1.50326797385621,0.520156046814045,-0.130208333333342,-2.46831220813875,3.10277957336781,-0.979112271540472,0.584036340038935,3.2035175879397,-2.24791265253693,-2.03145478374836,0.391644908616191,-1.99733688415447,-0.940860215053755,-0.744752877454308,2.76497695852535,-0.330250990752965,0.851342501637191,0.650618087182821,2.22646310432571,1.38017565872019,-1.39949109414758,0.694883133291216,-0.444162436548225,-1.22029543994862,0.701530612244894,-1.09606705351386,0.513149454778705,0.128122998078152,-1.29785853341985,0.644745325596387,-0.583657587548637,0.899742930591263,1.95337114051669
0,0,0,-0.938673341677087,-3.56448476992871,-0.325097529258771,0.581771170006463,-2.45033112582782,1.11329404060249,0.585937499999999,-0.39215686274509,1.03492884864166,5.03685503685504,0.0613873542050215,-0.991940483570987,-1.5103838892385,-3.51791530944626,-7.11793440334961,-0.986610288935874,1.32127955493742,0.621976503109882,-5.62043795620439,2.35210263720599,-1.66666666666666,1.84921763869132,0.495399858457185,1.46443514644351,-0.98591549295775,-0.353356890459356,-1.87185025197984,2.66292922214435,-0.563777307963355,-1.72043010752688,-3.79464285714286,2.11216314639476,-0.438917337234824,-1.71130952380953,3.17002881844381,0.50179211469533,2.37928621413576,-2.51076040172166,2.72156315422192,2.25102319236016,-0.410958904109592,-3.39943342776204,0.212014134275626,0.352112676056331,-0.424328147100415,1.32588974180042,-2.06552706552707,1.54277699859748,-0.210822206605758,2.86689419795222,-1.24395300621976,-3.13613684960799,-1.59304851556842,1.35714285714285,-1.89228529839883,1.07991360691145,0.430107526881711,-1.08695652173912,1.56918687589158,4.88466757123474,0.338066260987146,0.13504388926402
0,0,0,1.79760319573901,1.1191573403555,1.36363636363637,0.259067357512948,0.0647249190938498,-1.17878192534381,-1.93591455273698,-0.875420875420881,1.39442231075698,1.63291966035271,-3.16711590296496,0.602813127930341,1.12582781456954,2.39172592113769,0.769724182168051,-1.8954248366013,2.04865556978232,-1.56046814044212,-1.3175230566535,1.42857142857143,0.773195876288655,-1.23939986953685,0.968992248062018,-0.51948051948052,0.129701686121917,0.323206205559151,0.25789813023855,-0.845253576072815,1.15681233933162,2.75,-0.0625390869293295,-0.502828409805154,0.0,-0.315258511979828,-0.506970849176173,0.941619585687384,-0.822784810126576,1.98511166253102,-0.687070580886942,-0.945775535939484,-0.0630914826498409,-0.126342387871128,-0.699745547073788,-2.14424951267057,0.388349514563099,2.95226130653267,-0.378310214375791,0.626566416040109,-0.188323917137484,-0.378071833648396,1.976528721433,0.0617283950617161,0.246305418719207,0.0,-1.12079701120797,0.802964793082165,2.1160822249093,0.898741761533865,0.831847890671402,1.92307692307693,0.174520069808035,-6.96950840074674
0,0,0,3.00187617260788,2.0820575627679,0.0611995104039263,-0.24539877300613,-0.369458128078832,0.551132884262094,2.27408737283066,0.0598086124401795,0.9478672985782,0.705882352941182,-0.413467217956292,0.878220140515214,0.985507246376821,0.519031141868511,-1.04895104895105,-1.00058858151855,2.01845444059978,-1.70087976539589,1.10208816705335,-0.0580383052814742,-1.9526627218935,0.588235294117655,-0.176782557454338,1.33720930232558,1.37614678899084,-1.10144927536233,-2.92362768496419,0.415923945335691,-0.357781753130583,0.769230769230763,0.412492634060108,0.585823081429417,1.67050691244239,-0.754497968659309,-2.07345971563982,-1.44230769230768,-0.604594921402669,-1.4723926380368,1.39140955837871,0.958657878969444,-1.21285627653125,-1.10361741263029,3.54819633353046,0.0591016548463449,0.587544065804923,-1.79425837320575,-1.14942528735631,-0.547445255474452,-0.735294117647065,-2.06378986866792,-0.946969696969699,1.73697270471465,-1.06583072100315,1.29950495049505,0.185299567634349,0.917992656058743,-1.36476426799007,0.982800982800984,1.3930950938825,-1.0403916768666,-0.677757239679602,-2.78657378087398
0,0,0,0,0,0.0,0.0622665006226526,1.16923076923078,-0.494743351886198,2.3550724637681,-0.120918984280529,0.301386377335749,0.0602409638554311,-0.36275695284161,-0.853658536585369,-2.11706102117061,-0.626566416040087,0.622665006226637,-1.32492113564668,-1.08418367346939,0.759493670886082,0.441083805923116,1.30597014925373,10.0671140939597,-1.18845500848895,-0.971428571428581,0.455062571103517,2.6578073089701,-0.110864745011084,-1.4052838673412,-0.508474576271186,-0.340136054421761,1.61740100390407,0.664819944598343,-0.222098833981117,0.880572372041828,2.10129310344826,-0.270124257158277,-0.543183052688764,0.540248514316593,-4.87252124645894,1.34153158188933,-1.35977337110483,-0.227143668370239,-0.628571428571425,1.01809954751131,-0.913242009132421,-0.0571102227298573,0.341491178144557,0.734463276836153,-2.84718187100522,1.03507763082231,0.798630918425559,-0.805060379528468,1.69587337478802,2.80219780219779,2.15053763440861,0.428265524625259,-0.160857908847191,0.955921402018055,-0.426666666666658,0.053304904051181,1.57397691500523,0.313807531380765,0.0522739153162468
0,0,0,0.0513083632632017,0.459652706843717,-0.823892893923772,-0.517598343685308,-0.782472613458521,2.93670886075948,-0.765306122448972,1.60642570281125,-0.403225806451622,-1.17287098419174,4.01370533529124,0.82524271844661,0.961538461538458,0.191938579654506,1.04463437796771,-0.28571428571428,-2.58915486077187,-0.195790504160544,1.06537530266343,0.959232613908887,-0.240384615384619,-0.0962463907603444,-0.192864030858258,-0.193236714975841,0.337024554646126,-2.51727541954589,1.31514856307842,-0.538687561214493,0.195503421309869,2.57142857142857,-1.30246020260492,0.0963855421686726,-0.387034349298492,1.24223602484471,-1.40503875968992,-0.291545189504384,-0.734214390602049,0.292825768667637,0.388915896937296,0.579990333494447,0.289156626506018,0.907354345749767,-0.576368876080696,-2.3095823095823,-3.56234096692113,0.506329113924058,0.302877334679448,-0.405473897617832,1.7430278884462,0.396825396825406,0.247402276100944,-0.397416790859423,0.346534653465348,-2.17501264542236,0.352822580645163,-1.12130479102956,-1.34297520661158,0.206185567010305,2.51256281407035,-0.505050505050494,-2.0618556701031,1.37264870360957
0,0,0,-0.153925089789642,0.357873210633948,0.609756097560981,1.25439036628199,-0.352467270896275,0.550826239359036,0.0500500500500579,-0.858152448258464,-1.01988781234064,0.30503304524658,2.67194458189015,-4.28276573787411,-1.99999999999999,-0.369783412572638,0.158227848101272,-1.71673819742489,-0.865800865800866,1.22928915018707,-0.537345513164973,-0.323450134770883,1.59151193633953,-2.05739036275042,3.19706498951782,-0.792393026941355,1.45757418011453,-2.94748124330118,-0.701565029681592,0.909090909090899,0.690387679235258,0.423056583818095,-0.58510638297872,1.05263157894736,-0.475938656795346,-0.265111346765645,-0.586666666666664,-0.860677783754708,0.321715817694363,-1.57952069716775,-2.97251822770612,1.05438401775805,0.27670171555064,0.605060506050602,2.10016155088853,-1.8092105263158,2.97872340425533,0.159320233669663,-0.533902829684986,1.73137460650576,0.313807531380765,0.67532467532467,-1.26249342451341,-2.14938205265987,3.37487019730011,0.310559006211173,2.07805372529144,1.69407075236672,-0.904977375565609,2.30844793713162,0.196078431372545,0.778210116731518,-0.636319138521777,2.38891543239369
0,0,-0.193610842207159,0.481695568400778,1.42450142450141,-2.23300970873785,2.13776722090261,2.04746393671474,-1.55954631379961,2.26327944572748,-3.09523809523809,0.943396226415091,0.749063670411986,1.79310344827586,-3.57142857142857,1.31578947368422,1.06927010692701,2.13830755232029,3.38461538461538,1.85504745470233,-0.870322019147081,-1.05540897097626,1.51580770896493,-0.873743993010045,2.38805970149253,0.635593220338992,-0.169779286927006,-5.60286866875841,0.97647581003108,-3.4435261707989,-2.34962406015038,1.29870129870129,1.77676537585422,-0.549702244617503,2.19534050179212,-3.14232902033272,1.09689213893966,-1.62563864375289,0.600184672206828,-3.38902147971361,5.84269662921349,2.92321116928447,-0.174825174825187,1.67597765363129,-1.30605137135394,-1.63716814159291,3.37751175716118,1.76396472070558,-1.18997025074372,1.42438206954336,-4.14485165794066,2.13492741246798,-1.38528138528139,-0.785340314136124,-0.880281690140858,0.219587176108918,0.524246395806033,0.304878048780489,1.16229014205768,0.938166311300635,0.509121764955456,-1.77029360967185,0.043159257660775,-0.739130434782616,-1.45566828407586
0,0,0,0,0,-2.13507625272332,3.77358490566039,-1.83603757472246,3.42268041237113,-0.580671920364996,0.944946589975351,-1.07973421926911,-1.99068191444303,0.83998320033599,-0.847098686997032,-2.29636048526864,-3.96396396396396,0.93708165997323,1.71052631578948,-5.89874593590339,-0.139534883720936,0.370713623725664,1.90909090909092,3.67775831873905,0.56595559425337,0.777537796976241,-3.90484739676839,0.668747213553271,-0.945094509450949,0.179694519317173,0.179372197309413,1.10864745011086,0.79190497140343,-1.6092981671882,-0.268937696100414,1.23948649845065,0.921052631578951,-3.77787892580793,-2.37651444547995,1.60476845483722,0.998638220608272,-0.593607305936085,3.6515618125825,3.93068469991547,2.55354200988468,1.54095701540957,-0.735294117647058,-2.38393977415308,1.80698151950719,-5.54833116601648,2.36986881083368,1.54166666666667,1.03092783505155,-2.01935212452672,-1.66809238665526,2.78586278586279,-1.13540790580319,1.81668042939718,2.37807335751713,2.70588235294118,-1.51273885350318,-0.520208083233304,-0.725513905683191,3.68788819875778,2.57186081694402
0,0,-0.464576074332176,1.29919755445168,-0.537840952746833,-0.346954510408635,-1.68561348490788,2.07293666026871,-2.88309636650869,0.275699094131549,0.548374461417942,1.42857142857142,-3.68294635708566,3.47758887171561,0.652591170825342,-2.39779874213836,-0.752475247524758,1.01920815366524,0.739299610894933,2.13252094440214,-1.58607350096712,0.115919629057178,2.33962264150944,1.19313944817301,0.037271710771517,0.886590321388999,-1.72867343104097,1.66297117516629,-0.894854586129748,1.54185022026431,-1.8698578908003,-1.75038051750379,0.755287009063441,0.263653483992468,0.225479143179251,1.18826587448942,-2.62957317073171,2.23546944858421,-1.32125330313326,1.26723816623183,-0.186706497386098,3.21647994217564,-0.0361532899493911,-1.3558079882741,1.30198915009041,1.67140825035563,0.706214689265534,-3.43316289262236,-0.847145488029468,-0.22148394241417,-1.91873589164786,-0.83459787556904,2.62282970077577,0.368052999631952,-1.49420993649609,-0.149644594089035,3.64095169430425,-1.38888888888889,0.0730460189919634,-0.477064220183483,-0.0367107195301085,-2.90895353230072,-0.151343170639422,0.188821752265864,-1.53374233128835
0,0,-0.391389432485315,1.08401084010839,3.47533632286997,0.557413600891857,1.42857142857143,-1.67597765363128,-0.298841987299222,2.65454545454546,-0.328347318496898,1.04693140794224,-11.8739903069467,0.241740531829165,2.85714285714286,3.03605313092979,-0.037965072133643,3.3394495412844,-3.49411317888341,2.44535012967766,-0.14842300556586,0.148203038162279,-0.558867362146045,0.297176820208031,2.67534345625451,1.24955373081043,-1.78052325581396,3.0644593166608,-0.602409638554223,1.15586690017514,-0.492784230904613,-0.247000705716303,-0.746533949520088,-0.824372759856632,-2.31023102310231,0.146466495789085,-0.849335302806501,0.294550810014734,-2.10526315789473,1.26206384558278,-0.223214285714294,-1.05263157894736,-0.987091875474569,-4.77326968973747,2.14091086025691,-2.80112044817928,-4.47324414715718,-1.65745856353591,-0.814053127677812,0.299017513882957,4.52691680261011,-1.91188694929344,-0.585284280936442,4.01284109149278,-6.17809970174692,0.466497031382525,-1.50667240637106,-3.93736017897091,-0.044762757385862,4.28449014567266,0.765306122448978,3.28947368421053,-14.6088595664468,7.011393514461,-0.750551876379698
0,0,2.36013986013986,-9.26456542502387,-3.15270935960591,1.12031173891866,-2.54745254745256,-6.83030949839915,12.1425222691045,-3.24298160696998,-7.94148380355277,7.49154180763654,3.81218038121804,7.48387096774193,-1.04302477183832,0.989672977624772,-2.19876868953386,-4.98614958448753,-2.16981132075472,5.31487271103172,1.88431200701139,2.26980728051392,-1.8760907504363,3.12764158918004,-0.5524861878453,-4.53131941359396,-1.53360396932792,1.55417406749555,-0.446030330062435,-1.58586316266426,0.719748088169141,6.00422832980972,-0.809889173060519,-2.22222222222223,-1.50375939849624,-4.67592592592592,-4.04624277456647,-0.144717800289441,2.94943820224719,3.21703670140463,1.99822380106572,-0.53571428571429,-5.51106924163918,3.71882086167801,4.46273830155978,-1.36144049187527,3.88349514563108,-1.5430775825118,-4.05887600356823,1.66666666666666,-3.49523377212891,2.13238560639716,-1.53360396932792,7.35478478896782,-0.419639110365092,2.29602296022961,1.7720499395892,1.27236580516899,-0.599999999999994,0.911613158937774,-0.920000000000002,-0.240577385725737,2.84378652123101,-0.391083300743064,1.99310080490609
0,0,0,0,0,-2.73972602739726,-1.88834154351396,0.286532951289399,-2.26035998325659,-0.251783466219061,1.52892561983471,-1.63796724065519,0.832986255726792,0.538525269262631,-2.28813559322034,4.45344129554655,-1.43737166324434,-0.953565505804314,0.289375775113685,-0.331812525922861,4.59042342698852,0.197472353870461,0.275699094131549,2.08252988816043,1.78030303030303,-1.61662817551962,0.49789352738414,0.457491422035841,-1.86407766990291,-3.455202892728,0.360288230584467,1.06930693069307,-0.517515923566875,-3.11986863711002,1.7741935483871,-1.14192495921697,1.92,-2.12418300653595,2.74135876042909,-1.61485668146953,-5.26986825329366,-5.04464285714287,-1.17434507678409,1.64371390493115,0.749559082892408,-3.60895386021014,0.499999999999997,-0.686498855835234,1.79775280898876,-1.04450499545868,0.900090009000897,2.20070422535211,-2.85196921684019,4.1648590021692,-2.12671688081524,-1.89616252821671,0.0451263537906208,2.97723292469352,-2.51346499102333,-1.54968094804011,0.136549840691842,0.946798917944098,2.76194651468654,1.5112262521589,-2.52324037184595
0,0,0,4.85312899106001,2.85359801488834,-1.93929173693086,-0.126635711270568,0.545759865659106,-0.252525252525247,-1.84312044577798,-4.75976650202065,0.669045495093676,-0.358102059086848,-2.0557332115121,-0.137236962488569,5.40891389009087,-0.697167755991286,-0.218340611353715,3.61952861952863,0.168067226890753,-1.36286201022147,-2.53275109170306,-2.18652387327085,0.178173719376388,-0.853548966756504,-1.13584734211722,3.12499999999999,-3.27272727272727,1.47783251231526,-0.26942074539739,-0.315315315315317,-0.452488687782796,-1.00548446069471,-0.922509225092248,-1.59325210871603,-0.850661625708883,0.563909774436095,-0.519603212092581,0.329566854990568,-2.50965250965251,1.3802950975726,2.50580046403712,-0.74801309022908,0.742459396751741,3.62254025044722,0.445235975066792,-0.762673844773449,-0.179775280898873,0.179452669358453,-0.677506775067744,-0.226346763241289,1.69114374721851,-2.27583067819754,0.498188405797099,2.98769771529,2.10752688172042,1.10591237771162,-1.5112262521589,0.728675525075003,-0.300945829750631,2.84043441938179,-0.757575757575756,-0.337837837837846,-1.11016225448334,0.0
0,0,-0.305944055944057,-1.2837538733953,-0.578806767586816,-0.492170022371362,-0.585058505850597,1.89845474613686,-0.890868596881957,2.00785683107814,2.21937686726419,2.0484949832776,0.291788245102112,1.1536876802637,-1.42081069786878,0.992966487381059,0.206440957886033,1.06209150326798,1.52855993563958,0.200722601364917,-0.484066155707951,-1.30772374335922,0.689935064935072,-3.01003344481605,-2.13492741246798,-3.03563572371316,0.655594405594399,0.521739130434787,-0.744634253175654,0.392670157068078,-1.46082337317398,-0.489323843416368,-1.62748643761302,0.180505415162451,1.99026979212737,1.65289256198347,0.260303687635585,-0.217391304347829,0.519031141868516,-0.0432713111207337,-0.872981230903533,-1.28205128205128,-0.399467376830891,0.132978723404245,0.397350993377483,0.3519577650682,1.47377546597312,1.49444918872759,0.762711864406778,-1.85584807941303,-0.520607375271154,0.902837489251938,-0.954861111111122,0.518134715025911,-1.04712041884816,-0.174825174825187,1.88679245283019,-1.08365843086259,-0.566695727986046,0.260869565217386,0.432900432900439,1.86915887850466,-1.2908777969019,0.0430107526881788,-2.64900662251656
0,0,1.11111111111111,1.5748031496063,-0.882612533097967,-0.221141088014156,0.1766004415011,-0.265604249667989,0.834064969271296,1.04257167680277,1.28644939965695,-1.03986135181977,1.40965399401966,-1.51777970511709,-1.72033524481693,-1.65919282511211,-1.73357664233576,-0.92081031307552,-0.742115027829314,-1.26820103334899,0.838379133674894,-0.940291490362009,0.281293952180022,2.6027397260274,0.13679890560876,3.60439560439561,1.64288802421098,0.686990124516961,0.512601452370786,0.678829019940603,-0.554607508532419,0.340136054421761,0.843170320404719,0.126315789473689,-1.53911928174433,-0.558899398108336,-0.301854247520484,1.31914893617021,-0.0851788756388397,0.0425713069391146,-0.902061855670091,-0.954032957502179,0.603448275862072,0.300816501933822,-0.605274535235627,0.729613733905587,0.0429000429000344,-1.08412836079792,-0.260869565217386,0.647948164146862,0.25850926324861,1.14991482112436,-3.61871138570168,-4.8588616381305,-0.0462962962962871,-0.84033613445378,0.741427247451328,0.185013876040716,-0.558139534883726,0.0,0.60101710587147,0.505979760809565,0.730593607305937,-1.20147874306838,0.0461893764434088
0,0,0,0,0,3.35120643431635,0.222915737851095,-0.718455321059722,0.757575757575765,0.177935943060494,1.18681318681319,-0.0879894412670461,0.131810193321622,1.64217804667242,-0.521285838401394,-0.567933595456527,0.651041666666661,-0.831509846827123,-1.87249219794918,6.61948376353039,-1.13684210526316,1.61557580778791,-0.961940610623172,1.52388797364086,-2.14556163230964,-2.28055077452668,-0.215610176800333,-0.607375271149677,0.43196544276457,-0.69595476294041,1.66809238665526,0.510638297872345,-0.298762270593258,3.69913686806411,1.61746866154469,-1.26945126945126,-2.00501253132832,-1.14068441064639,0.462573591253152,-0.337552742616042,0.461990760184794,-0.252631578947363,0.084139671855278,0.0420521446593842,-1.06247343816405,1.17597648047038,-1.31914893617021,0.927487352445189,-0.338409475465306,-0.382165605095541,0.674820750738086,0.210437710437713,-0.0842459983150932,-0.635862653666802,0.506115563053568,0.919348098620973,0.622923588039861,-0.837520938023448,-0.972515856236788,-2.91557876414272,-1.36744596382884,1.17698343504795,-0.569925471284536,-0.307827616534742,0.350569675723058
0,0,0,-0.747252747252755,-0.0879894412670461,0.785683107813181,-0.0436681222707492,0.130832969908422,1.03582218385845,-0.607902735562312,-1.63283318623125,0.831509846827139,0.0874508089199807,-1.50909897913893,-10.549558390579,-0.39408866995073,2.54440710513681,-2.71203155818539,-0.495540138751246,0.786627335299902,-0.693069306930696,-1.76322418136019,0.150905432595561,-3.2191069574247,4.17910447761194,-2.60336906584993,-2.13764337851929,0.0521104742053234,2.24146714212938,2.2410358565737,-1.72239108409321,-4.49973530968765,1.15122972265829,0.156739811912232,1.84615384615384,-5.46241211465658,-1.14879649890589,-0.605393505778753,-0.442233278054184,-3.90580126364158,3.91832229580574,-0.890868596881961,-1.35440180586909,1.55555555555556,-0.27855153203343,-3.45821325648414,-0.754936120789794,-2.92887029288702,-1.70212765957447,2.43179122182681,2.31749710312863,0.346420323325628,2.47747747747748,0.837520938023443,0.444691495275143,0.111049416990578,0.221606648199441,-0.55710306406686,0.828729281767968,-1.34378499440091,1.70610897083105,-1.56512017887088,-2.2870211549457,-2.04200700116685,-0.410076157000587
0,0,-0.230017251293842,0.457927876359464,-0.344629523262485,-0.230282095567065,-0.754060324826001,2.04545454545456,-1.09132682366457,0.229226361031514,-9.2673763306199,2.91793313069908,0.303030303030307,-0.303951367781159,2.60509177027828,-1.01674641148326,-0.179748352306756,0.0,0.119688809096347,-0.0598802395209675,-0.240096038415361,3.30818340104469,0.0580046403712182,2.10107893242476,1.39977603583427,0.279173646007821,-0.167785234899335,0.111731843575417,-3.58796296296295,0.288517022504311,-0.99067599067598,-1.35853514471353,0.878220140515214,-1.12492599171106,-1.93120096560048,-1.53186274509804,0.609013398294771,-2.30529595015577,2.19378427787934,-2.37055520898315,1.41451414514145,-0.308451573103027,-1.88560653676933,3.63416111447608,0.422195416164033,2.52792475014699,-2.40818783865143,2.00589970501475,0.411280846063456,0.988947062245501,0.0,0.347826086956514,0.975889781859941,0.400228702115476,-1.21527777777776,2.92134831460674,0.835654596100271,0.277777777777782,-0.61486864169927,2.07991242474001,-1.8962632459565,0.774764803541785,-0.780814277746796,-0.673778775968563,0.391498881431769
0,0,1.83231538034426,-0.727069351230439,1.37892995035852,0.220143093010472,-0.386740331491714,-0.22148394241419,1.52671755725191,0.326086956521732,2.43902439024391,-0.479488545551411,-2.23311546840959,4.32516935904118,1.84143222506394,0.051124744376268,1.06221547799697,0.201918223119632,-0.405473897617832,1.00351229302559,-0.504286434694914,1.44135188866801,0.24789291026277,-1.305876443998,-0.454086781029263,-1.74537987679671,-0.308959835221415,-0.883116883116892,0.568181818181815,0.66700872242175,-3.12169312169312,0.526315789473692,-0.422832980972507,-0.37135278514589,0.68493150684931,0.315126050420161,-1.00795755968169,-1.94699837750137,2.11752249867656,-1.83288409703504,-0.107933081489474,-1.53424657534247,1.88172043010753,1.3262599469496,-1.23523093447906,-1.47138964577656,1.23789020452097,0.535331905781592,-0.972972972972971,1.64805954279638,-2.11726384364819,0.967741935483869,0.321543408360122,1.37420718816068,-1.77514792899409,0.0,-1.69584245076586,-0.605393505778753,-0.220628792057378,0.384615384615386,-0.496963003865267,0.494505494505494,-0.386100386100388,-0.0551876379690839,0.929469655549471
0,0,0,0,1.3859275053305,-0.0533333333333417,0.0,-2.29132569558102,1.34553283100108,1.74510840824961,0.786988457502616,0.26164311878598,1.24031007751939,-1.41509433962266,0.0,0.0523834468308097,0.36534446764092,-0.419287211740052,3.7821482602118,-1.84899845916795,-1.9371727748691,0.468994267847837,0.311688311688305,2.43284338570705,-1.91115702479339,0.206185567010305,-1.09431995831161,1.08247422680411,-1.62388685175484,0.417318727177892,0.104220948410628,0.466804979253111,1.12820512820512,0.964956830878625,-0.203562340966935,0.0,-2.07792207792207,-1.26249342451341,1.95977307890665,0.564102564102561,-0.0513083632632199,-1.08921161825725,1.17888262429524,2.44999999999999,1.71990171990173,0.876765708718946,0.4364694471387,1.00816130580892,-1.65934602244997,-0.342801175318299,-0.196270853778227,-2.41206030150754,0.100401606425719,1.19047619047618,-0.398406374502001,0.248385494287137,0.445103857566765,2.12971926427881,1.71265461465271,0.0950570342205303,-0.862895493767976,0.761179828734539,1.08235294117647,-0.0470809792843765,0.421940928270042
0,0,0,-2.34225621414913,-0.287631831256003,-0.530120481927708,-0.630455868089229,-0.048520135856388,-0.19445794846864,0.483792936623132,1.19502868068834,-0.335731414868107,-3.42261904761905,0.78740157480315,0.343305541932321,-4.40348182283666,0.357142857142859,0.809716599190284,0.902708124373118,-1.37264870360956,-1.28733264675592,4.47614363010328,2.40038406144983,-0.774068698596984,-1.77252584933532,0.926829268292689,0.581959262851605,-0.487329434697863,-0.63756743501716,1.25907990314769,-0.242718446601928,-1.57790927021696,-0.197628458498037,-0.347050074367857,-0.398208063713299,1.95217179111761,-1.33531157270029,-0.0494804552201782,0.148221343873506,1.02689486552568,0.679941719281207,1.34163871586009,-1.11434108527132,0.338000965717046,-0.925925925925932,-0.342298288508559,0.29254022428085,0.340136054421753,0.0,-2.33714569865738,-0.650650650650646,-0.452488687782805,-0.302571860816956,0.0,-0.303490136570555,1.39650872817956,-0.501253132832087,0.349650349650351,0.249128051818638,-1.10831234256926,1.19462419113986,1.904296875,1.01498308361528,0.0483091787439517,1.3346043851287
0,0,1.60984848484848,1.03092783505154,-0.565504241281814,-2.81007751937984,0.625902744342797,0.192215281114845,-0.823643410852704,-0.682926829268296,-0.440960313571778,2.11031175059953,0.239234449760752,2.74546300604932,0.509259259259273,-1.31332082551595,-1.13851992409868,1.90786412284784,0.41705282669138,-1.88857412653446,-2.02312138728323,-2.72142503711035,-1.76233635448138,-6.08974358974359,0.847457627118645,-2.55296034763715,3.46093340325118,-7.92303338992642,4.12371134020618,1.54914529914529,-0.429184549356214,4.01647785787848,-0.98803952158087,-3.10991957104559,-0.26881720430106,1.69133192389006,3.07377049180327,-2.30607966457024,-0.262743037309496,1.70454545454545,2.71356783919598,0.748129675810484,-0.551654964894681,-0.808897876643075,-1.90623390005152,-0.465838509316769,2.9145728643216,-0.759493670886069,-4.4420941300899,0.421274354923635,0.575916230366508,2.99644489588624,1.1049723756906,1.43564356435643,-0.899100899100898,1.95886385896181,-2.97528996469997,-3.44287949921751,0.260145681581671,2.78199291856348,1.24875124875125,-2.19499744767738,0.152905198776764,-1.13402061855671,-2.59122157588577
0,0,0,3.26864147088865,1.26071608673727,-0.864699898270591,3.29562223315297,-2.41813602015112,1.48883374689825,0.836614173228355,-0.494559841740858,-1.4550928248871,2.2080471050049,0.0980392156862724,0.487804878048787,1.15718418514946,1.23809523809525,-2.28933268387725,1.06024096385542,1.47198480531813,1.58878504672897,-2.73643783005281,-1.51072124756335,-0.0487567040467967,-0.195407914020531,-0.540275049115911,0.876338851022394,0.339640950994664,-3.411941796287,0.747011952191228,2.23953261927946,-1.53237765694512,0.491883915395956,-1.19462419113986,-1.41342756183746,0.651955867602821,-9.98345284059571,6.4499484004128,2.21997981836529,-0.916496945010182,1.30653266331657,-1.32382892057025,1.40562248995984,-0.453857791225433,-0.659898477157355,1.89243027888446,-0.904522613065325,-0.963977676306432,-1.80785123966943,0.717948717948721,0.0,-1.03626943005181,0.41279669762641,-0.67532467532467,-3.60602798708289,0.853788687299894,1.78197064989518,1.75077239958807,-0.361757105943154,1.52671755725189,1.45436308926782,0.0,1.67652859960552,0.928187591597449,2.1978021978022
0,0,0,0,1.17591721542803,0.607760635811122,-0.140449438202253,3.43580470162749,0.360360360360353,1.11358574610245,-0.0445632798573886,2.98313878080414,2.61052631578948,-0.635593220338977,0.505902192242822,-0.168918918918915,0.629458665547623,1.32505175983437,0.617283950617293,0.246305418719207,-0.123304562268809,0.409332787556289,0.610252237591532,0.324412003244128,9.83546617915905,2.3563013209568,-1.70660856935368,-1.47383935151068,-1.04244229337305,0.0744047619047603,2.07650273224044,-0.623167155425213,0.474279460051073,0.0,-16.6382978723404,-5.19247985675918,-0.359389038634314,1.41718334809565,0.22094564737075,-0.177069499778659,1.78260869565217,-1.01010101010101,2.31660231660231,0.808510638297878,-1.68758113370835,-0.741063644289443,-0.879507475813557,2.23559759243338,-0.911062906724516,0.129982668977459,1.40965399401966,-0.342906129447072,1.06022052586938,-0.941780821917803,0.722481937951558,-0.29838022165388,-1.3390928725702,0.728987993138944,0.426985482493601,0.804743752647174,0.337695230054883,0.0,0.837170364169105,2.21039705280393,-0.164001640016397
0,0,0,-1.94997880457821,1.214405360134,-2.48927038626609,-1.7911751856706,-0.792602377807132,0.656167979002618,-0.483516483516481,0.7849978194505,1.75664095972579,-0.128700128700134,10.7580398162328,-2.43137254901961,0.778210116731515,1.83346065699007,0.38051750380518,0.303490136570555,-1.07361963190184,-0.269127258746623,-1.12752721617419,0.84811102544334,-0.973141300116777,-2.18774860779634,-0.761523046092189,-0.889607763849571,2.33017377567141,1.17096018735363,1.15740740740741,1.18185284025924,-1.15696104897802,-0.542846064366036,-2.95409181636726,-0.320384461353632,1.84748427672957,-0.792393026941374,-0.557768924302777,0.829711576451985,-0.237623762376233,0.902668759811619,-0.910891089108913,-1.0808646917534,-2.67159884915743,1.09756097560977,-1.44329896907217,1.46281999187322,-0.448979591836732,1.28928283642224,-0.201857085183693,-0.242816673411569,-0.610749185667761,1.95608782435131,0.3976143141153,-0.199203187250985,1.02523659305993,0.118156754627811,-1.72275641025641,1.18764845605701,-0.477326968973751,0.158856235107225,1.71740827478533,-2.39808153477219,2.41809672386896,0.697134004647559
0,0,0,-1.20481927710843,-0.98116169544741,1.04854368932039,0.193798449612406,-1.85550730359259,0.0,0.977326035965598,1.50173276857913,1.70325510976534,0.60195635816402,1.11607142857143,-1.2810851544838,-2.31303006939089,-1.52641878669276,0.156311059007421,0.96749226006192,6.88288288288288,0.215749730312833,-2.35553919764445,-1.30499627143923,6.38743455497382,-0.773830460780861,1.35322692574601,-0.173792144595067,-1.26715945089757,0.140597539543055,-0.211342021838671,-0.247175141242939,1.59833217512162,0.724387719903406,-2.29357798165137,0.140944326990836,-0.460176991150439,0.563181978176699,-0.601983002832867,-0.785153461812987,2.19895287958115,-0.209863588667362,0.798056904927135,0.207756232686976,-0.452173913043475,0.312066574202496,0.551724137931035,0.752908966461324,1.78151260504202,-0.404994937563284,0.670465973851825,-0.573162508428854,0.736278447121817,0.796812749003991,2.87004192196066,5.74468085106382,1.43798681845418,0.654761904761901,0.178253119429576,0.649350649350667,-0.89338892197738,0.208023774145618,-1.87708144111413,0.8703481392557,-0.452215857702739,1.63107947805456
