0,0,0,0,0,0,7.69230769230769,8.89978976874563,7.05601389491967,-7.2659524918491,-3.171552138395,-6.71794871794871,9.17559385188635,5.10497237569061,-0.689808633733872,-4.65766185374942,8.87096774193548,-5.15509930819013,-14.5449897750511,2.05307961942914,-1.75796178343948,-4.83440170940172,-9.73036342321219,6.21220450797143,-5.08376660889661,-2.97441998810232,0.207776788364501,-1.72101449275362,-4.31496062992125,-14.4144144144144,-12.3936816524909,9.82468955441928,6.58478335039236,-2.84210526315789,0.0,-1.78571428571429,5.69215223981139,-6.03571428571429,5.08474576271187,-3.50877192982456,1.72413793103448,1.05765950187649,4.27824951012411,7.90977443609022,11.0486891385768,2.60552371026576,-4.60615971654403,9.13818722139674,6.35435992578849,-3.60403652090341,-4.70440251572326,-3.24675324675325,4.20502612590196,-5.76315789473684,-5.90858416945373,-5.52941176470589,-2.44049412473637,-8.14597588791136,0.615284974093257,-2.08264462809917,-0.833333333333333,8.03188228080931,-3.16255534471852,0.0,-10.2126176368072
0,0,0,-15.3786104605777,-2.9742765273312,-12.7833182230281,-12.4362895005097,-1.92207792207793,-2.66666666666667,-10.2941176470588,-1.85739964050329,2.168815943728,-0.352941176470581,4.22535211267606,1.71650055370985,0.331125827814582,-11.0974862047824,3.71900826446282,0.703399765533397,9.01333333333334,10.968660968661,-12.32,7.40740740740741,0.295420974889211,19.5643564356436,0.0,-14.4605621033545,-2.31910946196661,-6.15460364352536,0.636007827788662,-4.17940876656473,-14.3356643356643,1.60550458715597,-2.22743259085582,-4.15140415140415,-2.37499999999999,-10.3448275862069,-11.0260336906585,0.457317073170722,4.58181818181819,7.96519410977242,-8.65454545454545,-1.85185185185185,-2.35026535253981,2.2962962962963,-2.89634146341464,4.163623082542,0.43636363636364,-17.0212765957447,5.54662379421221,7.02541106128551,2.2644265887509,1.36887608069165,-1.90895741556536,0.945454545454551,0.0,-7.33801717408274,-2.9742765273312,-15.7209302325581,12.2448979591837,-3.11447811447811,15.5049786628734,3.43406593406593,12.3947051744886,-18.7142857142857
0,0,0,0,-7.74800868935554,-16.9348010160881,-7.36363636363637,6.38297872340426,-1.64359861591695,-6.25,12.96,-0.969305331179315,0.482315112540183,1.42630744849445,0.0,0.0,12.9655172413793,1.2933968686181,-5.38020086083214,0.0,5.49152542372882,-4.90753911806543,6.26666666666666,-3.87811634349031,-4.03458213256483,-10.5095541401274,3.38461538461538,0.0,3.7037037037037,-1.50375939849624,5.4054054054054,-5.63486100676183,-7.51211631663974,-0.568643379366371,-7.04347826086957,1.03270223752151,-4.49640287769784,-5.9047619047619,-9.83263598326359,0.62370062370061,-0.627615062761493,-3.35135135135136,2.63157894736842,-2.04081632653061,-0.648648648648654,5.70846075433232,2.48508946322068,-8.75675675675676,2.63157894736842,-6.62177328843995,3.67567567567567,-2.0971302428256,4.63157894736842,-15.995115995116,-2.37499999999999,0.0,-11.2656467315716,-1.41043723554303,-1.28571428571428,8.13648293963255,-3.25203252032521,-6.3400576368876,0.857142857142852,-6.70731707317074,-12.9087779690189
0,0,0,-1.05448154657293,14.0483383685801,-0.151285930408469,-0.151515151515162,8.96551724137931,1.36054421768707,13.1205673758865,-5.09316770186336,-7.33333333333334,8.53658536585365,-1.23456790123456,6.35838150289018,-2.00471698113207,-1.67865707434053,5.33484676503973,-3.16159250585482,2.40000000000001,2.77777777777778,3.74331550802139,0.0,0.106837606837605,-2.2950819672131,9.04572564612326,-5.78338590956888,-6.25698324022347,2.18579234972679,2.55591054313099,-1.51351351351352,-2.77777777777778,4.66101694915254,0.840336134453782,3.3502538071066,4.83091787439614,1.42857142857143,-1.94174757281553,0.866217516843117,6.56474820143884,-5.40284360189572,-7.21544715447155,1.6,-5.70824524312895,5.87064676616915,7.37327188940091,0.275735294117657,-0.276497695852545,6.94682675814752,-1.30321459600348,-9.51474785918173,3.13364055299539,-3.43183984747378,-5.11022044088176,0.498504486540368,-0.0998003992015947,2.71844660194176,0.0,-0.194552529182893,1.24879923150817,-0.0961538461538441,-1.5625,2.47619047619047,16.0,1.96078431372549
0,0,0,0,0,0,0,0,-3.25203252032519,-10.1163831692032,6.99417152373022,-5.62884784520669,-4.02561756633119,6.42123287671233,0.170940170940167,-8.33333333333332,1.90735694822887,-1.28794848206072,1.18181818181819,-4.26540284360189,4.09090909090908,-7.73751224289911,-1.59203980099503,0.297619047619041,-1.30653266331659,-8.26985854189336,-1.99778024417314,-0.111111111111109,-1.23734533183351,0.781250000000003,0.333704115684086,-3.33333333333334,-1.75438596491226,1.15606936416185,4.20819490586931,3.21543408360129,3.81443298969071,-3.30138445154418,-6.70454545454545,1.12359550561797,2.09020902090208,-0.553097345132751,2.69106566200215,1.17021276595746,-0.534759358288778,0.213447171824969,-1.84782608695652,0.755124056094933,-1.31147540983606,-6.51920838183935,-0.703399765533417,-13.2802124833997,-4.58333333333333,2.83400809716599,-5.10638297872341,-2.76967930029154,-10.6451612903226,-1.97368421052632,-3.57751277683135,2.16666666666667,3.69181380417336,1.1111111111111,10.0,7.89473684210526,0.262467191601056
0,0,9.98766954377312,-6.71052631578947,7.2039072039072,-7.76315789473684,-4.82758620689655,9.26157697121402,11.7127071823204,3.10492505353318,1.47679324894515,-4.75138121546961,1.09289617486338,-0.109409190371989,-0.883002207505519,1.52173913043477,0.755124056094933,4.43298969072165,-0.518134715025896,-1.57894736842106,5.0,-2.35414534288639,0.711382113821141,1.10552763819095,1.19165839126118,0.395647873392672,-7.3248407643312,5.32663316582914,-9.58149779735682,-7.0754716981132,3.63636363636364,5.7815845824411,-3.77777777777778,1.63934426229509,1.08108108108108,-0.108225108225106,-3.01003344481605,1.64473684210525,0.436681222707434,0.972972972972971,6.09137055837563,1.99004975124379,0.88757396449704,-0.8955223880597,-5.56722689075631,4.8,10.3942652329749,4.85933503836317,-5.39083557951482,5.59796437659032,-3.42105263157894,-2.1505376344086,-0.72202166064982,0.983020554066126,1.66959578207382,1.38648180242633,-2.12389380530972,-4.62962962962963,-1.31332082551595,-0.566037735849061,3.4608378870674,2.83185840707965,5.04201680672269,-3.11958405545928,-3.22003577817531
0,0,0,0,0,0,0,5.73089700996677,-3.79310344827586,-2.65486725663716,0.0,-1.16383169203224,0.356824264049964,4.5144804088586,-1.99826238053867,-0.964912280701749,0.436681222707414,-5.33578656853726,-6.88298918387413,2.02312138728325,2.2598870056497,-1.04662226450999,2.50463821892393,-1.69811320754717,1.66975881261595,5.85152838427948,-11.7073170731707,-1.58572844400397,-5.10416666666667,-10.9826589595376,6.98924731182796,-1.41766630316249,1.1853448275862,0.215053763440875,0.641025641025627,0.213219616204705,-4.4543429844098,-1.01237345331833,-9.7530864197531,-1.50375939849623,0.249999999999995,1.23456790123456,4.36835891381347,-1.92539109506619,0.35971223021582,0.119760479041914,-4.375,4.19161676646706,2.68065268065269,-1.53846153846155,3.09633027522937,-1.98830409356725,-3.63636363636365,2.25118483412322,0.705882352941182,1.62037037037038,3.13901345291479,-1.24858115777525,0.0,1.01123595505618,0.558659217877083,1.97152245345018,-1.44444444444445,4.76190476190475,-5.82306830907054
0,0,0.0,-1.80995475113122,-4.86358244365362,0.823529411764709,-2.40963855421686,-0.850546780072907,-0.857843137254905,2.85714285714286,-3.3210332103321,-1.24533001245332,0.741656365883813,2.53012048192772,-2.59579728059334,-0.747198007471986,2.07317073170732,-1.86335403726706,-2.287166454892,-3.14547837483618,0.521512385919166,4.125,1.47783251231526,-1.62703379224029,-2.30473751600513,-5.54054054054053,-4.22535211267607,4.05405405405406,-0.954979536152801,-4.86409155937053,0.14285714285714,-0.719424460431652,1.6973125884017,0.282087447108598,1.93637621023514,-2.26308345120226,-2.02020202020203,-0.434782608695643,-2.37388724035609,-3.21592649310873,-0.461538461538465,-3.01109350237719,-0.959999999999994,-2.79605263157895,-1.16472545757072,0.166112956810628,-1.00671140939597,-15.7281553398058,1.9047619047619,4.54545454545455,0.181488203266784,-0.364298724954455,-5.17241379310346,5.60578661844486,-0.728597449908926,-7.01754385964913,-2.6,-2.24948875255624,-6.30434782608696,3.96659707724427,-4.1304347826087,-0.877192982456141,0.869565217391305,-11.6504854368932,-4.83460559796437
0,0,-11.1111111111111,6.40000000000001,1.31578947368421,5.0,1.23456790123456,21.3592233009709,6.70289855072462,5.80204778156998,2.33333333333333,0.0,-5.26315789473684,-1.7857142857143,1.92644483362522,-7.93950850661625,14.4012944983819,-3.86554621848739,-1.01867572156198,4.69255663430421,-4.04040404040403,2.30263157894736,-2.87648054145516,-4.97335701598579,-12.375249500998,12.8695652173913,-3.60360360360361,-5.71428571428571,-2.94117647058824,1.16279069767443,-1.97628458498025,12.7586206896552,1.6949152542373,-6.30630630630632,-9.251968503937,-6.49895178197066,5.16898608349902,1.37254901960783,0.0,1.92307692307693,-1.9607843137255,-4.08163265306121,5.22243713733075,0.957854406130265,-5.03018108651912,-1.42857142857142,0.809716599190284,4.81695568400771,-4.84848484848485,0.999999999999996,-2.0408163265306,0.0,1.80360721442885,-1.42276422764228,-0.408163265306114,2.19560878243512,-1.82926829268292,-18.5542168674699,0.24038461538461,-0.970873786407768,7.62331838565022,1.97802197802197,-11.7936117936118,-1.49625935162096,-1.51898734177214
0,0,-1.16959064327485,-2.08955223880597,3.73563218390804,14.4963144963145,-2.00501253132832,3.85542168674699,-3.75000000000001,1.71990171990173,17.1079429735234,-10.3370786516854,2.41228070175437,2.35546038543898,-3.77777777777778,0.0,1.96078431372549,-1.77383592017739,0.44150110375277,0.43956043956043,7.14285714285715,6.66666666666666,-13.882863340564,4.55486542443064,-0.415800415800425,-2.12314225053078,-3.51648351648352,-12.0689655172414,-2.01005025125627,-5.0131926121372,12.4711316397229,-4.33734939759035,2.35294117647058,-1.19047619047619,-0.478468899521542,-16.4345403899721,10.25,3.61445783132531,-2.72277227722773,4.71698113207548,-2.16867469879518,-2.72277227722773,-1.2531328320802,-8.71934604904633,3.42105263157894,-2.9810298102981,-0.544959128065396,-1.66204986149585,-2.55681818181818,6.87830687830687,3.07692307692308,-4.55764075067024,-3.61111111111111,5.26315789473684,1.29870129870131,4.46650124069479,3.58851674641147,8.93246187363835,2.95983086680762,-0.211864406779675,-0.425531914893608,0.0,4.47154471544715,-4.01691331923889,8.15533980582524
0,0,0,0,0,0.833333333333334,0.826446280991736,3.2,-0.200400801603202,-0.808080808080809,5.17241379310344,-1.16279069767441,-7.94979079497908,5.53359683794465,-1.19999999999999,0.596421471172967,-1.41129032258065,-0.404858299595133,-6.92640692640693,-0.434782608695662,0.862068965517242,-3.1111111111111,-1.80995475113122,0.0,1.11856823266219,-0.675675675675661,-0.680272108843543,0.0,-2.3201856148492,-6.68316831683167,-1.2531328320802,-0.757575757575764,-1.53846153846154,0.76335877862596,1.75,-1.01010101010101,0.502512562814071,1.97044334975369,-3.30788804071245,-0.51150895140665,0.761421319796949,-0.767263427109969,-1.55844155844156,2.03562340966921,-1.02827763496144,0.256410256410251,-10.4815864022663,-1.14613180515758,-4.49101796407187,-5.69620253164556,8.93371757925072,3.8781163434903,-1.9774011299435,5.09383378016086,1.84210526315789,-2.42587601078167,4.87179487179487,1.26582278481013,3.42298288508557,13.3474576271186,-4.88888888888888,4.05117270788913,-13.5593220338983,-3.50877192982455,6.11764705882352
0,0,0,0.221729490022168,-0.222222222222217,10.0,0.0,-0.200400801603202,-1.01214574898785,1.19999999999999,-0.200400801603202,-1.62932790224033,-9.11111111111111,-8.17307692307692,-0.726392251815987,-1.97530864197531,3.57142857142858,-0.238663484486868,9.11062906724512,6.49087221095334,-2.07039337474119,3.4,-1.6260162601626,10.3825136612022,-3.58490566037737,-5.78842315369262,-0.602409638554204,0.598802395209568,-0.602409638554204,-0.201207243460778,0.600000000000005,-2.24948875255624,2.00400801603208,-3.95833333333334,-5.96026490066224,3.61702127659574,1.87891440501044,2.24489795918368,0.0,-0.823045267489713,6.89655172413792,4.74452554744527,3.85964912280701,-5.94795539033458,2.53623188405797,8.00000000000001,2.2801302931596,4.65838509316771,-3.87096774193549,-3.33333333333334,2.43902439024391,0.646203554119548,-1.97693574958814,4.55974842767296,0.93457943925233,-2.06677265500795,0.158730158730155,0.787401574803147,-5.13245033112582,0.657894736842106,-0.66225165562914,6.35658914728682,1.5267175572519,0.757575757575755,5.98290598290598
0,0,-3.07692307692308,5.10948905109489,2.14285714285715,-0.143061516452071,-3.2496307237814,3.28571428571429,3.84615384615385,-4.0,-3.7037037037037,-4.16666666666666,-1.09204368174727,-2.88924558587479,4.3010752688172,-18.3636363636364,-7.21247563352827,5.52486187845304,0.912408759124101,-2.23880597014926,-2.0952380952381,0.379506641366216,-2.92968749999999,-4.06504065040651,-3.57894736842105,-5.55555555555556,5.46218487394958,4.8,-1.83299389002036,3.53634577603143,-1.39442231075698,1.56862745098039,-2.82258064516128,1.78217821782178,0.785854616895875,1.16504854368933,2.27703984819733,-0.380952380952373,-5.21042084168336,4.58891013384322,0.570342205323182,2.5925925925926,-3.05343511450382,-1.74757281553398,8.68794326241134,-1.80505415162454,-2.97397769516729,10.3333333333333,1.80032733224223,-1.83333333333334,3.06946688206786,-1.47540983606559,-3.38983050847456,-2.60869565217392,-3.41726618705037,1.41843971631206,4.56852791878173,-2.78260869565218,2.37691001697792,-5.55555555555555,-4.10447761194029,-2.0952380952381,-0.190839694656484,-1.55038759689923,4.08921933085501
0,0,-0.727272727272728,1.07913669064748,-1.09090909090908,-0.917431192660547,2.32974910394265,-2.0109689213894,3.86643233743411,2.90102389078498,0.84602368866328,-1.54639175257732,-4.86486486486487,4.63917525773197,-4.48833034111311,-6.90978886756239,-0.192307692307688,2.07156308851223,4.83870967741936,1.23893805309735,0.877192982456137,-0.175746924428819,-1.60714285714287,-1.44927536231884,-8.8757396449704,1.55339805825243,3.73831775700933,0.186567164179117,-3.07692307692308,-1.76125244618395,15.953947368421,-3.75426621160409,1.34680134680135,-7.2202166064982,-1.65137614678899,1.26811594202897,-1.28440366972476,-3.80952380952381,4.19708029197081,-1.66975881261597,1.82149362477232,-4.57142857142858,5.23465703971119,0.180180180180176,0.359066427289057,-0.723327305605787,-2.78810408921934,0.185528756957324,0.736648250460406,-2.84090909090908,2.40295748613678,-0.557620817843871,-4.87329434697856,3.93258426966292,-3.28820116054158,8.49557522123894,0.877192982456137,-1.06382978723405,3.75426621160411,0.509337860780974,1.00840336134455,2.61865793780688,0.488599348534192,-4.24448217317487,2.64462809917356
0,0,0,0,0.77519379844961,4.3026706231454,0.0,-4.01234567901234,4.70588235294117,-0.443131462333829,0.147492625368742,0.294117647058817,2.85714285714286,8.97269180754227,3.14861460957179,-3.79084967320261,5.55555555555555,-1.50375939849623,-2.30769230769232,-4.27807486631015,4.71337579617833,1.3819095477387,-1.53061224489796,-1.55440414507772,-9.34844192634561,2.62068965517242,2.68456375838926,0.134048257372651,1.71277997364954,0.0,-2.01612903225806,-3.19001386962553,3.73831775700935,-1.35317997293641,-3.93811533052038,-3.64431486880466,-7.86163522012579,2.15384615384615,0.306748466257662,0.153139356814712,4.67153284671532,2.14285714285715,-3.09278350515464,3.0,0.0,0.426742532005693,-3.68731563421829,-4.14746543778803,-5.16962843295637,-1.47540983606559,6.44171779141104,-10.6960950764007,1.83333333333334,1.63934426229508,2.40000000000001,-2.79605263157895,-5.73913043478261,2.37691001697792,1.99667221297837,3.84,-0.806451612903223,5.19877675840978,-1.3953488372093,-2.8708133971292,2.03125000000001
0,0,0,0,1.94610778443114,-2.76923076923076,-2.84810126582278,-1.28205128205128,1.57728706624605,-3.76432078559737,3.16957210776544,4.24886191198786,2.94550810014728,0.875912408759118,-4.90045941807043,4.25219941348974,3.67231638418079,-0.283286118980177,3.15500685871057,1.75202156334232,-1.64383561643836,-3.39943342776204,0.423131170662909,2.20689655172414,0.137741046831953,-0.137931034482756,-2.83687943262412,0.843881856540091,-2.89435600578871,2.26308345120226,1.39470013947001,-1.84659090909091,-2.62390670553935,-0.29239766081872,3.25318246110326,-3.36257309941521,-0.293255131964803,9.06666666666666,-1.76390773405699,-0.958904109589045,0.409276944065488,-1.24309392265193,-3.28102710413695,2.77392510402219,1.50273224043716,-3.09859154929578,2.2038567493113,1.22448979591837,-2.36768802228412,-0.419580419580411,0.694444444444442,4.38247011952191,4.68354430379747,2.46913580246913,-2.79187817258883,-2.87206266318538,-1.32275132275133,2.07253886010363,2.15462610899873,0.378787878787882,1.36986301369862,-3.34620334620334,1.52091254752852,-0.637755102040814,-2.34986945169712
0,0,-2.23097112860892,-0.131406044678052,-4.67675378266851,-0.972222222222214,-1.83875530410184,-0.568990042674254,-1.88405797101449,1.7094017094017,-7.17557251908397,0.152439024390241,3.52941176470589,-10.5691056910569,0.806451612903223,-3.50584307178631,-7.7338129496403,9.59349593495936,-2.15946843853822,-1.68918918918918,2.31023102310231,-0.497512437810935,-4.86956521739131,2.37691001697792,-3.69718309859155,-7.77988614800759,0.566037735849061,8.46286701208981,0.344234079173831,-3.19715808170515,3.92491467576792,3.93442622950819,2.71132376395534,6.13772455089821,-3.72670807453415,4.87444608567207,-4.4753086419753,-3.84615384615385,0.0,-1.13452188006483,3.13971742543171,-5.8139534883721,0.495867768595045,-0.498338870431898,3.68000000000001,0.0,1.26382306477093,-4.11184210526316,2.72,1.10759493670887,3.51145038167938,0.0,-1.23647604327666,3.7202380952381,5.48523206751056,-3.49344978165939,4.3175487465181,-7.8078078078078,-0.301204819277115,-1.84049079754601,-3.49206349206349,3.81679389312977,2.09267563527654,-1.51745068285282,-1.54083204930662
0,0,0.300300300300307,3.89610389610389,-5.47945205479451,-4.28571428571429,5.12048192771084,-1.52905198776758,-6.16883116883117,-1.81818181818182,3.96825396825397,2.77777777777779,-3.68000000000001,3.54938271604939,-3.84615384615385,-0.321543408360136,-0.322580645161283,3.72670807453416,0.155038759689919,-4.53808752025932,5.22273425499232,4.12371134020619,6.47382920110193,2.81124497991968,-0.26845637583892,0.0,1.32450331125827,-0.666666666666664,-0.267379679144379,0.927152317880787,-2.02702702702702,-0.271002710027107,-3.79746835443037,1.25,-1.26582278481012,0.55944055944056,-1.13154172560113,3.01783264746227,0.13698630136986,0.273224043715853,0.136425648021825,-4.2674253200569,3.03448275862069,-2.25669957686883,0.421348314606745,-2.44604316546762,-1.31195335276968,4.58970792767733,-1.41043723554303,-0.141242937853104,4.83870967741936,0.13422818791946,-2.05479452054795,-2.96191819464034,-0.424929178470258,0.0,3.28767123287672,3.82081686429513,1.04302477183833,-3.09139784946236,3.37662337662337,0.388098318240624,1.52866242038216,-1.15979381443299,-4.86486486486486
0,0,0,0,0,-0.997150997151001,0.847457627118651,-3.96475770925111,4.75524475524477,-3.47322720694646,-0.144927536231881,-0.729927007299281,2.14285714285715,6.04026845637584,-2.75862068965517,-3.12944523470839,-0.428571428571432,-1.89228529839883,-1.62721893491125,5.71827057182706,-2.42857142857143,-3.24483775811209,-1.19402985074627,3.59712230215827,-0.724637681159418,-1.47058823529413,2.01729106628243,2.11565585331452,-2.75362318840579,-7.30948678071541,-2.06349206349206,3.2258064516129,-3.99361022364217,-1.1308562197092,-2.14521452145216,-5.20833333333333,1.87393526405452,-5.76576576576577,1.59574468085106,9.47030497592296,-0.483870967741939,-8.7719298245614,4.20168067226891,-4.75352112676057,-1.97486535008976,1.06571936056838,-2.17785843920145,-4.3560606060606,-6.45161290322581,7.97773654916512,0.369685767097975,7.99319727891156,-5.94594594594595,-4.51977401129944,-0.95057034220532,1.49812734082397,-0.754716981132076,-1.92307692307692,-0.386100386100395,-1.76817288801571,3.41555977229601,-7.55102040816325,6.13026819923371,-2.15264187866926,-0.590551181102367
0,0,-5.61555075593952,1.48936170212767,-1.0752688172043,-8.13953488372094,-1.17647058823529,5.55555555555556,-2.50569476082005,-3.78250591016547,2.08333333333333,-2.36966824644551,2.31481481481483,-2.12765957446808,6.82819383259911,-3.41685649202734,2.44444444444445,-3.44827586206897,1.13636363636365,-4.76190476190477,3.89016018306636,2.88888888888889,-1.80995475113122,8.86597938144329,0.0,-5.20607375271148,2.94736842105262,-2.59179265658748,2.93501048218029,-1.92307692307692,-9.34579439252335,4.67706013363029,6.06694560669456,4.20841683366733,1.96463654223968,-2.20883534136545,1.38613861386137,-0.798403193612775,-4.81171548117154,6.27450980392156,-1.59362549800797,-4.14937759336098,4.55445544554455,0.0,-8.36909871244634,-0.215053763440856,-2.87610619469028,-2.72727272727271,-0.686498855835246,-0.459770114942539,-0.46189376443417,1.36674259681093,5.18358531317495,2.73109243697479,0.833333333333334,-1.69491525423729,-1.50537634408601,3.12499999999999,-3.22580645161289,0.852878464818764,-0.860215053763442,6.43863179074445,1.58415841584159,-2.22672064777327,-2.06611570247935
0,0,-4.48979591836734,-4.25531914893617,7.29783037475345,6.11111111111111,0.735294117647059,-1.49253731343284,3.07414104882459,9.19540229885057,0.814332247557,-3.02013422818791,7.5968992248062,-9.13705583756345,3.43137254901961,-2.85714285714286,-1.88356164383562,0.511073253833054,-2.44328097731239,-2.50447227191414,2.27272727272727,-2.14285714285715,-1.81818181818181,-10.4417670682731,-2.25872689938399,-0.205761316872424,-3.62473347547974,-1.7353579175705,6.49087221095334,-4.44915254237288,0.840336134453782,-2.14592274678111,0.639658848614078,-1.29589632829375,-3.34821428571427,0.665188470066505,-0.44543429844097,-0.898876404494383,-0.22522522522522,-2.0689655172414,0.91116173120729,-0.45766590389015,1.79775280898877,3.470715835141,-2.90178571428571,1.96936542669584,0.218340611353707,-2.00445434298441,4.46808510638298,2.69151138716356,-3.6480686695279,-3.55555555555556,-3.44827586206897,4.81400437636763,-2.92792792792793,0.892857142857143,-5.41176470588236,1.3921113689095,0.691244239631342,0.913242009132421,-2.09790209790209,-8.06045340050377,-3.92670157068064,3.77833753148615,1.9753086419753
0,0,0,-10.8695652173913,-7.28862973760933,6.02739726027397,-0.274725274725269,-7.6923076923077,0.0,0.588235294117648,5.02793296089386,2.9810298102981,-1.37362637362637,3.19148936170212,-1.07526881720429,-1.08695652173913,5.15463917525773,0.0,-3.46666666666666,-4.45682451253482,8.1841432225064,2.00501253132832,-4.7244094488189,6.84596577017114,2.85035629453682,0.941176470588236,1.62037037037038,0.230946882217085,-1.40515222482437,1.83908045977012,0.684931506849321,-2.33644859813083,-0.705882352941182,-3.65853658536586,1.20481927710845,-1.21951219512197,0.243309002433106,-3.00751879699248,-2.0460358056266,0.255102040816321,-6.81198910081744,0.810810810810817,2.11640211640211,5.26315789473685,2.20588235294117,0.48780487804877,2.38095238095239,0.237529691211396,1.6355140186916,0.0,-1.90476190476191,-5.0,0.249376558603486,-1.26262626262626,-5.31914893617022,-1.62162162162161,5.37084398976982,-0.256410256410262,-0.775193798449607,-0.781250000000007,-3.78378378378377,-1.36986301369864,0.0,0.0,4.1994750656168
0,0,0,0,1.55038759689923,4.20792079207921,0.980392156862746,-0.24570024570024,-1.24378109452738,-3.07692307692307,-0.257069408740354,0.0,-0.257731958762893,0.767263427109981,-3.98936170212767,1.31233595800526,1.29533678756476,0.515463917525774,0.767263427109981,2.25,0.0,0.0,0.0,-2.30179028132992,1.0126582278481,-1.80412371134021,-4.86486486486486,0.0,2.63157894736841,-0.52910052910053,-2.16216216216215,5.37084398976982,2.00501253132832,0.498753117206972,-2.29591836734693,-1.29198966408268,10.4166666666667,-2.85714285714286,-0.719424460431661,0.71428571428572,-2.43902439024392,3.52941176470589,-1.43198090692123,0.475059382422793,2.09302325581395,8.11965811965812,2.5,1.43737166324436,1.21703853955374,-0.203252032520321,-0.408163265306114,-2.51046025104603,-0.631578947368426,11.0486891385768,7.45233968804159,-8.66290018832392,1.1173184357542,3.41726618705035,-1.09090909090908,-2.99625468164794,-1.90839694656488,4.55373406193078,1.08108108108107,-0.180505415162451,-2.40295748613678
0,0,0,0.709219858156029,-8.46153846153845,-5.05050505050505,1.78571428571428,-3.06748466257669,0.0,5.78034682080926,-2.56916996047432,5.77281191806332,0.371057513914649,-2.86259541984732,-0.76923076923077,-3.37972166998012,0.592885375494059,0.784313725490197,0.778210116731518,2.0952380952381,-3.75494071146246,4.16666666666668,-6.02409638554216,1.96850393700787,1.35922330097088,-2.79441117764472,-2.24489795918366,-2.51046025104603,-5.98669623059868,-0.222222222222217,3.01724137931034,3.73443983402491,-0.416666666666676,0.414937759336109,2.2312373225152,1.79282868525896,-5.02092050209204,-2.57510729613734,5.47667342799188,1.40000000000001,-3.95010395010396,3.80000000000001,1.5748031496063,-0.395256916996057,-7.88912579957354,-0.860215053763442,1.27388535031846,3.28542094455852,-1.88284518828452,-5.75221238938055,-5.607476635514,5.30973451327432,4.23728813559322,-5.82959641255605,-4.69483568075118,-2.65060240963854,5.25114155251141,-0.921658986175116,0.0,3.12500000000001,-5.41176470588236,-3.65853658536586,6.81818181818183,-0.227790432801838,0.90293453724605
0,0,0,0.236406619385359,-0.954653937947495,-2.44498777506114,2.61904761904763,-4.21836228287841,-6.05263157894738,-1.06382978723404,-0.266666666666661,3.59897172236504,8.25471698113208,-7.61421319796955,-3.41207349081365,9.50118764845605,3.21839080459769,-2.11267605633802,-3.14769975786925,7.39910313901346,-1.13378684807256,0.0,-9.42928039702233,0.0,-0.248756218905489,-2.29007633587785,-5.92991913746631,-0.815217391304342,2.12765957446808,-1.8970189701897,5.38461538461538,-1.03626943005181,3.01507537688442,-0.251889168765738,-0.761421319796961,-4.7872340425532,3.58974358974359,0.255754475703331,0.0,0.761421319796949,1.00502512562814,0.99502487562188,5.85480093676815,-2.15311004784689,2.79069767441861,4.23162583518932,-5.15222482435599,-4.40097799511002,-4.07124681933841,-4.24403183023873,2.33160621761658,-0.520833333333334,-0.26109660574412,-2.13333333333334,-2.17983651226158,4.17754569190601,-0.261780104712048,-2.96495956873315,-0.542005420054201,0.270270270270277,1.06951871657754,1.57894736842104,0.0,-0.795755968169756,-2.1680216802168
0,0,0,1.84696569920844,2.5706940874036,-2.0997375328084,1.03896103896104,2.77777777777777,0.251889168765749,4.56730769230769,2.11764705882353,-0.950118764845607,0.236966824644545,0.705882352941182,-2.65700483091788,-1.9704433497537,-5.45454545454544,-1.85185185185186,0.0,1.81818181818183,2.28426395939086,2.47524752475248,-1.2531328320802,1.48148148148147,-1.50375939849623,2.20588235294117,0.48780487804877,-2.49999999999999,-0.250626566416035,0.249999999999995,2.20048899755501,-1.48883374689825,0.247524752475242,1.22249388753056,-2.76381909547738,0.250626566416046,0.0,-0.757575757575764,-2.06185567010309,0.0,-4.02144772117962,0.0,1.84210526315789,-2.42587601078167,-0.270270270270265,2.63157894736841,1.80878552971577,-2.11081794195251,-5.27777777777778,-2.85714285714286,-1.44927536231884,0.576368876080692,1.69971671388101,1.67130919220056,1.10192837465565,-4.91329479768786,2.53521126760563,2.47252747252748,2.67379679144385,-3.60110803324101,2.69541778975741,0.536193029490617,-1.63487738419619,-1.66204986149585,2.1680216802168
0,0,0,0,0,3.04709141274238,-2.84900284900285,-0.28571428571428,1.12994350282486,-0.283286118980177,0.282485875706221,-3.81231671554252,-3.02114803625378,-0.30303030303031,0.302114803625385,-2.79503105590062,3.59281437125748,2.90697674418605,-7.83699059561129,3.33333333333333,6.51558073654391,7.83289817232377,-0.789473684210533,4.28211586901764,0.25125628140703,0.5,-0.250626566416035,1.48148148148147,-1.50375939849623,-0.503778337531487,-0.761421319796961,0.253164556962031,0.252525252525247,1.73697270471465,-0.498753117206994,2.66990291262137,-5.91259640102828,9.95370370370371,-1.40845070422536,2.73972602739726,-5.54216867469878,-0.484261501210665,-0.731707317073177,-2.49999999999999,0.744416873449138,7.78032036613272,-9.25,-4.98687664041995,3.78787878787879,0.502512562814071,-4.73684210526316,-1.33333333333333,2.34375,-2.94906166219839,-0.26881720430107,0.53475935828877,1.83727034120734,-0.7936507936508,3.07692307692308,-0.775193798449607,-2.65251989389921,-2.44565217391304,-0.272479564032704,-1.10192837465565,-0.276243093922646
0,0,0,-1.40845070422536,0.280898876404501,-0.56497175141243,-1.14285714285714,-3.55029585798817,-4.32098765432098,9.24369747899159,1.38121546961327,-0.277008310249314,-0.277777777777772,0.552486187845304,0.0,-0.277008310249314,0.824175824175831,3.44827586206896,1.0498687664042,-0.263157894736848,-8.26210826210826,-3.23529411764705,0.584795321637427,2.84090909090909,3.56164383561644,-2.24089635854342,-1.13314447592068,-1.14613180515758,-6.72782874617738,3.8235294117647,-3.3434650455927,2.94985250737463,-1.49700598802396,-1.21212121212121,1.19760479041916,1.76470588235294,1.16279069767442,-0.584795321637427,-1.18343195266272,-0.895522388059696,0.887573964497036,-2.42424242424243,-1.22699386503068,-0.307692307692301,-1.24610591900312,-0.626959247648903,-4.24836601307189,-2.0,1.63934426229508,0.0,-1.66666666666666,0.990099009900984,-1.33779264214045,2.92207792207792,7.2289156626506,-2.78637770897832,2.12121212121212,1.78571428571429,-2.4390243902439,-0.923076923076917,-1.88087774294671,1.84615384615385,-1.56249999999999,0.311526479750772,-0.312499999999993
0,0,0,0.300300300300307,0.0,-0.604229607250756,-3.11526479750779,-0.312499999999993,4.19161676646706,-0.300300300300294,0.597014925373135,0.297619047619041,-0.598802395209581,0.595238095238096,0.0,-0.900900900900895,-0.604229607250756,2.9325513196481,-3.96341463414635,-0.613496932515338,-2.51572327044024,1.54798761609907,0.0,-4.53074433656958,1.2779552715655,1.88087774294671,-2.57234726688103,1.89274447949527,0.937500000000008,-0.628930817610063,0.313479623824445,-1.59235668789808,0.632911392405064,-3.60655737704919,1.92926045016077,-1.30293159609121,0.647249190938512,1.2779552715655,2.18750000000001,0.928792569659437,-0.623052959501558,-1.58227848101265,0.940438871473348,-0.630914826498423,-0.634920634920636,-0.318471337579611,-0.319488817891381,0.318471337579625,3.38461538461538,-2.84810126582278,0.940438871473348,-0.630914826498423,0.314465408805039,1.85185185185185,-2.85714285714287,1.25391849529781,0.623052959501558,2.13414634146341,0.90634441087614,2.07100591715976,3.15186246418339,4.6448087431694,-3.97727272727273,-1.73410404624278,0.859598853868202
0,0,0.288184438040352,-5.15151515151516,4.34782608695653,1.7094017094017,2.77008310249308,4.24403183023873,0.789473684210521,2.81329923273658,1.0126582278481,-6.4690026954178,-1.64383561643836,2.14477211796247,-1.63487738419619,-3.08988764044943,1.11111111111111,7.69230769230769,1.51515151515152,-0.25316455696202,1.25,-2.04081632653061,-8.58725761772853,-1.9774011299435,-5.04451038575667,-0.597014925373135,2.33236151603499,-0.29239766081872,-1.18343195266272,1.74418604651163,-7.49999999999999,-1.26582278481013,0.628930817610063,-4.95049504950496,4.41640378548896,-4.96688741721854,-1.34228187919463,-2.75862068965517,-2.11267605633803,9.26517571884984,-5.74324324324324,6.9182389937107,6.19469026548672,2.30547550432277,-3.58208955223881,-4.6875,3.03030303030302,2.94117647058824,3.95480225988701,-3.2069970845481,-2.69461077844312,1.76470588235294,0.293255131964816,-7.91139240506329,2.16718266253869,-9.12162162162162,2.31023102310231,2.57234726688103,-0.974025974025968,0.96463022508038,-0.322580645161283,-1.63934426229509,4.08805031446542,-4.95049504950496,0.655737704918033
0,0,0,0,0,0.694444444444445,-1.05263157894736,2.3972602739726,-3.18021201413427,2.41379310344827,0.684931506849316,-2.0979020979021,-7.11610486891386,3.26086956521739,-4.15094339622641,1.85185185185186,-1.8867924528302,0.0,-7.72357723577236,-0.408163265306114,0.0,-1.23966942148761,-2.97872340425531,0.843881856540085,-4.40528634361234,-3.65296803652968,-6.82926829268293,0.966183574879228,-9.52380952380952,2.57731958762887,3.96039603960396,-0.497512437810957,3.36538461538463,-1.46341463414635,-6.77083333333333,6.34146341463414,-1.99004975124378,-0.499999999999989,-0.502512562814071,0.0,0.0,0.0,-4.73684210526316,-2.15053763440859,-8.77192982456141,5.0,-5.88235294117648,-3.03030303030303,0.0,-25.0,5.7142857142857,12.5,5.88235294117646,23.7668161434978,-8.78048780487806,-5.6701030927835,9.34579439252337,1.38248847926266,6.86695278969958,-4.48430493273543,0.0,-3.24074074074073,-8.00000000000001,0.990099009900991,7.76255707762557
0,0,-1.92307692307692,2.34741784037558,-4.41176470588235,-3.55329949238579,-5.91397849462365,5.10204081632652,1.50753768844221,-1.53061224489796,-3.15789473684211,-6.14525139664804,3.24324324324325,5.61224489795918,7.54716981132076,-1.92307692307692,5.45454545454546,-1.85185185185185,0.0,-4.34782608695654,-0.485436893203873,0.0,1.90476190476191,5.82959641255605,-5.18867924528301,1.85185185185185,-4.34782608695654,-1.9704433497537,-3.04568527918781,1.5,2.43902439024389,-1.48514851485148,-1.50753768844221,1.97044334975369,5.14018691588787,1.38248847926266,-3.33333333333333,-0.478468899521542,-0.966183574879228,-0.485436893203873,-5.10204081632654,5.31400966183574,1.8957345971564,-0.476190476190466,3.6697247706422,-3.31753554502371,0.938967136150236,-4.92610837438424,-0.995024875621892,-6.34920634920634,-19.6202531645569,8.13953488372093,10.4166666666667,-1.58730158730159,-1.06951871657753,-0.537634408602151,0.0,4.61538461538461,0.510204081632654,-4.25531914893617,-6.81818181818181,2.22222222222222,-3.44827586206897,-8.74999999999999,-3.8961038961039
0,0,5.81395348837209,-10.9677419354839,10.4046242774566,2.80898876404495,0.558659217877095,6.282722513089,-3.80434782608695,4.16666666666666,1.03092783505155,3.48258706467661,-4.14507772020725,9.38967136150235,3.61990950226245,2.6431718061674,0.0,1.73160173160173,1.70212765957447,-1.73160173160173,2.94117647058823,3.25203252032521,4.65116279069768,-11.2068965517241,0.429184549356233,7.53968253968254,-42.3728813559322,14.4927536231884,12.2881355932203,1.25523012552302,4.4,0.793650793650794,-2.85714285714285,1.60642570281125,-7.7922077922078,-9.478672985782,-4.97512437810946,-1.00502512562813,-4.18848167539267,5.44554455445545,-5.75916230366493,5.44554455445545,-8.6021505376344,-2.1978021978022,4.21052631578947,-5.55555555555555,-3.44827586206897,0.571428571428572,0.568181818181819,15.3846153846154,-1.96078431372549,-3.55329949238579,0.0,4.83091787439613,-10.6951871657754,11.3744075829384,-0.476190476190466,-5.52763819095478,-14.367816091954,1.69491525423729,-1.14285714285714,1.68539325842697,-1.13636363636364,1.12359550561798,-2.29885057471265
0,0,-30.8333333333333,-11.1111111111111,-18.6813186813187,2.1505376344086,-2.1978021978022,5.20833333333333,28.8888888888889,-3.05343511450382,-21.2962962962963,14.9606299212598,-4.09836065573771,14.0845070422535,9.55414012738854,-6.08108108108109,-7.24637681159421,-5.34351145038167,-14.9122807017544,17.9856115107914,-2.96296296296295,3.57142857142856,10.828025477707,6.54761904761904,4.0,-2.33918128654971,-0.588235294117648,-3.03030303030303,0.0,-3.77358490566037,-15.2173913043478,7.38255033557048,-14.6153846153846,0.0,6.47482014388488,-18.8034188034188,-10.377358490566,13.1147540983606,14.0845070422535,-13.6,17.2185430463576,11.6959064327485,-1.18343195266272,3.42857142857143,3.31491712707183,-5.23255813953489,1.71428571428572,1.12994350282486,-3.50877192982456,2.28571428571429,-7.36196319018406,-7.23684210526315,-4.82758620689656,0.0,-0.694444444444445,4.0,6.25000000000001,-17.6470588235294,-3.03030303030303,2.22222222222222,2.87769784172661,-15.8333333333333,4.76190476190477,9.99999999999999,2.77777777777778
0,0,0,0,0,6.9620253164557,-3.94736842105263,5.59006211180125,-18.3823529411765,-4.61538461538462,9.72222222222222,-16.1290322580645,3.125,11.1111111111111,-24.1379310344828,10.7692307692308,-8.33333333333334,0.826446280991736,-0.833333333333334,6.25000000000001,4.47761194029851,-8.94308943089432,-3.36134453781513,17.9310344827586,0.684931506849316,-5.79710144927537,9.80392156862746,7.27272727272727,2.94117647058824,-10.3896103896104,-6.20689655172414,2.68456375838926,-9.55882352941176,-8.80000000000001,-7.75862068965518,-5.45454545454544,0.0,2.65486725663715,5.83333333333334,-21.2121212121212,-5.31914893617022,-2.17391304347825,-8.23529411764707,10.5263157894737,7.76699029126214,-14.4444444444444,11.7647058823529,-13.3333333333333,10.0,-5.26315789473685,5.0,-3.09278350515464,-6.59340659340659,13.3333333333333,-1.94174757281554,0.0,-7.29166666666667,5.88235294117648,-5.15463917525774,3.0,13.0434782608696,-13.8613861386139,-2.02020202020202,9.17431192660551,0.90909090909091
0,0,0,3.96039603960396,-1.0,0.0,4.76190476190477,7.0796460176991,-11.8811881188119,-3.06122448979592,5.76923076923077,-1.96078431372549,3.77358490566038,-7.07070707070708,7.4766355140187,-2.88461538461539,-5.05050505050506,6.60377358490567,-6.00000000000001,11.5044247787611,4.23728813559322,-7.27272727272726,4.34782608695651,10.8527131782946,-4.03225806451613,0.0,-3.33333333333334,10.4477611940299,4.28571428571427,-15.702479338843,-11.0091743119266,3.53982300884954,3.41880341880342,8.59375000000001,-3.22580645161291,0.800000000000001,-8.69565217391305,-2.67857142857141,2.6086956521739,-3.60360360360359,8.26446280991734,12.9496402877698,9.15032679738563,-10.0719424460432,0.714285714285715,4.76190476190477,-5.75539568345324,-1.45985401459853,0.0,-2.23880597014926,2.18978102189781,2.14285714285713,-8.52713178294573,-6.61157024793389,-0.833333333333334,5.51181102362205,-6.72268907563026,-2.58620689655173,1.69491525423729,-1.72413793103448,2.52100840336135,16.7832167832168,-13.4920634920635,-1.61290322580645,3.125
0,0,1.63934426229508,-5.17241379310345,-2.65486725663717,0.0,1.73913043478261,12.8787878787879,2.22222222222222,2.87769784172661,0.0,-8.59374999999999,8.57142857142856,1.40845070422535,-7.57575757575756,5.7142857142857,3.44827586206897,2.68456375838926,-2.75862068965517,-2.11267605633803,0.6993006993007,-7.51879699248119,2.91970802919708,6.80272108843536,-5.0,-3.70370370370369,1.45985401459854,0.724637681159405,-6.15384615384614,4.41176470588236,1.44927536231883,-5.34351145038167,-3.1496062992126,3.78787878787879,5.03597122302157,1.41843971631206,6.00000000000001,1.96078431372549,0.64935064935065,0.0,2.53164556962026,-6.04026845637584,1.32450331125828,-11.8518518518518,4.25531914893616,0.704225352112677,5.96026490066226,-0.666666666666667,2.5974025974026,3.14465408805032,-2.58064516129032,4.32098765432099,38.4030418250951,-6.91056910569105,-9.82142857142856,5.08474576271185,-0.425531914893608,-1.29310344827587,-1.75438596491228,-6.54205607476634,-5.41871921182268,9.37500000000002,-2.75229357798165,-2.3474178403756,-9.23076923076923
0,0,-0.537634408602151,-1.63934426229508,1.08108108108108,-4.51977401129944,-18.0,2.5974025974026,-1.98675496688742,1.30718954248366,0.0,2.54777070063694,7.64705882352941,-5.59006211180123,-3.87096774193549,0.641025641025642,-0.645161290322581,-1.30718954248366,1.29032258064516,1.27388535031847,-3.28947368421053,-16.030534351145,3.6764705882353,8.72483221476509,-7.19424460431655,5.4421768707483,-0.684931506849316,0.0,0.0,2.01342281879195,-7.19424460431655,8.55263157894738,1.2987012987013,-0.653594771241831,-0.657894736842106,-2.01342281879195,0.666666666666667,6.25000000000001,1.840490797546,-9.39597315436241,-3.47222222222222,7.6923076923077,1.26582278481013,4.24242424242423,-2.48447204968943,4.16666666666666,1.75438596491228,-0.588235294117648,4.49438202247191,1.65745856353591,-0.555555555555556,-1.69491525423729,1.11731843575419,1.10497237569061,1.09289617486339,4.68749999999999,0.518134715025907,-0.520833333333334,-2.12765957446809,0.0,0.0,-8.67052023121387,0.0,-1.76470588235294,1.73410404624278
0,0,0,0,0,0.537634408602151,5.10204081632652,2.97029702970297,-1.0,1.47783251231526,-0.995024875621892,1.95121951219512,1.4423076923077,-5.58375634517767,12.4444444444444,-5.63380281690141,-2.40384615384615,-6.12244897959184,-10.7344632768362,7.8125,-6.07734806629834,-1.68539325842697,7.29166666666666,0.0,-7.26256983240223,-8.48484848484849,7.30337078651686,-4.09356725146199,-1.78571428571429,12.5,-0.523560209424084,-0.526315789473685,-1.06382978723404,-2.17391304347825,4.16666666666666,2.53807106598985,-7.06521739130434,3.1578947368421,-2.70270270270269,-2.77777777777778,-0.558659217877095,-0.561797752808989,-0.56497175141243,0.561797752808989,-1.13636363636364,1.12359550561798,-11.9496855345912,-0.632911392405064,3.65853658536584,-6.49350649350648,-0.653594771241831,-7.74647887323944,-10.9375,8.57142857142856,-8.52713178294573,0.76923076923077,5.10948905109489,0.724637681159405,4.16666666666667,-0.6993006993007,2.72108843537415,4.54545454545455,6.09756097560975,-10.0671140939597,1.32450331125828
0,0,0,0.625000000000001,0.621118012422361,-2.54777070063694,-1.29032258064516,-2.64900662251656,5.03144654088051,0.0,-3.92156862745098,3.16455696202532,-1.93548387096774,0.641025641025642,-0.645161290322581,-0.64935064935065,3.14465408805032,-0.632911392405064,-4.63576158940398,0.0,1.94805194805195,3.75,0.621118012422361,-2.54777070063694,-4.66666666666667,-7.14285714285715,-2.1897810218978,2.8368794326241,4.72972972972973,3.8961038961039,1.91082802547771,-3.28947368421053,0.653594771241831,1.29032258064516,3.125,-4.57516339869281,4.96894409937889,-8.05369127516779,-0.675675675675676,-4.22535211267606,4.05405405405406,-0.680272108843538,-5.0,6.66666666666667,-2.04081632653061,-5.75539568345324,-13.0081300813008,-2.5,0.0,5.51181102362205,1.55038759689923,5.83941605839416,0.724637681159405,-2.22222222222221,1.45985401459854,1.43884892086329,-2.96296296296295,-4.65116279069768,0.76923076923077,-0.775193798449613,5.83941605839416,-7.8740157480315,-4.95867768595042,5.46875,0.775193798449613
0,0,-4.16666666666667,2.4390243902439,0.806451612903226,2.36220472440945,-1.6,4.58015267175573,2.23880597014926,0.0,-8.94308943089432,5.38461538461539,2.25563909774436,0.0,4.31654676258992,5.4421768707483,-0.684931506849316,-1.38888888888889,0.0,-0.6993006993007,5.29801324503312,-1.34228187919463,5.09554140127389,-1.94805194805195,-3.35570469798658,1.32450331125828,-0.666666666666667,0.0,-4.8951048951049,4.66666666666667,-3.44827586206897,3.97350993377484,2.58064516129032,0.0,-8.3916083916084,2.72108843537415,-2.08333333333334,4.0,2.5974025974026,-6.20689655172414,1.36054421768708,-2.08333333333334,0.0,1.36986301369863,0.680272108843538,-1.37931034482759,0.684931506849316,2.01342281879195,-1.36054421768708,1.34228187919463,-3.47222222222222,3.35570469798658,-4.1958041958042,0.0,-0.704225352112677,1.38888888888889,-2.85714285714286,2.77777777777778,-5.10948905109488,7.43243243243242,0.0,1.98675496688742,0.0,5.62500000000001,3.61445783132529
0,0,3.16455696202532,-1.28205128205128,-4.0,6.83229813664597,3.59281437125748,-5.69620253164556,4.81927710843373,1.77514792899408,1.74418604651163,3.91061452513967,-9.81595092024541,7.90960451977402,-2.3121387283237,2.25988700564972,2.20994475138122,-2.84090909090909,-1.14942528735632,0.0,1.69491525423729,-5.98802395209581,-1.82926829268293,-3.79746835443037,7.05882352941176,-4.29447852760737,-4.48717948717948,0.636942675159236,-1.94805194805195,-3.35570469798658,0.0,-2.05479452054795,-2.81690140845071,0.0,-0.709219858156029,2.75862068965517,-2.83687943262412,-1.43884892086331,-1.45985401459853,-1.48148148148148,-3.84615384615385,5.10948905109489,0.724637681159405,-2.98507462686566,-1.51515151515152,2.94117647058824,0.729927007299271,14.375,4.19161676646706,0.0,-0.602409638554217,-7.09677419354838,-3.33333333333334,2.5974025974026,4.34782608695653,-3.20512820512821,1.88679245283019,0.0,0.0,0.625000000000001,0.0,-2.56410256410257,-4.69798657718121,-3.47222222222222,4.0
0,0,0,0,2.64900662251656,31.3636363636364,-10.0,3.84615384615385,-4.52261306532664,4.7846889952153,0.0,1.41509433962265,-5.47263681592041,-3.07692307692307,-4.83870967741935,2.10526315789473,-4.39560439560439,-5.20231213872833,8.46560846560846,-3.84615384615384,-5.8139534883721,-1.77514792899408,5.58659217877095,0.555555555555556,-2.85714285714286,1.12994350282486,0.561797752808989,5.31914893617021,-3.29670329670329,-3.40909090909091,3.82513661202186,6.15384615384615,-4.27807486631015,2.09424083769633,0.520833333333334,-2.12765957446809,-3.86740331491712,-0.555555555555556,1.0989010989011,2.1505376344086,4.12371134020618,-3.74331550802138,1.57894736842104,2.06185567010309,-2.10526315789474,-1.6042780748663,6.03015075376884,-7.56756756756756,-2.77777777777778,0.0,-1.12359550561798,-2.29885057471265,3.33333333333334,2.7027027027027,-3.93258426966292,-1.13636363636364,-2.32558139534884,-1.1764705882353,1.16279069767442,0.578034682080925,1.14285714285714,-1.15606936416185,1.14285714285714,-4.16666666666667,2.89017341040463
0,0,0,2.24719101123596,3.26086956521739,0.0,-2.79329608938548,-2.28571428571429,-2.94117647058824,0.0,-1.19047619047619,0.0,0.591715976331361,0.0,0.0,-1.19760479041916,0.595238095238096,0.591715976331361,0.0,0.0,-0.595238095238096,0.0,-3.06748466257669,-1.24223602484471,0.617283950617284,1.21951219512194,1.20481927710843,2.35294117647059,-4.29447852760737,1.80722891566265,0.598802395209581,-5.03144654088049,-3.92156862745098,-0.657894736842106,-0.66225165562914,0.0,-3.42465753424658,-2.81690140845071,2.73972602739726,-2.81690140845071,1.38888888888889,11.6564417177914,0.0,2.97619047619048,-1.20481927710843,-8.49673202614378,4.96894409937889,-3.87096774193549,-1.97368421052632,-3.40136054421769,2.0,5.06329113924051,-3.94736842105263,-0.66225165562914,-4.13793103448276,0.684931506849316,6.41025641025642,-7.58620689655173,9.37500000000001,10.6145251396648,-5.91715976331361,5.0561797752809,-7.87878787878789,6.25000000000001,-2.32558139534884
0,0,5.6497175141243,-1.14285714285714,-4.79041916167665,-1.82926829268293,2.38095238095238,4.0,-6.70731707317074,6.28571428571429,-1.15606936416185,3.35195530726257,-4.67836257309942,0.0,3.93258426966292,-1.71428571428572,3.84615384615385,-8.33333333333334,0.591715976331361,-0.595238095238096,5.08474576271187,-4.11764705882353,2.85714285714286,-7.36196319018406,-3.1645569620253,-12.8571428571429,0.0,-7.69230769230768,2.25563909774436,2.20588235294118,-1.49253731343284,-7.20000000000001,0.0,-5.04201680672269,0.833333333333334,-1.69491525423729,5.6,5.30303030303031,-5.6,4.58015267175573,9.02777777777777,-2.85714285714286,-2.94117647058822,-6.25000000000001,-4.06504065040651,-2.5,4.0,-0.806451612903226,-5.08474576271187,7.81250000000001,0.0,0.0,0.0,-7.56302521008404,0.0,-4.38596491228071,-3.63636363636362,-12.2448979591837,3.92156862745098,-4.08163265306123,3.92156862745098,-10.8695652173913,2.12765957446808,-2.17391304347825,-8.23529411764707
0,0,0,-7.21649484536083,6.73076923076924,-7.21649484536083,8.49056603773585,-1.92307692307692,7.96460176991149,1.73913043478261,0.0,-8.49056603773584,10.1694915254237,-2.60869565217392,0.0,1.70940170940171,3.30578512396694,-6.14035087719299,4.20168067226891,7.75193798449613,-2.38095238095238,-4.13223140495868,-12.037037037037,0.917431192660551,1.8018018018018,0.892857142857143,-3.70370370370371,4.42477876106193,-1.80180180180178,0.892857142857143,3.44827586206895,-14.8514851485148,4.71698113207548,-2.9126213592233,-1.98019801980198,-1.0,1.96078431372549,0.0,2.85714285714286,-1.94174757281554,4.62962962962963,-0.934579439252337,8.54700854700854,-2.63157894736842,5.0,0.0,0.826446280991736,-1.68067226890756,-6.24999999999999,11.8110236220472,-7.6271186440678,-3.50877192982456,-7.54716981132074,5.35714285714286,-16.6666666666667,4.95049504950495,11.4035087719298,-0.88495575221239,0.877192982456141,1.72413793103448,4.91803278688525,-7.01754385964913,0.869565217391305,10.8527131782946,-3.2
0,0,0,0,2.47933884297521,-0.833333333333334,-3.44827586206897,8.66141732283465,8.63309352517985,3.47222222222222,1.36986301369863,8.17610062893082,2.45398773006134,-16.4285714285714,-2.1897810218978,-3.78787878787879,3.64963503649635,6.80272108843536,-0.684931506849316,7.0063694267516,-5.36912751677853,-2.75862068965517,8.80503144654089,1.85185185185185,2.99401197604789,2.33918128654971,0.0,1.72413793103448,-1.75438596491228,0.0,2.28571428571429,2.77777777777778,1.63934426229508,0.543478260869566,-2.22222222222222,-13.9240506329114,9.71428571428571,2.23463687150838,1.64835164835165,-2.24719101123596,-0.56497175141243,-4.11764705882353,0.0,-7.59493670886075,0.628930817610063,-1.92307692307692,3.70370370370371,3.57142857142856,1.75438596491228,-3.01204819277109,4.59770114942529,-2.35294117647059,1.73410404624278,4.94505494505495,4.71204188481675,-2.13903743315507,-0.537634408602151,-1.08695652173913,1.60427807486631,4.1025641025641,0.0,-3.17460317460318,-0.531914893617022,-1.07526881720429,4.12371134020618
0,0,0,-6.85714285714286,1.12994350282486,-4.73372781065089,-3.04878048780488,2.38095238095238,-3.06748466257669,-1.87499999999999,-1.91082802547771,4.26829268292682,-8.6092715231788,1.94805194805195,0.645161290322581,0.641025641025642,4.29447852760735,2.97619047619048,1.1764705882353,-3.03030303030303,-1.85185185185184,-8.72483221476511,1.97368421052632,3.79746835443038,-2.5974025974026,-0.653594771241831,0.64935064935065,-1.31578947368421,1.2987012987013,-2.66666666666667,-0.671140939597316,1.32450331125828,1.94805194805195,0.645161290322581,-2.64900662251656,6.79012345679013,-6.57894736842106,4.40251572327044,0.625000000000001,0.0,0.621118012422361,-1.25786163522013,0.0,-1.27388535031847,1.875,0.621118012422361,7.47126436781609,-1.75438596491228,3.38983050847458,4.32432432432433,2.11640211640211,-0.531914893617022,2.08333333333334,-1.05263157894737,1.04166666666667,-1.58730158730159,0.0,0.0,1.04712041884817,2.05128205128205,13.716814159292,1.31004366812228,0.434782608695643,-2.22222222222221,3.43347639484979
0,0,0,4.24710424710424,5.81818181818182,-4.16666666666666,-3.52941176470589,7.27272727272728,1.4336917562724,4.77815699658703,6.98412698412698,0.943396226415102,-11.9718309859155,-0.353356890459356,-4.42804428044281,-4.23076923076923,-4.41767068273092,-1.63265306122449,3.54330708661417,2.68199233716474,-9.66386554621849,1.65289256198347,-11.0091743119266,0.4566210045662,3.09734513274336,3.00429184549357,0.851063829787235,-4.91071428571428,-4.18604651162792,3.15315315315317,0.448430493273533,-5.18867924528301,2.75229357798165,4.80349344978165,1.29310344827585,-3.1111111111111,-3.68663594470046,-3.82775119617225,2.33644859813085,0.925925925925927,-0.934579439252337,1.8348623853211,4.38596491228069,-1.33333333333332,-0.446428571428562,0.884955752212371,3.41880341880342,2.09205020920503,1.2396694214876,-3.862660944206,3.7190082644628,1.6260162601626,4.28015564202334,-4.0485829959514,3.13725490196077,1.92307692307693,1.88679245283018,1.11940298507464,-1.90114068441066,-1.15384615384615,-1.5625,-4.48979591836734,-2.08333333333334,-3.44827586206897,3.73443983402491
